{
	"format_version": "1.12.0",
	"minecraft:geometry": [
		{
			"description": {
				"identifier": "geometry.unknown",
				"texture_width": 64,
				"texture_height": 64,
				"visible_bounds_width": 4,
				"visible_bounds_height": 2.5,
				"visible_bounds_offset": [0, 0.75, 0]
			},
			"bones": [
				{
					"name": "bone10",
					"pivot": [0, -25, 0],
					"cubes": [
						{
							"origin": [-0.63972, 10.07024, -7.4125],
							"size": [1.77944, 0.6875, 16.7875],
							"uv": {
								"north": {"uv": [34, 5], "uv_size": [1.75, 0.75]},
								"east": {"uv": [17, 4], "uv_size": [16.75, 0.75]},
								"south": {"uv": [34, 6], "uv_size": [1.75, 0.75]},
								"west": {"uv": [17, 5], "uv_size": [16.75, 0.75]},
								"up": {"uv": [0, 0], "uv_size": [1.75, 16.75]},
								"down": {"uv": [2, 16.75], "uv_size": [1.75, -16.75]}
							}
						},
						{
							"origin": [0.725, 8.375, 2.3875],
							"size": [0.25, 0.3375, 1.9],
							"uv": {
								"north": {"uv": [4, 39], "uv_size": [0.25, 0.375]},
								"east": {"uv": [0, 36], "uv_size": [1.875, 0.375]},
								"south": {"uv": [39, 4], "uv_size": [0.25, 0.375]},
								"west": {"uv": [36, 0], "uv_size": [1.875, 0.375]},
								"up": {"uv": [37, 9], "uv_size": [0.25, 1.875]},
								"down": {"uv": [13, 38.875], "uv_size": [0.25, -1.875]}
							}
						},
						{
							"origin": [0.51999, 13.41178, -6.7],
							"size": [0.13659, 0.50001, 0.325],
							"pivot": [0.57624, 13.75554, -6.5375],
							"rotation": [0, 0, 10],
							"uv": {
								"north": {"uv": [16, 39], "uv_size": [0.125, 0.5]},
								"east": {"uv": [38, 15], "uv_size": [0.375, 0.5]},
								"south": {"uv": [39, 16], "uv_size": [0.125, 0.5]},
								"west": {"uv": [16, 38], "uv_size": [0.375, 0.5]},
								"up": {"uv": [20, 39], "uv_size": [0.125, 0.375]},
								"down": {"uv": [21, 39.375], "uv_size": [0.125, -0.375]}
							}
						},
						{
							"origin": [0.19727, 13.41111, -6.5875],
							"size": [0.10534, 0.36876, 0.0875],
							"uv": {
								"north": {"uv": [22, 39], "uv_size": [0.125, 0.375]},
								"east": {"uv": [23, 39], "uv_size": [0.125, 0.375]},
								"south": {"uv": [24, 39], "uv_size": [0.125, 0.375]},
								"west": {"uv": [39, 24], "uv_size": [0.125, 0.375]},
								"up": {"uv": [39, 30], "uv_size": [0.125, 0.125]},
								"down": {"uv": [31, 39.125], "uv_size": [0.125, -0.125]}
							}
						},
						{
							"origin": [-0.15657, 13.41178, -6.7],
							"size": [0.13659, 0.50001, 0.325],
							"pivot": [-0.07624, 13.75554, -6.5375],
							"rotation": [0, 0, -10],
							"uv": {
								"north": {"uv": [17, 39], "uv_size": [0.125, 0.5]},
								"east": {"uv": [38, 16], "uv_size": [0.375, 0.5]},
								"south": {"uv": [39, 17], "uv_size": [0.125, 0.5]},
								"west": {"uv": [17, 38], "uv_size": [0.375, 0.5]},
								"up": {"uv": [25, 39], "uv_size": [0.125, 0.375]},
								"down": {"uv": [39, 25.375], "uv_size": [0.125, -0.375]}
							}
						},
						{
							"origin": [-0.575, 12.275, -7.10026],
							"size": [0.45, 0.1899, 0.35026],
							"uv": {
								"north": {"uv": [33, 38], "uv_size": [0.5, 0.25]},
								"east": {"uv": [5, 39], "uv_size": [0.375, 0.25]},
								"south": {"uv": [39, 1], "uv_size": [0.5, 0.25]},
								"west": {"uv": [39, 5], "uv_size": [0.375, 0.25]},
								"up": {"uv": [38, 17], "uv_size": [0.5, 0.375]},
								"down": {"uv": [18, 38.375], "uv_size": [0.5, -0.375]}
							}
						},
						{
							"origin": [-0.25, 12.12544, -7.10107],
							"size": [0.875, 0.49017, 0.275],
							"pivot": [0.25, 12.43303, -7.02607],
							"rotation": [-45, 0, 0],
							"uv": {
								"north": {"uv": [37, 15], "uv_size": [0.875, 0.5]},
								"east": {"uv": [2, 39], "uv_size": [0.25, 0.5]},
								"south": {"uv": [16, 37], "uv_size": [0.875, 0.5]},
								"west": {"uv": [39, 2], "uv_size": [0.25, 0.5]},
								"up": {"uv": [10, 38], "uv_size": [0.875, 0.25]},
								"down": {"uv": [38, 10.25], "uv_size": [0.875, -0.25]}
							}
						},
						{
							"origin": [-0.5875, 11.8, -7.3125],
							"size": [1.2375, 0.475, 0.5625],
							"uv": {
								"north": {"uv": [36, 18], "uv_size": [1.25, 0.5]},
								"east": {"uv": [37, 29], "uv_size": [0.625, 0.5]},
								"south": {"uv": [20, 36], "uv_size": [1.25, 0.5]},
								"west": {"uv": [30, 37], "uv_size": [0.625, 0.5]},
								"up": {"uv": [20, 35], "uv_size": [1.25, 0.625]},
								"down": {"uv": [35, 24.625], "uv_size": [1.25, -0.625]}
							}
						},
						{
							"origin": [0.55, 11.8, -7.3125],
							"size": [0.475, 0.5625, 0.5625],
							"pivot": [0.78125, 12.0375, -7.03125],
							"rotation": [-45, 0, 0],
							"uv": {
								"north": {"uv": [31, 37], "uv_size": [0.5, 0.625]},
								"east": {"uv": [37, 24], "uv_size": [0.625, 0.625]},
								"south": {"uv": [37, 31], "uv_size": [0.5, 0.625]},
								"west": {"uv": [25, 37], "uv_size": [0.625, 0.625]},
								"up": {"uv": [32, 37], "uv_size": [0.5, 0.625]},
								"down": {"uv": [33, 37.625], "uv_size": [0.5, -0.625]}
							}
						},
						{
							"origin": [0.1125, 12.25, 7.3],
							"size": [0.275, 1.27767, 0.225],
							"uv": {
								"north": {"uv": [34, 37], "uv_size": [0.25, 1.25]},
								"east": {"uv": [37, 34], "uv_size": [0.25, 1.25]},
								"south": {"uv": [35, 37], "uv_size": [0.25, 1.25]},
								"west": {"uv": [36, 37], "uv_size": [0.25, 1.25]},
								"up": {"uv": [18, 39], "uv_size": [0.25, 0.25]},
								"down": {"uv": [39, 18.25], "uv_size": [0.25, -0.25]}
							}
						},
						{
							"origin": [0.0625, 13.5, 7.3],
							"size": [0.325, 0.325, 0.225],
							"pivot": [0.25, 13.6375, 7.4125],
							"rotation": [0, 0, 45],
							"uv": {
								"north": {"uv": [32, 38], "uv_size": [0.375, 0.375]},
								"east": {"uv": [6, 39], "uv_size": [0.25, 0.375]},
								"south": {"uv": [38, 32], "uv_size": [0.375, 0.375]},
								"west": {"uv": [39, 6], "uv_size": [0.25, 0.375]},
								"up": {"uv": [7, 39], "uv_size": [0.375, 0.25]},
								"down": {"uv": [8, 39.25], "uv_size": [0.375, -0.25]}
							}
						},
						{
							"origin": [-0.32625, 5.95236, 20.74857],
							"size": [1.17888, 5.573, 1.09322],
							"pivot": [0.25, 8.47976, 21.27484],
							"rotation": [-2.5, 0, 0],
							"uv": {
								"north": {"uv": [3, 22], "uv_size": [1.125, 5.625]},
								"east": {"uv": [5, 22], "uv_size": [1.125, 5.625]},
								"south": {"uv": [18, 23], "uv_size": [1.125, 5.625]},
								"west": {"uv": [20, 23], "uv_size": [1.125, 5.625]},
								"up": {"uv": [7, 34], "uv_size": [1.125, 1.125]},
								"down": {"uv": [9, 35.125], "uv_size": [1.125, -1.125]}
							}
						},
						{
							"origin": [-0.2875, 9.0625, 7.9375],
							"size": [1.0625, 0.625, 1.5875],
							"uv": {
								"north": {"uv": [36, 1], "uv_size": [1.125, 0.625]},
								"east": {"uv": [34, 33], "uv_size": [1.625, 0.625]},
								"south": {"uv": [2, 36], "uv_size": [1.125, 0.625]},
								"west": {"uv": [34, 34], "uv_size": [1.625, 0.625]},
								"up": {"uv": [19, 33], "uv_size": [1.125, 1.625]},
								"down": {"uv": [21, 34.625], "uv_size": [1.125, -1.625]}
							}
						},
						{
							"origin": [-0.2875, 8.59276, 7.71595],
							"size": [1.0625, 1.12253, 1.12253],
							"pivot": [0.24375, 9.375, 8.05625],
							"rotation": [-45, 0, 0],
							"uv": {
								"north": {"uv": [24, 34], "uv_size": [1, 1.125]},
								"east": {"uv": [11, 34], "uv_size": [1.125, 1.125]},
								"south": {"uv": [34, 24], "uv_size": [1, 1.125]},
								"west": {"uv": [34, 14], "uv_size": [1.125, 1.125]},
								"up": {"uv": [26, 34], "uv_size": [1, 1.125]},
								"down": {"uv": [27, 35.125], "uv_size": [1, -1.125]}
							}
						},
						{
							"origin": [-0.67161, 9.33992, 9.375],
							"size": [1.57371, 1.57366, 1.69875],
							"pivot": [0.48038, 10.07023, 9.99],
							"rotation": [0, 0, 45],
							"uv": {
								"north": {"uv": [3, 32], "uv_size": [1.625, 1.625]},
								"east": {"uv": [25, 14], "uv_size": [1.75, 1.625]},
								"south": {"uv": [5, 32], "uv_size": [1.625, 1.625]},
								"west": {"uv": [31, 27], "uv_size": [1.75, 1.625]},
								"up": {"uv": [31, 29], "uv_size": [1.625, 1.75]},
								"down": {"uv": [30, 32.75], "uv_size": [1.625, -1.75]}
							}
						},
						{
							"origin": [-0.23334, 10.26992, 11.07375],
							"size": [0.83507, 0.83505, 9.90142],
							"pivot": [0.37795, 10.65745, 11.40009],
							"rotation": [0, 0, 45],
							"uv": {
								"north": {"uv": [22, 35], "uv_size": [0.875, 0.875]},
								"east": {"uv": [17, 16], "uv_size": [9.875, 0.875]},
								"south": {"uv": [30, 35], "uv_size": [0.875, 0.875]},
								"west": {"uv": [17, 17], "uv_size": [9.875, 0.875]},
								"up": {"uv": [11, 17], "uv_size": [0.875, 9.875]},
								"down": {"uv": [17, 27.875], "uv_size": [0.875, -9.875]}
							}
						},
						{
							"origin": [-0.07186, 8.18649, 10.71919],
							"size": [0.66806, 0.66804, 10.42114],
							"pivot": [0.26217, 8.52051, 14.67976],
							"rotation": [-13.3111, 12.96573, 43.48067],
							"uv": {
								"north": {"uv": [37, 25], "uv_size": [0.625, 0.625]},
								"east": {"uv": [22, 12], "uv_size": [10.375, 0.625]},
								"south": {"uv": [26, 37], "uv_size": [0.625, 0.625]},
								"west": {"uv": [22, 13], "uv_size": [10.375, 0.625]},
								"up": {"uv": [10, 20], "uv_size": [0.625, 10.375]},
								"down": {"uv": [16, 31.375], "uv_size": [0.625, -10.375]}
							}
						},
						{
							"origin": [-0.23972, 9.95192, -7.91566],
							"size": [0.95829, 0.95582, 0.50316],
							"pivot": [0.25, 10.41399, -8.30625],
							"rotation": [0, 0, 45],
							"uv": {
								"north": {"uv": [17, 28], "uv_size": [1, 1]},
								"east": {"uv": [1, 37], "uv_size": [0.5, 1]},
								"south": {"uv": [16, 32], "uv_size": [1, 1]},
								"west": {"uv": [2, 37], "uv_size": [0.5, 1]},
								"up": {"uv": [3, 37], "uv_size": [1, 0.5]},
								"down": {"uv": [4, 37.5], "uv_size": [1, -0.5]}
							}
						},
						{
							"origin": [-0.1889, 10.14961, -11.9479],
							"size": [0.95829, 0.95582, 2.00455],
							"pivot": [0.12731, 10.61168, -10.8371],
							"rotation": [0, 0, 45],
							"uv": {
								"north": {"uv": [0, 35], "uv_size": [1, 1]},
								"east": {"uv": [11, 33], "uv_size": [2, 1]},
								"south": {"uv": [1, 35], "uv_size": [1, 1]},
								"west": {"uv": [33, 12], "uv_size": [2, 1]},
								"up": {"uv": [7, 22], "uv_size": [1, 2]},
								"down": {"uv": [23, 20], "uv_size": [1, -2]}
							}
						},
						{
							"origin": [-0.16583, 10.07554, -9.94335],
							"size": [0.81454, 0.81245, 2.02769],
							"pivot": [0.25043, 10.4683, -8.67535],
							"rotation": [0, 0, 45],
							"uv": {
								"north": {"uv": [15, 36], "uv_size": [0.875, 0.75]},
								"east": {"uv": [34, 0], "uv_size": [2, 0.75]},
								"south": {"uv": [36, 15], "uv_size": [0.875, 0.75]},
								"west": {"uv": [34, 1], "uv_size": [2, 0.75]},
								"up": {"uv": [32, 33], "uv_size": [0.875, 2]},
								"down": {"uv": [33, 35], "uv_size": [0.875, -2]}
							}
						},
						{
							"origin": [-0.44504, 10.79427, -8.02279],
							"size": [1.39008, 0.47912, 0.50316],
							"uv": {
								"north": {"uv": [4, 36], "uv_size": [1.375, 0.5]},
								"east": {"uv": [5, 38], "uv_size": [0.5, 0.5]},
								"south": {"uv": [36, 5], "uv_size": [1.375, 0.5]},
								"west": {"uv": [38, 5], "uv_size": [0.5, 0.5]},
								"up": {"uv": [36, 6], "uv_size": [1.375, 0.5]},
								"down": {"uv": [7, 36.5], "uv_size": [1.375, -0.5]}
							}
						},
						{
							"origin": [-0.12947, 9.21224, -1.975],
							"size": [0.75895, 0.46025, 2.35],
							"uv": {
								"north": {"uv": [27, 37], "uv_size": [0.75, 0.5]},
								"east": {"uv": [34, 7], "uv_size": [2.375, 0.5]},
								"south": {"uv": [28, 37], "uv_size": [0.75, 0.5]},
								"west": {"uv": [34, 16], "uv_size": [2.375, 0.5]},
								"up": {"uv": [23, 33], "uv_size": [0.75, 2.375]},
								"down": {"uv": [25, 35.375], "uv_size": [0.75, -2.375]}
							}
						},
						{
							"origin": [-0.30178, 12.1125, -7.4125],
							"size": [1.10355, -0.17678, 15.9125],
							"uv": {
								"north": {"uv": [0, 39], "uv_size": [1.125, 0.125]},
								"east": {"uv": [33, 13], "uv_size": [15.875, 0.125]},
								"south": {"uv": [39, 0], "uv_size": [1.125, 0.125]},
								"west": {"uv": [33, 27], "uv_size": [15.875, 0.125]},
								"up": {"uv": [12, 0], "uv_size": [1.125, 15.875]},
								"down": {"uv": [14, 15.875], "uv_size": [1.125, -15.875]}
							}
						},
						{
							"origin": [-0.01703, 12.1125, 8.29472],
							"size": [0.78033, -0.17678, 0.78033],
							"pivot": [0.53475, 12.02411, 8.4438],
							"rotation": [0, -45, 0],
							"uv": {
								"north": {"uv": [9, 39], "uv_size": [0.75, 0.125]},
								"east": {"uv": [39, 9], "uv_size": [0.75, 0.125]},
								"south": {"uv": [10, 39], "uv_size": [0.75, 0.125]},
								"west": {"uv": [39, 10], "uv_size": [0.75, 0.125]},
								"up": {"uv": [27, 36], "uv_size": [0.75, 0.75]},
								"down": {"uv": [28, 36.75], "uv_size": [0.75, -0.75]}
							}
						},
						{
							"origin": [-0.125, 10.75, -7.4125],
							"size": [0.75, 1.18572, 15.9125],
							"uv": {
								"north": {"uv": [6, 35], "uv_size": [0.75, 1.125]},
								"east": {"uv": [16, 0], "uv_size": [15.875, 1.125]},
								"south": {"uv": [17, 35], "uv_size": [0.75, 1.125]},
								"west": {"uv": [16, 2], "uv_size": [15.875, 1.125]},
								"up": {"uv": [13, 16], "uv_size": [0.75, 15.875]},
								"down": {"uv": [14, 31.875], "uv_size": [0.75, -15.875]}
							}
						},
						{
							"origin": [-0.84597, 11.42322, 8.5],
							"size": [2.19194, 0.5125, 0.725],
							"uv": {
								"north": {"uv": [34, 17], "uv_size": [2.25, 0.5]},
								"east": {"uv": [37, 28], "uv_size": [0.75, 0.5]},
								"south": {"uv": [34, 31], "uv_size": [2.25, 0.5]},
								"west": {"uv": [29, 37], "uv_size": [0.75, 0.5]},
								"up": {"uv": [33, 30], "uv_size": [2.25, 0.75]},
								"down": {"uv": [0, 34.75], "uv_size": [2.25, -0.75]}
							}
						},
						{
							"origin": [-0.24198, 9.67249, -7.4125],
							"size": [0.98395, 0.57453, 16.7875],
							"uv": {
								"north": {"uv": [16, 36], "uv_size": [1, 0.625]},
								"east": {"uv": [17, 6], "uv_size": [16.75, 0.625]},
								"south": {"uv": [22, 36], "uv_size": [1, 0.625]},
								"west": {"uv": [17, 7], "uv_size": [16.75, 0.625]},
								"up": {"uv": [16, 4], "uv_size": [1, 16.75]},
								"down": {"uv": [12, 32.75], "uv_size": [1, -16.75]}
							}
						},
						{
							"origin": [-0.5971, 9.92314, -7.4125],
							"size": [0.5625, 0.3, 16.7875],
							"pivot": [-0.44085, 10.04814, 0.54375],
							"rotation": [0, 0, 45],
							"uv": {
								"north": {"uv": [38, 24], "uv_size": [0.625, 0.25]},
								"east": {"uv": [30, 20], "uv_size": [16.75, 0.25]},
								"south": {"uv": [25, 38], "uv_size": [0.625, 0.25]},
								"west": {"uv": [30, 21], "uv_size": [16.75, 0.25]},
								"up": {"uv": [15, 16], "uv_size": [0.625, 16.75]},
								"down": {"uv": [0, 33.75], "uv_size": [0.625, -16.75]}
							}
						},
						{
							"origin": [0.08794, 10.60131, -7.4125],
							"size": [1.0625, 0.475, 16.7875],
							"pivot": [0.86919, 10.92631, 0.98125],
							"rotation": [0, 0, 60],
							"uv": {
								"north": {"uv": [29, 36], "uv_size": [1.125, 0.5]},
								"east": {"uv": [20, 8], "uv_size": [16.75, 0.5]},
								"south": {"uv": [36, 30], "uv_size": [1.125, 0.5]},
								"west": {"uv": [20, 9], "uv_size": [16.75, 0.5]},
								"up": {"uv": [4, 0], "uv_size": [1.125, 16.75]},
								"down": {"uv": [6, 16.75], "uv_size": [1.125, -16.75]}
							}
						},
						{
							"origin": [-0.65044, 10.60131, -7.4125],
							"size": [1.0625, 0.475, 16.7875],
							"pivot": [-0.36919, 10.92631, 0.98125],
							"rotation": [0, 0, -60],
							"uv": {
								"north": {"uv": [31, 36], "uv_size": [1.125, 0.5]},
								"east": {"uv": [20, 10], "uv_size": [16.75, 0.5]},
								"south": {"uv": [36, 32], "uv_size": [1.125, 0.5]},
								"west": {"uv": [20, 11], "uv_size": [16.75, 0.5]},
								"up": {"uv": [8, 0], "uv_size": [1.125, 16.75]},
								"down": {"uv": [10, 16.75], "uv_size": [1.125, -16.75]}
							}
						},
						{
							"origin": [0.64286, 9.78677, -7.4125],
							"size": [0.5625, 0.3, 16.7875],
							"pivot": [0.83036, 9.84927, 0.54375],
							"rotation": [0, 0, -45],
							"uv": {
								"north": {"uv": [38, 25], "uv_size": [0.625, 0.25]},
								"east": {"uv": [30, 22], "uv_size": [16.75, 0.25]},
								"south": {"uv": [26, 38], "uv_size": [0.625, 0.25]},
								"west": {"uv": [30, 23], "uv_size": [16.75, 0.25]},
								"up": {"uv": [1, 17], "uv_size": [0.625, 16.75]},
								"down": {"uv": [2, 33.75], "uv_size": [0.625, -16.75]}
							}
						},
						{
							"origin": [-0.379, 6.75238, 0.47859],
							"size": [1.2455, 0.59474, 3.37297],
							"pivot": [0.24375, 7.84414, 2.025],
							"rotation": [-10, 0, 0],
							"uv": {
								"north": {"uv": [35, 25], "uv_size": [1.25, 0.625]},
								"east": {"uv": [32, 18], "uv_size": [3.375, 0.625]},
								"south": {"uv": [28, 35], "uv_size": [1.25, 0.625]},
								"west": {"uv": [19, 32], "uv_size": [3.375, 0.625]},
								"up": {"uv": [26, 28], "uv_size": [1.25, 3.375]},
								"down": {"uv": [28, 31.375], "uv_size": [1.25, -3.375]}
							}
						},
						{
							"origin": [-0.379, 7.0375, 0.3125],
							"size": [1.2455, 2.775, 3.425],
							"uv": {
								"north": {"uv": [19, 29], "uv_size": [1.25, 2.75]},
								"east": {"uv": [3, 17], "uv_size": [3.375, 2.75]},
								"south": {"uv": [21, 29], "uv_size": [1.25, 2.75]},
								"west": {"uv": [7, 17], "uv_size": [3.375, 2.75]},
								"up": {"uv": [29, 14], "uv_size": [1.25, 3.375]},
								"down": {"uv": [17, 32.375], "uv_size": [1.25, -3.375]}
							}
						},
						{
							"origin": [-0.5625, 6.5375, 0.2875],
							"size": [1.6125, 0.2625, 3.775],
							"pivot": [0.24375, 7.4875, 2.025],
							"rotation": [-10, 0, 0],
							"uv": {
								"north": {"uv": [21, 37], "uv_size": [1.625, 0.25]},
								"east": {"uv": [2, 35], "uv_size": [3.75, 0.25]},
								"south": {"uv": [23, 37], "uv_size": [1.625, 0.25]},
								"west": {"uv": [35, 12], "uv_size": [3.75, 0.25]},
								"up": {"uv": [24, 18], "uv_size": [1.625, 3.75]},
								"down": {"uv": [24, 25.75], "uv_size": [1.625, -3.75]}
							}
						},
						{
							"origin": [-0.2875, 7.925, 3.7375],
							"size": [1.0625, 1.8875, 4.4625],
							"uv": {
								"north": {"uv": [32, 24], "uv_size": [1.125, 1.875]},
								"east": {"uv": [18, 18], "uv_size": [4.5, 1.875]},
								"south": {"uv": [26, 32], "uv_size": [1.125, 1.875]},
								"west": {"uv": [3, 20], "uv_size": [4.5, 1.875]},
								"up": {"uv": [26, 18], "uv_size": [1.125, 4.5]},
								"down": {"uv": [26, 27.5], "uv_size": [1.125, -4.5]}
							}
						},
						{
							"origin": [-0.2915, 6.275, 6.47498],
							"size": [1.0705, 1.65, 1.72502],
							"uv": {
								"north": {"uv": [33, 28], "uv_size": [1.125, 1.625]},
								"east": {"uv": [32, 0], "uv_size": [1.75, 1.625]},
								"south": {"uv": [30, 33], "uv_size": [1.125, 1.625]},
								"west": {"uv": [32, 2], "uv_size": [1.75, 1.625]},
								"up": {"uv": [15, 33], "uv_size": [1.125, 1.75]},
								"down": {"uv": [17, 34.75], "uv_size": [1.125, -1.75]}
							}
						},
						{
							"origin": [0.2375, 6.275, 3.7375],
							"size": [0, 1.65, 2.73748],
							"uv": {
								"north": {"uv": [0, 0], "uv_size": [0, 1.625]},
								"east": {"uv": [22, 14], "uv_size": [2.75, 1.625]},
								"south": {"uv": [0, 0], "uv_size": [0, 1.625]},
								"west": {"uv": [28, 18], "uv_size": [2.75, 1.625]},
								"up": {"uv": [0, 0], "uv_size": [0, 2.75]},
								"down": {"uv": [0, 2.75], "uv_size": [0, -2.75]}
							}
						},
						{
							"origin": [-0.2915, 3.83446, 7.31325],
							"size": [1.0705, 3.8334, 1.99188],
							"pivot": [0.24375, 5.73424, 8.27273],
							"rotation": [30, 0, 0],
							"uv": {
								"north": {"uv": [28, 20], "uv_size": [1.125, 3.875]},
								"east": {"uv": [8, 20], "uv_size": [2, 3.875]},
								"south": {"uv": [28, 24], "uv_size": [1.125, 3.875]},
								"west": {"uv": [20, 12], "uv_size": [2, 3.875]},
								"up": {"uv": [32, 14], "uv_size": [1.125, 2]},
								"down": {"uv": [32, 18], "uv_size": [1.125, -2]}
							}
						},
						{
							"origin": [-0.2875, 4.04784, 8.26433],
							"size": [1.0665, 0.5323, 1.91943],
							"pivot": [0.24375, 4.32909, 10.05183],
							"rotation": [14.5, 0, 0],
							"uv": {
								"north": {"uv": [33, 36], "uv_size": [1.125, 0.5]},
								"east": {"uv": [13, 35], "uv_size": [1.875, 0.5]},
								"south": {"uv": [36, 33], "uv_size": [1.125, 0.5]},
								"west": {"uv": [15, 35], "uv_size": [1.875, 0.5]},
								"up": {"uv": [28, 32], "uv_size": [1.125, 1.875]},
								"down": {"uv": [32, 32.875], "uv_size": [1.125, -1.875]}
							}
						},
						{
							"origin": [-0.225, 3.7064, -0.00968],
							"size": [0.9375, 3.1195, 2.852],
							"pivot": [0.24375, 4.6259, 1.36532],
							"rotation": [-14, 0, 0],
							"uv": {
								"north": {"uv": [23, 29], "uv_size": [1, 3.125]},
								"east": {"uv": [17, 8], "uv_size": [2.875, 3.125]},
								"south": {"uv": [7, 30], "uv_size": [1, 3.125]},
								"west": {"uv": [17, 12], "uv_size": [2.875, 3.125]},
								"up": {"uv": [10, 31], "uv_size": [1, 2.875]},
								"down": {"uv": [31, 16.875], "uv_size": [1, -2.875]}
							}
						},
						{
							"origin": [-0.225, 1.57118, -0.83288],
							"size": [0.9375, 2.51753, 2.84972],
							"pivot": [0.24375, 2.23872, 0.5325],
							"rotation": [-21.5, 0, 0],
							"uv": {
								"north": {"uv": [13, 32], "uv_size": [1, 2.5]},
								"east": {"uv": [18, 20], "uv_size": [2.875, 2.5]},
								"south": {"uv": [14, 32], "uv_size": [1, 2.5]},
								"west": {"uv": [21, 20], "uv_size": [2.875, 2.5]},
								"up": {"uv": [31, 17], "uv_size": [1, 2.875]},
								"down": {"uv": [31, 26.875], "uv_size": [1, -2.875]}
							}
						},
						{
							"origin": [-0.25, 1.22024, -1.1868],
							"size": [0.9875, 0.3, 3.02499],
							"pivot": [0.24375, 1.45774, 0.7757],
							"rotation": [-25.5, 0, 0],
							"uv": {
								"north": {"uv": [6, 38], "uv_size": [1, 0.25]},
								"east": {"uv": [31, 35], "uv_size": [3, 0.25]},
								"south": {"uv": [38, 6], "uv_size": [1, 0.25]},
								"west": {"uv": [34, 35], "uv_size": [3, 0.25]},
								"up": {"uv": [25, 30], "uv_size": [1, 3]},
								"down": {"uv": [30, 31], "uv_size": [1, -3]}
							}
						},
						{
							"origin": [-0.5875, 11.8, 6.6875],
							"size": [1.2375, 0.65, 0.8625],
							"uv": {
								"north": {"uv": [35, 28], "uv_size": [1.25, 0.625]},
								"east": {"uv": [36, 34], "uv_size": [0.875, 0.625]},
								"south": {"uv": [35, 29], "uv_size": [1.25, 0.625]},
								"west": {"uv": [35, 36], "uv_size": [0.875, 0.625]},
								"up": {"uv": [28, 34], "uv_size": [1.25, 0.875]},
								"down": {"uv": [34, 32.875], "uv_size": [1.25, -0.875]}
							}
						},
						{
							"origin": [-0.9125, 12.1, 7.1625],
							"size": [0.3625, 0.55, 0.55],
							"pivot": [-0.84375, 12.375, 7.4375],
							"rotation": [-45, 0, 0],
							"uv": {
								"north": {"uv": [38, 18], "uv_size": [0.375, 0.5]},
								"east": {"uv": [7, 38], "uv_size": [0.5, 0.5]},
								"south": {"uv": [38, 19], "uv_size": [0.375, 0.5]},
								"west": {"uv": [8, 38], "uv_size": [0.5, 0.5]},
								"up": {"uv": [21, 38], "uv_size": [0.375, 0.5]},
								"down": {"uv": [22, 38.5], "uv_size": [0.375, -0.5]}
							}
						},
						{
							"origin": [0.65, 11.8, 6.6875],
							"size": [0.2375, 0.475, 0.8625],
							"uv": {
								"north": {"uv": [3, 39], "uv_size": [0.25, 0.5]},
								"east": {"uv": [37, 16], "uv_size": [0.875, 0.5]},
								"south": {"uv": [39, 3], "uv_size": [0.25, 0.5]},
								"west": {"uv": [17, 37], "uv_size": [0.875, 0.5]},
								"up": {"uv": [11, 38], "uv_size": [0.25, 0.875]},
								"down": {"uv": [12, 38.875], "uv_size": [0.25, -0.875]}
							}
						},
						{
							"origin": [0.6, 12.1, -6.8],
							"size": [0.15, 0.38258, 1.66742],
							"uv": {
								"north": {"uv": [26, 39], "uv_size": [0.125, 0.375]},
								"east": {"uv": [23, 36], "uv_size": [1.625, 0.375]},
								"south": {"uv": [39, 26], "uv_size": [0.125, 0.375]},
								"west": {"uv": [25, 36], "uv_size": [1.625, 0.375]},
								"up": {"uv": [14, 38], "uv_size": [0.125, 1.625]},
								"down": {"uv": [15, 39.625], "uv_size": [0.125, -1.625]}
							}
						},
						{
							"origin": [-0.25, 12.1, -6.38258],
							"size": [0.15, 0.38258, 1.25],
							"uv": {
								"north": {"uv": [39, 28], "uv_size": [0.125, 0.375]},
								"east": {"uv": [37, 11], "uv_size": [1.25, 0.375]},
								"south": {"uv": [29, 39], "uv_size": [0.125, 0.375]},
								"west": {"uv": [14, 37], "uv_size": [1.25, 0.375]},
								"up": {"uv": [27, 38], "uv_size": [0.125, 1.25]},
								"down": {"uv": [28, 39.25], "uv_size": [0.125, -1.25]}
							}
						},
						{
							"origin": [-0.1, 12.25, -6.7],
							"size": [0.7, 1.17767, 0.325],
							"uv": {
								"north": {"uv": [18, 35], "uv_size": [0.75, 1.125]},
								"east": {"uv": [19, 37], "uv_size": [0.375, 1.125]},
								"south": {"uv": [19, 35], "uv_size": [0.75, 1.125]},
								"west": {"uv": [20, 37], "uv_size": [0.375, 1.125]},
								"up": {"uv": [3, 38], "uv_size": [0.75, 0.375]},
								"down": {"uv": [38, 3.375], "uv_size": [0.75, -0.375]}
							}
						},
						{
							"origin": [-0.25, 12.1, -6.95],
							"size": [0.875, 0.51517, 0.56742],
							"uv": {
								"north": {"uv": [37, 17], "uv_size": [0.875, 0.5]},
								"east": {"uv": [37, 36], "uv_size": [0.625, 0.5]},
								"south": {"uv": [18, 37], "uv_size": [0.875, 0.5]},
								"west": {"uv": [37, 37], "uv_size": [0.625, 0.5]},
								"up": {"uv": [36, 36], "uv_size": [0.875, 0.625]},
								"down": {"uv": [0, 37.625], "uv_size": [0.875, -0.625]}
							}
						},
						{
							"origin": [-0.65, 8.1875, 3.8125],
							"size": [0.2875, 0.7125, 0.425],
							"uv": {
								"north": {"uv": [23, 38], "uv_size": [0.25, 0.75]},
								"east": {"uv": [4, 38], "uv_size": [0.375, 0.75]},
								"south": {"uv": [24, 38], "uv_size": [0.25, 0.75]},
								"west": {"uv": [38, 4], "uv_size": [0.375, 0.75]},
								"up": {"uv": [11, 39], "uv_size": [0.25, 0.375]},
								"down": {"uv": [39, 11.375], "uv_size": [0.25, -0.375]}
							}
						},
						{
							"origin": [0.975, 9.50005, 3.7375],
							"size": [0.20886, 0.67374, 0.425],
							"pivot": [1.16875, 9.81875, 3.925],
							"rotation": [0, 0, 20],
							"uv": {
								"north": {"uv": [38, 26], "uv_size": [0.25, 0.625]},
								"east": {"uv": [9, 38], "uv_size": [0.375, 0.625]},
								"south": {"uv": [38, 28], "uv_size": [0.25, 0.625]},
								"west": {"uv": [38, 9], "uv_size": [0.375, 0.625]},
								"up": {"uv": [12, 39], "uv_size": [0.25, 0.375]},
								"down": {"uv": [39, 12.375], "uv_size": [0.25, -0.375]}
							}
						},
						{
							"origin": [0.87524, 8.94413, 3.8375],
							"size": [0.10886, 0.64874, 0.2],
							"uv": {
								"north": {"uv": [13, 39], "uv_size": [0.125, 0.625]},
								"east": {"uv": [29, 38], "uv_size": [0.25, 0.625]},
								"south": {"uv": [39, 15], "uv_size": [0.125, 0.625]},
								"west": {"uv": [38, 29], "uv_size": [0.25, 0.625]},
								"up": {"uv": [39, 29], "uv_size": [0.125, 0.25]},
								"down": {"uv": [30, 39.25], "uv_size": [0.125, -0.25]}
							}
						},
						{
							"origin": [0.7841, 8.94413, 3.8375],
							"size": [0.2, 0.64874, 0.2],
							"pivot": [0.8841, 9.2685, 3.9375],
							"rotation": [-90, 0, 45],
							"uv": {
								"north": {"uv": [30, 38], "uv_size": [0.25, 0.625]},
								"east": {"uv": [38, 30], "uv_size": [0.25, 0.625]},
								"south": {"uv": [31, 38], "uv_size": [0.25, 0.625]},
								"west": {"uv": [38, 31], "uv_size": [0.25, 0.625]},
								"up": {"uv": [19, 39], "uv_size": [0.25, 0.25]},
								"down": {"uv": [39, 19.25], "uv_size": [0.25, -0.25]}
							}
						}
					]
				},
				{
					"name": "bone13",
					"parent": "bone10",
					"pivot": [-1.0547, -15.26032, -10.643],
					"rotation": [0, 0, -90],
					"cubes": [
						{
							"origin": [24.08102, -15.3848, -7.4125],
							"size": [1.10355, 0.17677, 3.975],
							"uv": {
								"north": {"uv": [38, 33], "uv_size": [1.125, 0.125]},
								"east": {"uv": [5, 37], "uv_size": [4, 0.125]},
								"south": {"uv": [38, 34], "uv_size": [1.125, 0.125]},
								"west": {"uv": [37, 7], "uv_size": [4, 0.125]},
								"up": {"uv": [24, 26], "uv_size": [1.125, 4]},
								"down": {"uv": [27, 18], "uv_size": [1.125, -4]}
							}
						},
						{
							"origin": [24.2578, -15.70803, -7.4125],
							"size": [0.75, 0.325, 3.975],
							"uv": {
								"north": {"uv": [0, 38], "uv_size": [0.75, 0.375]},
								"east": {"uv": [34, 2], "uv_size": [4, 0.375]},
								"south": {"uv": [38, 0], "uv_size": [0.75, 0.375]},
								"west": {"uv": [3, 34], "uv_size": [4, 0.375]},
								"up": {"uv": [8, 30], "uv_size": [0.75, 4]},
								"down": {"uv": [9, 34], "uv_size": [0.75, -4]}
							}
						}
					]
				},
				{
					"name": "bone12",
					"parent": "bone10",
					"pivot": [1.3125, -15.26032, -9.88824],
					"rotation": [0, 0, 90],
					"cubes": [
						{
							"origin": [-24.92678, -15.13951, -7.4125],
							"size": [1.10355, 0.17678, 3.975],
							"uv": {
								"north": {"uv": [38, 35], "uv_size": [1.125, 0.125]},
								"east": {"uv": [37, 8], "uv_size": [4, 0.125]},
								"south": {"uv": [38, 36], "uv_size": [1.125, 0.125]},
								"west": {"uv": [9, 37], "uv_size": [4, 0.125]},
								"up": {"uv": [3, 28], "uv_size": [1.125, 4]},
								"down": {"uv": [5, 32], "uv_size": [1.125, -4]}
							}
						},
						{
							"origin": [-24.75, -15.46273, -7.4125],
							"size": [0.75, 0.325, 3.975],
							"uv": {
								"north": {"uv": [1, 38], "uv_size": [0.75, 0.375]},
								"east": {"uv": [34, 3], "uv_size": [4, 0.375]},
								"south": {"uv": [38, 1], "uv_size": [0.75, 0.375]},
								"west": {"uv": [34, 4], "uv_size": [4, 0.375]},
								"up": {"uv": [24, 30], "uv_size": [0.75, 4]},
								"down": {"uv": [30, 28], "uv_size": [0.75, -4]}
							}
						}
					]
				},
				{
					"name": "bone11",
					"parent": "bone10",
					"pivot": [0.125, -16.31645, -9.44205],
					"rotation": [0, 0, -180],
					"cubes": [
						{
							"origin": [-0.55178, -42.01428, -7.4125],
							"size": [1.10355, 0.17678, 5.475],
							"uv": {
								"north": {"uv": [37, 38], "uv_size": [1.125, 0.125]},
								"east": {"uv": [9, 36], "uv_size": [5.5, 0.125]},
								"south": {"uv": [38, 37], "uv_size": [1.125, 0.125]},
								"west": {"uv": [36, 14], "uv_size": [5.5, 0.125]},
								"up": {"uv": [22, 23], "uv_size": [1.125, 5.5]},
								"down": {"uv": [7, 29.5], "uv_size": [1.125, -5.5]}
							}
						},
						{
							"origin": [-0.375, -42.3375, -7.4125],
							"size": [0.75, 0.325, 5.475],
							"uv": {
								"north": {"uv": [2, 38], "uv_size": [0.75, 0.375]},
								"east": {"uv": [32, 19], "uv_size": [5.5, 0.375]},
								"south": {"uv": [38, 2], "uv_size": [0.75, 0.375]},
								"west": {"uv": [32, 26], "uv_size": [5.5, 0.375]},
								"up": {"uv": [9, 24], "uv_size": [0.75, 5.5]},
								"down": {"uv": [11, 32.5], "uv_size": [0.75, -5.5]}
							}
						}
					]
				},
				{
					"name": "positioning",
					"pivot": [0, 0, -8]
				},
				{
					"name": "thirdperson_hand",
					"parent": "positioning",
					"pivot": [0, 8, 6.9375]
				},
				{
					"name": "ground",
					"parent": "positioning",
					"pivot": [0, 1.15, -0.725]
				},
				{
					"name": "fixed",
					"parent": "positioning",
					"pivot": [0.9, 11.025, -0.325],
					"rotation": [0, 90, 0]
				},
				{
					"name": "shell",
					"parent": "positioning",
					"pivot": [-0.475, 11.2, 3.05]
				},
				{
					"name": "positioning2",
					"pivot": [0, 7, -1.425]
				},
				{
					"name": "muzzle_flash",
					"parent": "positioning2",
					"pivot": [0.25, 10.52813, -12.36563]
				},
				{
					"name": "muzzle_pos",
					"parent": "positioning2",
					"pivot": [0.25, 10.5281, -9.3573]
				},
				{
					"name": "laser_pos",
					"parent": "positioning2",
					"pivot": [1.49013, 10.44063, -5.24375],
					"rotation": [0, 0, 90]
				},
				{
					"name": "scope_pos",
					"parent": "positioning2",
					"pivot": [0.25, 12.1125, 4.5625]
				},
				{
					"name": "grip_pos",
					"parent": "positioning2",
					"pivot": [0.23438, 9.30625, -4.5]
				},
				{
					"name": "stock_pos",
					"parent": "positioning2",
					"pivot": [0, 10.44062, 12.4]
				}
			]
		}
	]
}