{
  "materials": [
    {
      "item": {
        "tag": "c:rods/blaze"
      },
      "count": 7
    },
    {
      "item": {
        "tag": "c:ingots/netherite"
      },
      "count": 2
    },
    {
      "item": {
        "tag": "c:gems/diamond"
      },
      "count": 12
    },
    {
      "item": {
        "tag": "c:ingots/gold"
      },
      "count": 65
    },
    {
      "item": {
        "tag": "c:ingots/iron"
      },
      "count": 320
    },
    {
      "item": {
        "tag": "c:gems/lapis"
      },
      "count": 8
    }
  ],
  "result": {
    "type": "gun",
    "id": "suffuse:aw50"
  },
  "type": "tacz:gun_smith_table_crafting"
}