{
  "materials": [
    {
      "item": {
        "tag": "c:gunpowders"
      },
      "count": 10
    },
    {
      "item": {
        "tag": "c:ingots/iron"
      },
      "count": 12
    },
    {
      "item": {
        "item": "minecraft:blaze_powder"
      },
      "count": 4
    },
    {
      "item": {
        "item": "minecraft:redstone"
      },
      "count": 2
    }
  ],
  "result": {
    "type": "ammo",
    "id": "suffuse:120mm",
    "count": 1
  },
  "type": "tacz:gun_smith_table_crafting"
}