{
	"format_version": "1.12.0",
	"minecraft:geometry": [
		{
			"description": {
				"identifier": "geometry.TD-grip",
				"texture_width": 128,
				"texture_height": 128,
				"visible_bounds_width": 2,
				"visible_bounds_height": 1.5,
				"visible_bounds_offset": [0, 0.25, 0]
			},
			"bones": [
				{
					"name": "grip",
					"pivot": [-0.14036, -8.68641, 10.36155]
				},
				{
					"name": "grip3",
					"parent": "grip",
					"pivot": [-0.02179, -3.47325, -0.79779],
					"rotation": [-30, 0, 0],
					"cubes": [
						{
							"origin": [-0.56303, -2.65886, -0.86341],
							"size": [1.08248, 1.12608, 0.26947],
							"uv": {
								"north": {"uv": [58, 43], "uv_size": [5, 5]},
								"east": {"uv": [30, 18], "uv_size": [1, 5]},
								"south": {"uv": [58, 49], "uv_size": [5, 5]},
								"west": {"uv": [37, 78], "uv_size": [1, 5]},
								"up": {"uv": [80, 66], "uv_size": [5, 1]},
								"down": {"uv": [78, 81], "uv_size": [5, -1]}
							}
						},
						{
							"origin": [-0.56538, -2.78895, -1.55443],
							"size": [1.08721, 1.42964, 0.28787],
							"pivot": [-0.02179, -2.07413, -1.4105],
							"rotation": [-60, 0, 0],
							"uv": {
								"north": {"uv": [52, 36], "uv_size": [5, 6]},
								"east": {"uv": [46, 77], "uv_size": [1, 6]},
								"south": {"uv": [39, 52], "uv_size": [5, 6]},
								"west": {"uv": [48, 77], "uv_size": [1, 6]},
								"up": {"uv": [81, 0], "uv_size": [5, 1]},
								"down": {"uv": [81, 3], "uv_size": [5, -1]}
							}
						},
						{
							"origin": [-0.56303, -2.65886, -2.22009],
							"size": [1.08248, 0.35197, 1.62615],
							"uv": {
								"north": {"uv": [81, 4], "uv_size": [5, 1]},
								"east": {"uv": [77, 44], "uv_size": [7, 1]},
								"south": {"uv": [5, 81], "uv_size": [5, 1]},
								"west": {"uv": [77, 46], "uv_size": [7, 1]},
								"up": {"uv": [49, 0], "uv_size": [5, 7]},
								"down": {"uv": [27, 57], "uv_size": [5, -7]}
							}
						},
						{
							"origin": [-0.56303, -4.91339, -1.83761],
							"size": [1.08248, 2.6879, 0.45226],
							"pivot": [-0.02179, -2.72756, -1.13718],
							"rotation": [30, 0, 0],
							"uv": {
								"north": {"uv": [36, 0], "uv_size": [5, 11]},
								"east": {"uv": [30, 58], "uv_size": [2, 11]},
								"west": {"uv": [6, 63], "uv_size": [2, 11]}
							}
						},
						{
							"origin": [-0.62231, -5.56555, -1.60046],
							"size": [1.20105, 3.45863, 1.40086],
							"pivot": [-0.02179, -2.72756, -1.13718],
							"rotation": [30, 0, 0],
							"uv": {
								"north": {"uv": [32, 18], "uv_size": [5, 15]},
								"east": {"uv": [18, 24], "uv_size": [6, 15]},
								"south": {"uv": [32, 34], "uv_size": [5, 15]},
								"west": {"uv": [25, 24], "uv_size": [6, 15]},
								"up": {"uv": [52, 43], "uv_size": [5, 6]},
								"down": {"uv": [45, 58], "uv_size": [5, -6]}
							}
						},
						{
							"origin": [-0.61046, -5.38313, -0.6418],
							"size": [1.17734, 0.7907, 1.93444],
							"pivot": [-0.02179, -4.86921, 0.44399],
							"rotation": [12.5, 0, 0],
							"uv": {
								"north": {"uv": [64, 35], "uv_size": [5, 3]},
								"east": {"uv": [42, 8], "uv_size": [8, 3]},
								"west": {"uv": [51, 8], "uv_size": [8, 3]},
								"down": {"uv": [21, 56], "uv_size": [5, -8]}
							}
						},
						{
							"origin": [-0.53931, -5.03783, -0.35867],
							"size": [1.03505, 0.29268, 0.41668],
							"pivot": [-0.02179, -4.64248, -0.90921],
							"rotation": [-45, 0, 0],
							"uv": {
								"north": {"uv": [27, 48], "uv_size": [4, 1]},
								"east": {"uv": [33, 68], "uv_size": [2, 1]},
								"west": {"uv": [46, 69], "uv_size": [2, 1]},
								"down": {"uv": [16, 79], "uv_size": [4, -2]}
							}
						},
						{
							"origin": [-0.53931, -3.72288, -1.58704],
							"size": [1.03505, 0.38754, 0.20325],
							"pivot": [-0.02179, -3.50539, -1.61585],
							"rotation": [-72.5, 0, 0],
							"uv": {
								"north": {"uv": [77, 38], "uv_size": [4, 2]},
								"east": {"uv": [60, 13], "uv_size": [1, 2]},
								"south": {"uv": [41, 77], "uv_size": [4, 2]},
								"west": {"uv": [31, 79], "uv_size": [1, 2]},
								"down": {"uv": [58, 56], "uv_size": [4, -1]}
							}
						},
						{
							"origin": [-0.53931, -3.56983, -1.65344],
							"size": [1.03505, 0.36383, 0.15582],
							"uv": {
								"north": {"uv": [77, 41], "uv_size": [4, 2]},
								"east": {"uv": [64, 82], "uv_size": [1, 2]},
								"west": {"uv": [82, 70], "uv_size": [1, 2]}
							}
						},
						{
							"origin": [-0.56303, -5.88468, 0.0832],
							"size": [1.08248, 3.99222, 0.39297],
							"pivot": [-0.02179, -3.47356, -0.37248],
							"rotation": [35, 0, 0],
							"uv": {
								"east": {"uv": [33, 50], "uv_size": [2, 17]},
								"south": {"uv": [30, 0], "uv_size": [5, 17]},
								"west": {"uv": [36, 52], "uv_size": [2, 17]},
								"up": {"uv": [0, 69], "uv_size": [5, 2]},
								"down": {"uv": [70, 57], "uv_size": [5, -2]}
							}
						}
					]
				},
				{
					"name": "bone2",
					"parent": "grip",
					"pivot": [-0.02179, -1.14315, -1.19358],
					"cubes": [
						{
							"origin": [0.42367, -0.30961, -1.28059],
							"size": [0.17786, 0.40797, 1.47834],
							"uv": {
								"north": {"uv": [78, 82], "uv_size": [1, 2]},
								"east": {"uv": [68, 19], "uv_size": [6, 2]},
								"south": {"uv": [80, 82], "uv_size": [1, 2]},
								"west": {"uv": [68, 22], "uv_size": [6, 2]},
								"up": {"uv": [77, 48], "uv_size": [1, 6]},
								"down": {"uv": [50, 83], "uv_size": [1, -6]}
							}
						},
						{
							"origin": [-0.70439, -0.42819, -1.28059],
							"size": [1.12806, 0.70441, 1.47834],
							"uv": {
								"north": {"uv": [64, 39], "uv_size": [5, 3]},
								"east": {"uv": [62, 31], "uv_size": [6, 3]},
								"south": {"uv": [64, 43], "uv_size": [5, 3]},
								"west": {"uv": [63, 55], "uv_size": [6, 3]},
								"up": {"uv": [52, 50], "uv_size": [5, 6]},
								"down": {"uv": [55, 6], "uv_size": [5, -6]}
							}
						},
						{
							"origin": [0.42367, -0.42819, -0.92486],
							"size": [0.35573, 0.70441, 0.76689],
							"uv": {
								"north": {"uv": [27, 65], "uv_size": [2, 3]},
								"east": {"uv": [6, 77], "uv_size": [3, 3]},
								"south": {"uv": [77, 64], "uv_size": [2, 3]},
								"west": {"uv": [10, 77], "uv_size": [3, 3]},
								"up": {"uv": [77, 74], "uv_size": [2, 3]},
								"down": {"uv": [0, 81], "uv_size": [2, -3]}
							}
						},
						{
							"origin": [-0.48882, -0.56725, -1.28059],
							"size": [0.17946, 0.11153, 1.47833],
							"pivot": [-0.3398, -0.4522, -0.54142],
							"rotation": [0, 0, 45],
							"uv": {
								"north": {"uv": [36, 50], "uv_size": [1, 1]},
								"east": {"uv": [78, 6], "uv_size": [6, 1]},
								"south": {"uv": [60, 16], "uv_size": [1, 1]},
								"west": {"uv": [52, 78], "uv_size": [6, 1]},
								"up": {"uv": [3, 78], "uv_size": [1, 6]},
								"down": {"uv": [21, 84], "uv_size": [1, -6]}
							}
						},
						{
							"origin": [0.26698, -0.56606, -1.28059],
							"size": [0.34546, 0.13525, 1.47833],
							"pivot": [0.29742, -0.45101, -0.54142],
							"rotation": [0, 0, -45],
							"uv": {
								"north": {"uv": [49, 69], "uv_size": [1, 1]},
								"east": {"uv": [59, 78], "uv_size": [6, 1]},
								"south": {"uv": [44, 72], "uv_size": [1, 1]},
								"west": {"uv": [66, 78], "uv_size": [6, 1]},
								"up": {"uv": [23, 78], "uv_size": [1, 6]},
								"down": {"uv": [25, 84], "uv_size": [1, -6]}
							}
						},
						{
							"origin": [0.38436, -0.04071, -1.28059],
							"size": [0.17946, 0.25382, 1.47833],
							"pivot": [0.4148, 0.07435, -0.54142],
							"rotation": [0, 0, -45],
							"uv": {
								"north": {"uv": [33, 73], "uv_size": [1, 1]},
								"east": {"uv": [78, 68], "uv_size": [6, 1]},
								"south": {"uv": [84, 76], "uv_size": [1, 1]},
								"west": {"uv": [73, 78], "uv_size": [6, 1]},
								"up": {"uv": [33, 78], "uv_size": [1, 6]},
								"down": {"uv": [35, 84], "uv_size": [1, -6]}
							}
						},
						{
							"origin": [-0.76368, -0.46352, -0.96354],
							"size": [1.4245, 0.32023, 0.32023],
							"pivot": [-0.02179, -0.49549, -0.40223],
							"rotation": [-45, 0, 0],
							"uv": {
								"north": {"uv": [79, 48], "uv_size": [6, 1]},
								"east": {"uv": [84, 78], "uv_size": [1, 1]},
								"south": {"uv": [79, 50], "uv_size": [6, 1]},
								"west": {"uv": [84, 80], "uv_size": [1, 1]},
								"up": {"uv": [79, 52], "uv_size": [6, 1]},
								"down": {"uv": [80, 9], "uv_size": [6, -1]}
							}
						},
						{
							"origin": [-0.70439, -3.42789, -1.02282],
							"size": [0.41661, 0.4388, 0.43881],
							"pivot": [-0.02179, -3.34129, -0.40223],
							"rotation": [-45, 0, 0],
							"uv": {
								"north": {"uv": [11, 81], "uv_size": [2, 2]},
								"east": {"uv": [81, 18], "uv_size": [2, 2]},
								"south": {"uv": [81, 21], "uv_size": [2, 2]},
								"west": {"uv": [81, 24], "uv_size": [2, 2]},
								"up": {"uv": [81, 27], "uv_size": [2, 2]},
								"down": {"uv": [81, 60], "uv_size": [2, -2]}
							}
						},
						{
							"origin": [-0.82297, -3.3686, -0.96354],
							"size": [0.41661, 0.32023, 0.32023],
							"pivot": [-0.14036, -3.34129, -0.40223],
							"rotation": [-45, 0, 0],
							"uv": {
								"north": {"uv": [35, 70], "uv_size": [2, 1]},
								"east": {"uv": [82, 84], "uv_size": [1, 1]},
								"south": {"uv": [41, 72], "uv_size": [2, 1]},
								"west": {"uv": [84, 84], "uv_size": [1, 1]},
								"up": {"uv": [6, 75], "uv_size": [2, 1]},
								"down": {"uv": [82, 83], "uv_size": [2, -1]}
							}
						},
						{
							"origin": [-0.82297, -4.3172, -0.96354],
							"size": [0.41661, 0.32023, 0.32023],
							"pivot": [-0.14036, -4.28989, -0.40223],
							"rotation": [-45, 0, 0],
							"uv": {
								"north": {"uv": [5, 83], "uv_size": [2, 1]},
								"east": {"uv": [0, 85], "uv_size": [1, 1]},
								"south": {"uv": [8, 83], "uv_size": [2, 1]},
								"west": {"uv": [2, 85], "uv_size": [1, 1]},
								"up": {"uv": [16, 83], "uv_size": [2, 1]},
								"down": {"uv": [41, 84], "uv_size": [2, -1]}
							}
						},
						{
							"origin": [-0.70439, -4.37649, -1.02282],
							"size": [0.41661, 0.4388, 0.43881],
							"pivot": [-0.02179, -4.28989, -0.40223],
							"rotation": [-45, 0, 0],
							"uv": {
								"north": {"uv": [81, 61], "uv_size": [2, 2]},
								"east": {"uv": [0, 82], "uv_size": [2, 2]},
								"south": {"uv": [82, 12], "uv_size": [2, 2]},
								"west": {"uv": [82, 15], "uv_size": [2, 2]},
								"up": {"uv": [27, 82], "uv_size": [2, 2]},
								"down": {"uv": [30, 84], "uv_size": [2, -2]}
							}
						},
						{
							"origin": [-0.71625, -1.4714, -0.96354],
							"size": [1.38893, 0.20165, 0.20166],
							"pivot": [-0.02179, -1.62195, -0.40223],
							"rotation": [-45, 0, 0],
							"uv": {
								"north": {"uv": [80, 10], "uv_size": [6, 1]},
								"east": {"uv": [4, 85], "uv_size": [1, 1]},
								"south": {"uv": [52, 80], "uv_size": [6, 1]},
								"west": {"uv": [6, 85], "uv_size": [1, 1]},
								"up": {"uv": [59, 80], "uv_size": [6, 1]},
								"down": {"uv": [80, 65], "uv_size": [6, -1]}
							}
						},
						{
							"origin": [0.48136, -0.29538, -0.76949],
							"size": [0.41661, 0.4388, 0.43881],
							"pivot": [0.68966, -0.07598, -0.55009],
							"rotation": [-45, 0, 0],
							"uv": {
								"north": {"uv": [82, 30], "uv_size": [2, 2]},
								"east": {"uv": [82, 38], "uv_size": [2, 2]},
								"south": {"uv": [82, 41], "uv_size": [2, 2]},
								"west": {"uv": [52, 82], "uv_size": [2, 2]},
								"up": {"uv": [82, 54], "uv_size": [2, 2]},
								"down": {"uv": [55, 84], "uv_size": [2, -2]}
							}
						},
						{
							"origin": [-0.40796, -2.08824, -1.28059],
							"size": [0.77234, 1.67673, 1.47834],
							"uv": {
								"north": {"uv": [9, 63], "uv_size": [3, 7]},
								"east": {"uv": [38, 36], "uv_size": [6, 7]},
								"south": {"uv": [13, 63], "uv_size": [3, 7]},
								"west": {"uv": [18, 40], "uv_size": [6, 7]},
								"up": {"uv": [63, 59], "uv_size": [3, 6]},
								"down": {"uv": [17, 70], "uv_size": [3, -6]}
							}
						}
					]
				},
				{
					"name": "bone3",
					"parent": "bone2",
					"pivot": [-0.02179, -1.18204, -4.06188],
					"cubes": [
						{
							"origin": [-0.57443, -1.40428, -3.94853],
							"size": [1.12806, 0.46726, 5.50989],
							"pivot": [-0.04928, -1.17065, -4.06188],
							"rotation": [0, 0, -45],
							"uv": {
								"north": {"uv": [9, 71], "uv_size": [5, 2]},
								"east": {"uv": [36, 12], "uv_size": [23, 2]},
								"south": {"uv": [15, 71], "uv_size": [5, 2]},
								"west": {"uv": [36, 15], "uv_size": [23, 2]},
								"up": {"uv": [0, 0], "uv_size": [5, 23]},
								"down": {"uv": [6, 23], "uv_size": [5, -23]}
							}
						},
						{
							"origin": [-0.58582, -1.37679, -3.94853],
							"size": [1.12806, 0.46726, 5.50989],
							"uv": {
								"north": {"uv": [46, 71], "uv_size": [5, 2]},
								"east": {"uv": [38, 18], "uv_size": [23, 2]},
								"south": {"uv": [52, 71], "uv_size": [5, 2]},
								"west": {"uv": [38, 21], "uv_size": [23, 2]},
								"up": {"uv": [12, 0], "uv_size": [5, 23]},
								"down": {"uv": [18, 23], "uv_size": [5, -23]}
							}
						},
						{
							"origin": [-0.59721, -1.40428, -3.94853],
							"size": [1.12806, 0.46726, 5.50989],
							"pivot": [0.00571, -1.17065, -4.06188],
							"rotation": [0, 0, 45],
							"uv": {
								"north": {"uv": [71, 65], "uv_size": [5, 2]},
								"east": {"uv": [38, 24], "uv_size": [23, 2]},
								"south": {"uv": [0, 72], "uv_size": [5, 2]},
								"west": {"uv": [38, 27], "uv_size": [23, 2]},
								"up": {"uv": [0, 24], "uv_size": [5, 23]},
								"down": {"uv": [24, 23], "uv_size": [5, -23]}
							}
						},
						{
							"origin": [-0.6247, -1.41567, -3.94853],
							"size": [1.12806, 0.46726, 5.50989],
							"pivot": [-0.02179, -1.18204, -4.06188],
							"rotation": [0, 0, 90],
							"uv": {
								"north": {"uv": [72, 6], "uv_size": [5, 2]},
								"east": {"uv": [38, 30], "uv_size": [23, 2]},
								"south": {"uv": [21, 72], "uv_size": [5, 2]},
								"west": {"uv": [38, 33], "uv_size": [23, 2]},
								"up": {"uv": [6, 24], "uv_size": [5, 23]},
								"down": {"uv": [12, 47], "uv_size": [5, -23]}
							}
						},
						{
							"origin": [-0.26999, -1.36091, 1.56136],
							"size": [0.4964, 0.4964, 0.35187],
							"pivot": [-0.02179, -1.11271, 1.82623],
							"rotation": [0, 0, 45],
							"uv": {
								"north": {"uv": [58, 82], "uv_size": [2, 2]},
								"east": {"uv": [19, 83], "uv_size": [1, 2]},
								"south": {"uv": [61, 82], "uv_size": [2, 2]},
								"west": {"uv": [44, 83], "uv_size": [1, 2]},
								"up": {"uv": [66, 83], "uv_size": [2, 1]},
								"down": {"uv": [69, 84], "uv_size": [2, -1]}
							}
						},
						{
							"origin": [-0.1277, -1.21862, 1.91323],
							"size": [0.21182, 0.21182, 0.35187],
							"pivot": [-0.02179, -1.11271, 2.08917],
							"rotation": [0, 0, 45],
							"uv": {
								"north": {"uv": [85, 6], "uv_size": [1, 1]},
								"east": {"uv": [8, 85], "uv_size": [1, 1]},
								"south": {"uv": [85, 12], "uv_size": [1, 1]},
								"west": {"uv": [85, 14], "uv_size": [1, 1]},
								"up": {"uv": [16, 85], "uv_size": [1, 1]},
								"down": {"uv": [85, 17], "uv_size": [1, -1]}
							}
						},
						{
							"origin": [-0.09213, -1.20677, 2.1741],
							"size": [0.14068, 0.14068, 0.42302],
							"pivot": [-0.02179, -1.13643, 2.32632],
							"rotation": [-12.5, 0, 0],
							"uv": {
								"north": {"uv": [21, 85], "uv_size": [1, 1]},
								"east": {"uv": [72, 83], "uv_size": [2, 1]},
								"south": {"uv": [23, 85], "uv_size": [1, 1]},
								"west": {"uv": [75, 83], "uv_size": [2, 1]},
								"up": {"uv": [11, 84], "uv_size": [1, 2]},
								"down": {"uv": [84, 20], "uv_size": [1, -2]}
							}
						},
						{
							"origin": [-0.0945, -1.41505, 2.43925],
							"size": [0.14542, 0.14068, 0.42302],
							"pivot": [-0.02179, -1.34471, 2.65076],
							"rotation": [-60, 0, 0],
							"uv": {
								"north": {"uv": [25, 85], "uv_size": [1, 1]},
								"east": {"uv": [84, 21], "uv_size": [2, 1]},
								"south": {"uv": [27, 85], "uv_size": [1, 1]},
								"west": {"uv": [84, 23], "uv_size": [2, 1]},
								"up": {"uv": [84, 25], "uv_size": [1, 2]},
								"down": {"uv": [37, 86], "uv_size": [1, -2]}
							}
						},
						{
							"origin": [-0.09213, -1.70856, 2.58187],
							"size": [0.14068, 0.14068, 0.42302],
							"pivot": [-0.02179, -1.63822, 2.73409],
							"rotation": [-95, 0, 0],
							"uv": {
								"north": {"uv": [29, 85], "uv_size": [1, 1]},
								"east": {"uv": [84, 28], "uv_size": [2, 1]},
								"south": {"uv": [85, 30], "uv_size": [1, 1]},
								"west": {"uv": [46, 84], "uv_size": [2, 1]},
								"up": {"uv": [49, 84], "uv_size": [1, 2]},
								"down": {"uv": [84, 59], "uv_size": [1, -2]}
							}
						},
						{
							"origin": [-0.09213, -2.00692, 2.46216],
							"size": [0.14068, 0.14068, 0.42302],
							"pivot": [-0.02179, -1.93659, 2.61439],
							"rotation": [-147.5, 0, 0],
							"uv": {
								"north": {"uv": [31, 85], "uv_size": [1, 1]},
								"east": {"uv": [84, 60], "uv_size": [2, 1]},
								"south": {"uv": [85, 32], "uv_size": [1, 1]},
								"west": {"uv": [84, 62], "uv_size": [2, 1]},
								"up": {"uv": [84, 70], "uv_size": [1, 2]},
								"down": {"uv": [84, 75], "uv_size": [1, -2]}
							}
						},
						{
							"origin": [-0.09213, -2.12214, 2.12983],
							"size": [0.14068, 0.14068, 2.02378],
							"pivot": [-0.02179, -2.0518, 2.28205],
							"rotation": [172.5, 0, 0],
							"uv": {
								"north": {"uv": [33, 85], "uv_size": [1, 1]},
								"east": {"uv": [77, 34], "uv_size": [9, 1]},
								"south": {"uv": [35, 85], "uv_size": [1, 1]},
								"west": {"uv": [77, 36], "uv_size": [9, 1]},
								"up": {"uv": [39, 75], "uv_size": [1, 9]},
								"down": {"uv": [14, 86], "uv_size": [1, -9]}
							}
						},
						{
							"origin": [-0.09213, -1.90973, 0.15008],
							"size": [0.14068, 0.14068, 0.30444],
							"pivot": [-0.02179, -1.83939, 0.3023],
							"rotation": [-167.5, 0, 0],
							"uv": {
								"north": {"uv": [85, 38], "uv_size": [1, 1]},
								"east": {"uv": [39, 85], "uv_size": [1, 1]},
								"south": {"uv": [85, 40], "uv_size": [1, 1]},
								"west": {"uv": [41, 85], "uv_size": [1, 1]},
								"up": {"uv": [85, 42], "uv_size": [1, 1]},
								"down": {"uv": [85, 45], "uv_size": [1, -1]}
							}
						}
					]
				},
				{
					"name": "bone4",
					"parent": "bone2",
					"pivot": [-0.02179, -1.14315, 1.05934],
					"cubes": [
						{
							"origin": [-0.59653, -1.41472, 0.60602],
							"size": [1.17318, 0.48595, 0.72879],
							"pivot": [-0.05038, -1.17175, -4.26673],
							"rotation": [0, 0, -45],
							"uv": {
								"north": {"uv": [35, 72], "uv_size": [5, 2]},
								"east": {"uv": [27, 79], "uv_size": [3, 2]},
								"south": {"uv": [58, 72], "uv_size": [5, 2]},
								"west": {"uv": [16, 80], "uv_size": [3, 2]},
								"up": {"uv": [64, 47], "uv_size": [5, 3]},
								"down": {"uv": [51, 67], "uv_size": [5, -3]}
							}
						},
						{
							"origin": [-0.60838, -1.38613, 0.60602],
							"size": [1.17318, 0.48595, 0.72879],
							"uv": {
								"north": {"uv": [64, 72], "uv_size": [5, 2]},
								"east": {"uv": [41, 80], "uv_size": [3, 2]},
								"south": {"uv": [72, 68], "uv_size": [5, 2]},
								"west": {"uv": [66, 80], "uv_size": [3, 2]},
								"up": {"uv": [64, 51], "uv_size": [5, 3]},
								"down": {"uv": [57, 67], "uv_size": [5, -3]}
							}
						},
						{
							"origin": [-0.62022, -1.41472, 0.60602],
							"size": [1.17318, 0.48595, 0.72879],
							"pivot": [0.00681, -1.17175, -4.26673],
							"rotation": [0, 0, 45],
							"uv": {
								"north": {"uv": [70, 72], "uv_size": [5, 2]},
								"east": {"uv": [70, 80], "uv_size": [3, 2]},
								"south": {"uv": [27, 73], "uv_size": [5, 2]},
								"west": {"uv": [74, 80], "uv_size": [3, 2]},
								"up": {"uv": [21, 65], "uv_size": [5, 3]},
								"down": {"uv": [39, 68], "uv_size": [5, -3]}
							}
						},
						{
							"origin": [-0.64882, -1.42657, 0.60602],
							"size": [1.17319, 0.48595, 0.72879],
							"pivot": [-0.02179, -1.18359, -4.26673],
							"rotation": [0, 0, 90],
							"uv": {
								"north": {"uv": [9, 74], "uv_size": [5, 2]},
								"east": {"uv": [80, 74], "uv_size": [3, 2]},
								"south": {"uv": [74, 9], "uv_size": [5, 2]},
								"west": {"uv": [80, 77], "uv_size": [3, 2]},
								"up": {"uv": [45, 65], "uv_size": [5, 3]},
								"down": {"uv": [66, 9], "uv_size": [5, -3]}
							}
						}
					]
				},
				{
					"name": "bone5",
					"parent": "bone2",
					"pivot": [-0.02179, -1.14315, -1.54931],
					"cubes": [
						{
							"origin": [-0.59653, -1.41472, -2.47693],
							"size": [1.17318, 0.48595, 1.20309],
							"pivot": [-0.05038, -1.17175, -6.87538],
							"rotation": [0, 0, -45],
							"uv": {
								"north": {"uv": [15, 74], "uv_size": [5, 2]},
								"east": {"uv": [41, 74], "uv_size": [5, 2]},
								"south": {"uv": [47, 74], "uv_size": [5, 2]},
								"west": {"uv": [0, 75], "uv_size": [5, 2]},
								"up": {"uv": [39, 59], "uv_size": [5, 5]},
								"down": {"uv": [45, 64], "uv_size": [5, -5]}
							}
						},
						{
							"origin": [-0.60838, -1.38613, -2.47693],
							"size": [1.17318, 0.48595, 1.20309],
							"uv": {
								"north": {"uv": [75, 0], "uv_size": [5, 2]},
								"east": {"uv": [75, 3], "uv_size": [5, 2]},
								"south": {"uv": [75, 19], "uv_size": [5, 2]},
								"west": {"uv": [21, 75], "uv_size": [5, 2]},
								"up": {"uv": [60, 7], "uv_size": [5, 5]},
								"down": {"uv": [61, 5], "uv_size": [5, -5]}
							}
						},
						{
							"origin": [-0.62022, -1.41472, -2.47693],
							"size": [1.17318, 0.48595, 1.20309],
							"pivot": [0.00681, -1.17175, -6.87538],
							"rotation": [0, 0, 45],
							"uv": {
								"north": {"uv": [75, 22], "uv_size": [5, 2]},
								"east": {"uv": [75, 25], "uv_size": [5, 2]},
								"south": {"uv": [75, 28], "uv_size": [5, 2]},
								"west": {"uv": [33, 75], "uv_size": [5, 2]},
								"up": {"uv": [62, 13], "uv_size": [5, 5]},
								"down": {"uv": [62, 24], "uv_size": [5, -5]}
							}
						},
						{
							"origin": [-0.64882, -1.42657, -2.47693],
							"size": [1.17319, 0.48595, 1.20309],
							"pivot": [-0.02179, -1.18359, -6.87538],
							"rotation": [0, 0, 90],
							"uv": {
								"north": {"uv": [53, 75], "uv_size": [5, 2]},
								"east": {"uv": [75, 58], "uv_size": [5, 2]},
								"south": {"uv": [59, 75], "uv_size": [5, 2]},
								"west": {"uv": [75, 61], "uv_size": [5, 2]},
								"up": {"uv": [62, 25], "uv_size": [5, 5]},
								"down": {"uv": [0, 68], "uv_size": [5, -5]}
							}
						}
					]
				},
				{
					"name": "bone6",
					"parent": "bone2",
					"pivot": [-0.02179, -1.14315, -3.53544],
					"cubes": [
						{
							"origin": [-0.69424, -1.46089, -4.53568],
							"size": [1.37262, 0.56856, 1.76333],
							"pivot": [-0.05524, -1.17661, -9.38543],
							"rotation": [0, 0, -45],
							"uv": {
								"north": {"uv": [68, 25], "uv_size": [6, 2]},
								"east": {"uv": [66, 10], "uv_size": [7, 2]},
								"south": {"uv": [68, 28], "uv_size": [6, 2]},
								"west": {"uv": [63, 66], "uv_size": [7, 2]},
								"up": {"uv": [25, 40], "uv_size": [6, 7]},
								"down": {"uv": [42, 7], "uv_size": [6, -7]}
							}
						},
						{
							"origin": [-0.7081, -1.42744, -4.54043],
							"size": [1.37262, 0.56856, 1.76333],
							"uv": {
								"north": {"uv": [51, 68], "uv_size": [6, 2]},
								"east": {"uv": [67, 0], "uv_size": [7, 2]},
								"south": {"uv": [21, 69], "uv_size": [6, 2]},
								"west": {"uv": [67, 3], "uv_size": [7, 2]},
								"up": {"uv": [38, 44], "uv_size": [6, 7]},
								"down": {"uv": [45, 43], "uv_size": [6, -7]}
							}
						},
						{
							"origin": [-0.72196, -1.46089, -4.53568],
							"size": [1.37262, 0.56856, 1.76333],
							"pivot": [0.01167, -1.17661, -9.38543],
							"rotation": [0, 0, 45],
							"uv": {
								"north": {"uv": [69, 31], "uv_size": [6, 2]},
								"east": {"uv": [67, 59], "uv_size": [7, 2]},
								"south": {"uv": [39, 69], "uv_size": [6, 2]},
								"west": {"uv": [67, 62], "uv_size": [7, 2]},
								"up": {"uv": [45, 44], "uv_size": [6, 7]},
								"down": {"uv": [0, 55], "uv_size": [6, -7]}
							}
						},
						{
							"origin": [-0.7081, -1.42744, -4.53806],
							"size": [1.37263, 0.56856, 1.76333],
							"pivot": [-0.02179, -1.14315, -3.65402],
							"rotation": [0, 0, 90],
							"uv": {
								"north": {"uv": [58, 69], "uv_size": [6, 2]},
								"east": {"uv": [68, 13], "uv_size": [7, 2]},
								"south": {"uv": [65, 69], "uv_size": [6, 2]},
								"west": {"uv": [68, 16], "uv_size": [7, 2]},
								"up": {"uv": [7, 48], "uv_size": [6, 7]},
								"down": {"uv": [14, 55], "uv_size": [6, -7]}
							}
						}
					]
				},
				{
					"name": "bone7",
					"parent": "bone2",
					"pivot": [-0.02179, -1.14315, -0.54142],
					"cubes": [
						{
							"origin": [-0.64848, -1.43927, -1.28869],
							"size": [1.27922, 0.52987, 1.49454],
							"pivot": [-0.05297, -1.17434, -4.53362],
							"rotation": [0, 0, -45],
							"uv": {
								"north": {"uv": [65, 75], "uv_size": [5, 2]},
								"east": {"uv": [28, 70], "uv_size": [6, 2]},
								"south": {"uv": [71, 75], "uv_size": [5, 2]},
								"west": {"uv": [70, 34], "uv_size": [6, 2]},
								"up": {"uv": [0, 56], "uv_size": [5, 6]},
								"down": {"uv": [6, 62], "uv_size": [5, -6]}
							}
						},
						{
							"origin": [-0.6614, -1.40809, -1.28869],
							"size": [1.27922, 0.52987, 1.49454],
							"uv": {
								"north": {"uv": [76, 12], "uv_size": [5, 2]},
								"east": {"uv": [70, 37], "uv_size": [6, 2]},
								"south": {"uv": [76, 15], "uv_size": [5, 2]},
								"west": {"uv": [70, 40], "uv_size": [6, 2]},
								"up": {"uv": [12, 56], "uv_size": [5, 6]},
								"down": {"uv": [18, 63], "uv_size": [5, -6]}
							}
						},
						{
							"origin": [-0.67431, -1.43927, -1.28869],
							"size": [1.27922, 0.52987, 1.49454],
							"pivot": [0.00939, -1.17434, -4.53362],
							"rotation": [0, 0, 45],
							"uv": {
								"north": {"uv": [27, 76], "uv_size": [5, 2]},
								"east": {"uv": [70, 43], "uv_size": [6, 2]},
								"south": {"uv": [76, 31], "uv_size": [5, 2]},
								"west": {"uv": [70, 46], "uv_size": [6, 2]},
								"up": {"uv": [51, 57], "uv_size": [5, 6]},
								"down": {"uv": [57, 63], "uv_size": [5, -6]}
							}
						},
						{
							"origin": [-0.70549, -1.45218, -1.28869],
							"size": [1.27922, 0.52987, 1.49454],
							"pivot": [-0.02179, -1.18725, -4.53362],
							"rotation": [0, 0, 90],
							"uv": {
								"north": {"uv": [76, 55], "uv_size": [5, 2]},
								"east": {"uv": [70, 49], "uv_size": [6, 2]},
								"south": {"uv": [76, 71], "uv_size": [5, 2]},
								"west": {"uv": [70, 52], "uv_size": [6, 2]},
								"up": {"uv": [24, 58], "uv_size": [5, 6]},
								"down": {"uv": [58, 42], "uv_size": [5, -6]}
							}
						}
					]
				}
			]
		}
	]
}