{
	"format_version": "1.12.0",
	"minecraft:geometry": [
		{
			"description": {
				"identifier": "geometry.TD-grip",
				"texture_width": 128,
				"texture_height": 128,
				"visible_bounds_width": 2,
				"visible_bounds_height": 1.5,
				"visible_bounds_offset": [0, 0.25, 0]
			},
			"bones": [
				{
					"name": "grip",
					"pivot": [0.88215, -0.23221, -0.36208],
					"cubes": [
						{
							"origin": [-0.87372, -0.51802, -1.55383],
							"size": [1.6744, 0.68264, 1.9964],
							"uv": {
								"north": {"uv": [32, 20], "uv_size": [7, 3]},
								"east": {"uv": [12, 32], "uv_size": [8, 3]},
								"south": {"uv": [32, 24], "uv_size": [7, 3]},
								"west": {"uv": [32, 16], "uv_size": [8, 3]},
								"up": {"uv": [24, 0], "uv_size": [7, 8]},
								"down": {"uv": [24, 17], "uv_size": [7, -8]}
							}
						},
						{
							"origin": [-1.00252, -0.45362, -0.78103],
							"size": [0.9016, 0.43792, 0.43792],
							"pivot": [-0.16532, -0.23466, -0.55563],
							"rotation": [-45, 0, 0],
							"uv": {
								"north": {"uv": [41, 17], "uv_size": [4, 2]},
								"east": {"uv": [7, 61], "uv_size": [2, 2]},
								"south": {"uv": [53, 43], "uv_size": [4, 2]},
								"west": {"uv": [21, 65], "uv_size": [2, 2]},
								"up": {"uv": [56, 28], "uv_size": [4, 2]},
								"down": {"uv": [31, 58], "uv_size": [4, -2]}
							}
						},
						{
							"origin": [0.80068, -0.45362, -1.29623],
							"size": [0.1932, 0.61824, 1.7388],
							"uv": {
								"north": {"uv": [46, 17], "uv_size": [1, 2]},
								"east": {"uv": [33, 36], "uv_size": [7, 2]},
								"south": {"uv": [52, 4], "uv_size": [1, 2]},
								"west": {"uv": [33, 39], "uv_size": [7, 2]},
								"up": {"uv": [36, 56], "uv_size": [1, 7]},
								"down": {"uv": [56, 63], "uv_size": [1, -7]}
							}
						},
						{
							"origin": [1.05828, -0.45362, -0.52343],
							"size": [0.1932, 0.61824, 1.5456],
							"uv": {
								"north": {"uv": [10, 61], "uv_size": [1, 2]},
								"east": {"uv": [41, 11], "uv_size": [6, 2]},
								"south": {"uv": [18, 66], "uv_size": [1, 2]},
								"west": {"uv": [41, 14], "uv_size": [6, 2]},
								"up": {"uv": [57, 6], "uv_size": [1, 6]},
								"down": {"uv": [12, 63], "uv_size": [1, -6]}
							}
						},
						{
							"origin": [1.25148, -0.45362, 0.86761],
							"size": [0.0644, 0.61824, 0.15456],
							"uv": {
								"north": {"uv": [66, 30], "uv_size": [1, 2]},
								"south": {"uv": [66, 33], "uv_size": [1, 2]},
								"west": {"uv": [66, 36], "uv_size": [1, 2]},
								"up": {"uv": [21, 63], "uv_size": [1, 1]},
								"down": {"uv": [18, 70], "uv_size": [1, -1]}
							}
						},
						{
							"origin": [1.25148, -0.45362, 0.54561],
							"size": [0.0644, 0.61824, 0.21896],
							"uv": {
								"north": {"uv": [66, 45], "uv_size": [1, 2]},
								"south": {"uv": [47, 66], "uv_size": [1, 2]},
								"west": {"uv": [66, 48], "uv_size": [1, 2]},
								"up": {"uv": [59, 69], "uv_size": [1, 1]},
								"down": {"uv": [70, 17], "uv_size": [1, -1]}
							}
						},
						{
							"origin": [1.25148, -0.45362, 0.22361],
							"size": [0.0644, 0.61824, 0.21896],
							"uv": {
								"north": {"uv": [49, 66], "uv_size": [1, 2]},
								"south": {"uv": [51, 66], "uv_size": [1, 2]},
								"west": {"uv": [66, 51], "uv_size": [1, 2]},
								"up": {"uv": [70, 18], "uv_size": [1, 1]},
								"down": {"uv": [20, 71], "uv_size": [1, -1]}
							}
						},
						{
							"origin": [1.00676, -0.45362, -0.58783],
							"size": [0.24472, 0.61824, 0.74704],
							"pivot": [1.15488, -0.1445, 0.18497],
							"rotation": [0, -20, 0],
							"uv": {
								"north": {"uv": [53, 66], "uv_size": [1, 2]},
								"east": {"uv": [57, 13], "uv_size": [3, 2]},
								"south": {"uv": [55, 66], "uv_size": [1, 2]},
								"west": {"uv": [14, 57], "uv_size": [3, 2]},
								"up": {"uv": [39, 42], "uv_size": [1, 3]},
								"down": {"uv": [18, 46], "uv_size": [1, -3]}
							}
						},
						{
							"origin": [1.29944, -0.29906, -0.57256],
							"size": [0.24472, 0.30912, 0.48944],
							"pivot": [1.4218, -0.1445, -0.19904],
							"rotation": [0, 5, 0],
							"uv": {
								"north": {"uv": [70, 20], "uv_size": [1, 1]},
								"east": {"uv": [66, 26], "uv_size": [2, 1]},
								"south": {"uv": [22, 70], "uv_size": [1, 1]},
								"west": {"uv": [66, 39], "uv_size": [2, 1]},
								"up": {"uv": [57, 66], "uv_size": [1, 2]},
								"down": {"uv": [59, 68], "uv_size": [1, -2]}
							}
						},
						{
							"origin": [0.99477, -0.00282, -0.76578],
							"size": [0.5152, 0.16744, 0.2576],
							"uv": {
								"north": {"uv": [61, 66], "uv_size": [2, 1]},
								"east": {"uv": [70, 22], "uv_size": [1, 1]},
								"south": {"uv": [0, 67], "uv_size": [2, 1]},
								"west": {"uv": [24, 70], "uv_size": [1, 1]},
								"up": {"uv": [3, 67], "uv_size": [2, 1]},
								"down": {"uv": [32, 68], "uv_size": [2, -1]}
							}
						},
						{
							"origin": [0.99477, -0.00282, -0.94793],
							"size": [0.33305, 0.16744, 0.18215],
							"uv": {
								"north": {"uv": [70, 24], "uv_size": [1, 1]},
								"east": {"uv": [26, 70], "uv_size": [1, 1]},
								"south": {"uv": [35, 70], "uv_size": [1, 1]},
								"west": {"uv": [37, 70], "uv_size": [1, 1]},
								"up": {"uv": [39, 70], "uv_size": [1, 1]},
								"down": {"uv": [70, 41], "uv_size": [1, -1]}
							}
						},
						{
							"origin": [1.23674, -0.00282, -0.98566],
							"size": [0.2576, 0.16744, 0.09016],
							"pivot": [1.23674, -0.1445, -0.85686],
							"rotation": [0, -45, 0],
							"uv": {
								"north": {"uv": [41, 70], "uv_size": [1, 1]},
								"east": {"uv": [43, 70], "uv_size": [1, 1]},
								"south": {"uv": [45, 70], "uv_size": [1, 1]},
								"west": {"uv": [61, 70], "uv_size": [1, 1]},
								"up": {"uv": [70, 67], "uv_size": [1, 1]},
								"down": {"uv": [70, 70], "uv_size": [1, -1]}
							}
						},
						{
							"origin": [1.1475, -0.49226, -0.8173],
							"size": [0.2576, 0.69552, 0.2576],
							"pivot": [1.2763, 0.0809, -0.6885],
							"rotation": [0, -45, 0],
							"uv": {
								"north": {"uv": [49, 7], "uv_size": [1, 3]},
								"east": {"uv": [54, 16], "uv_size": [1, 3]},
								"south": {"uv": [21, 59], "uv_size": [1, 3]},
								"west": {"uv": [30, 65], "uv_size": [1, 3]},
								"up": {"uv": [0, 71], "uv_size": [1, 1]},
								"down": {"uv": [71, 1], "uv_size": [1, -1]}
							}
						},
						{
							"origin": [0.99477, -0.45362, -0.76578],
							"size": [0.5152, 0.16744, 0.2576],
							"uv": {
								"north": {"uv": [64, 67], "uv_size": [2, 1]},
								"east": {"uv": [2, 71], "uv_size": [1, 1]},
								"south": {"uv": [67, 67], "uv_size": [2, 1]},
								"west": {"uv": [71, 2], "uv_size": [1, 1]},
								"up": {"uv": [6, 68], "uv_size": [2, 1]},
								"down": {"uv": [9, 69], "uv_size": [2, -1]}
							}
						},
						{
							"origin": [1.23674, -0.45362, -0.98566],
							"size": [0.2576, 0.16744, 0.09016],
							"pivot": [1.23674, -0.1445, -0.85686],
							"rotation": [0, -45, 0],
							"uv": {
								"north": {"uv": [4, 71], "uv_size": [1, 1]},
								"east": {"uv": [71, 4], "uv_size": [1, 1]},
								"south": {"uv": [71, 12], "uv_size": [1, 1]},
								"west": {"uv": [71, 14], "uv_size": [1, 1]},
								"up": {"uv": [18, 71], "uv_size": [1, 1]},
								"down": {"uv": [28, 72], "uv_size": [1, -1]}
							}
						},
						{
							"origin": [0.99477, -0.45362, -0.94793],
							"size": [0.33305, 0.16744, 0.18215],
							"uv": {
								"north": {"uv": [71, 28], "uv_size": [1, 1]},
								"east": {"uv": [30, 71], "uv_size": [1, 1]},
								"south": {"uv": [71, 30], "uv_size": [1, 1]},
								"west": {"uv": [32, 71], "uv_size": [1, 1]},
								"up": {"uv": [71, 32], "uv_size": [1, 1]},
								"down": {"uv": [71, 35], "uv_size": [1, -1]}
							}
						},
						{
							"origin": [-0.87372, -0.9734, -0.84085],
							"size": [1.6744, 0.45538, 0.57044],
							"uv": {
								"north": {"uv": [12, 40], "uv_size": [7, 2]},
								"east": {"uv": [24, 65], "uv_size": [2, 2]},
								"south": {"uv": [40, 20], "uv_size": [7, 2]},
								"west": {"uv": [27, 65], "uv_size": [2, 2]},
								"up": {"uv": [40, 23], "uv_size": [7, 2]},
								"down": {"uv": [41, 10], "uv_size": [7, -2]}
							}
						},
						{
							"origin": [-0.87372, -1.30105, -1.33781],
							"size": [1.6744, 0.36064, 0.644],
							"pivot": [-0.03652, -0.95973, -0.37181],
							"rotation": [-45, 0, 0],
							"uv": {
								"north": {"uv": [56, 41], "uv_size": [7, 1]},
								"east": {"uv": [66, 18], "uv_size": [3, 1]},
								"south": {"uv": [57, 0], "uv_size": [7, 1]},
								"west": {"uv": [66, 20], "uv_size": [3, 1]},
								"up": {"uv": [33, 28], "uv_size": [7, 3]},
								"down": {"uv": [33, 35], "uv_size": [7, -3]}
							}
						},
						{
							"origin": [-0.87372, -0.93675, -0.56834],
							"size": [1.6744, 0.36064, 0.644],
							"pivot": [-0.03652, -0.59543, -0.37514],
							"rotation": [45, 0, 0],
							"uv": {
								"north": {"uv": [57, 2], "uv_size": [7, 1]},
								"east": {"uv": [66, 22], "uv_size": [3, 1]},
								"south": {"uv": [57, 4], "uv_size": [7, 1]},
								"west": {"uv": [66, 24], "uv_size": [3, 1]},
								"up": {"uv": [35, 0], "uv_size": [7, 3]},
								"down": {"uv": [35, 7], "uv_size": [7, -3]}
							}
						}
					]
				},
				{
					"name": "bone39",
					"parent": "grip",
					"pivot": [-0.03652, -0.9495, -0.55566],
					"cubes": [
						{
							"origin": [-0.32954, -4.26256, -1.26307],
							"size": [0.58604, 3.79252, 1.41482],
							"uv": {
								"north": {"uv": [24, 30], "uv_size": [2, 15]},
								"east": {"uv": [0, 0], "uv_size": [5, 15]},
								"south": {"uv": [27, 30], "uv_size": [2, 15]},
								"west": {"uv": [6, 0], "uv_size": [5, 15]},
								"up": {"uv": [25, 53], "uv_size": [2, 5]},
								"down": {"uv": [53, 30], "uv_size": [2, -5]}
							}
						},
						{
							"origin": [-0.27096, -4.26256, -1.20449],
							"size": [0.58604, 3.79252, 1.41483],
							"pivot": [0.02206, -0.9495, -0.55566],
							"rotation": [0, -90, 0],
							"uv": {
								"north": {"uv": [30, 30], "uv_size": [2, 15]},
								"east": {"uv": [12, 0], "uv_size": [5, 15]},
								"south": {"uv": [0, 32], "uv_size": [2, 15]},
								"west": {"uv": [0, 16], "uv_size": [5, 15]},
								"up": {"uv": [28, 53], "uv_size": [2, 5]},
								"down": {"uv": [53, 36], "uv_size": [2, -5]}
							}
						},
						{
							"origin": [-0.45128, -4.26256, -0.17409],
							"size": [0.84364, 2.76212, 0.38443],
							"pivot": [-0.02946, -0.9495, -0.55566],
							"rotation": [0, -90, 0],
							"uv": {
								"north": {"uv": [24, 18], "uv_size": [3, 11]},
								"east": {"uv": [21, 47], "uv_size": [1, 11]},
								"south": {"uv": [28, 18], "uv_size": [3, 11]},
								"west": {"uv": [23, 53], "uv_size": [1, 11]},
								"up": {"uv": [65, 43], "uv_size": [3, 1]},
								"down": {"uv": [65, 56], "uv_size": [3, -1]}
							}
						},
						{
							"origin": [-1.17765, -2.0472, -0.72211],
							"size": [0.79212, 0.22476, 0.22986],
							"pivot": [-0.78159, -1.9477, -0.55566],
							"rotation": [-45, -90, 0],
							"uv": {
								"north": {"uv": [65, 57], "uv_size": [3, 1]},
								"east": {"uv": [71, 36], "uv_size": [1, 1]},
								"south": {"uv": [65, 59], "uv_size": [3, 1]},
								"west": {"uv": [71, 45], "uv_size": [1, 1]},
								"up": {"uv": [65, 61], "uv_size": [3, 1]},
								"down": {"uv": [65, 64], "uv_size": [3, -1]}
							}
						},
						{
							"origin": [-1.17765, -2.79424, -0.72211],
							"size": [0.79212, 0.22476, 0.22986],
							"pivot": [-0.78159, -2.69474, -0.55566],
							"rotation": [-45, -90, 0],
							"uv": {
								"north": {"uv": [65, 65], "uv_size": [3, 1]},
								"east": {"uv": [47, 71], "uv_size": [1, 1]},
								"south": {"uv": [6, 66], "uv_size": [3, 1]},
								"west": {"uv": [71, 47], "uv_size": [1, 1]},
								"up": {"uv": [66, 6], "uv_size": [3, 1]},
								"down": {"uv": [66, 9], "uv_size": [3, -1]}
							}
						},
						{
							"origin": [-1.17765, -3.5928, -0.72211],
							"size": [0.79212, 0.22476, 0.22986],
							"pivot": [-0.78159, -3.4933, -0.55566],
							"rotation": [-45, -90, 0],
							"uv": {
								"north": {"uv": [10, 66], "uv_size": [3, 1]},
								"east": {"uv": [49, 71], "uv_size": [1, 1]},
								"south": {"uv": [66, 10], "uv_size": [3, 1]},
								"west": {"uv": [71, 49], "uv_size": [1, 1]},
								"up": {"uv": [14, 66], "uv_size": [3, 1]},
								"down": {"uv": [66, 17], "uv_size": [3, -1]}
							}
						},
						{
							"origin": [-0.28812, -4.26256, -1.24591],
							"size": [0.58604, 3.79252, 1.41483],
							"pivot": [0.0049, -0.9495, -0.59708],
							"rotation": [0, -45, 0],
							"uv": {
								"north": {"uv": [32, 0], "uv_size": [2, 15]},
								"east": {"uv": [6, 16], "uv_size": [5, 15]},
								"south": {"uv": [3, 32], "uv_size": [2, 15]},
								"west": {"uv": [12, 16], "uv_size": [5, 15]},
								"up": {"uv": [53, 37], "uv_size": [2, 5]},
								"down": {"uv": [54, 9], "uv_size": [2, -5]}
							}
						},
						{
							"origin": [-0.37096, -4.26256, -1.24591],
							"size": [0.58604, 3.79252, 1.41483],
							"pivot": [-0.07794, -0.9495, -0.59708],
							"rotation": [0, 45, 0],
							"uv": {
								"north": {"uv": [6, 32], "uv_size": [2, 15]},
								"east": {"uv": [18, 0], "uv_size": [5, 15]},
								"south": {"uv": [9, 32], "uv_size": [2, 15]},
								"west": {"uv": [18, 16], "uv_size": [5, 15]},
								"up": {"uv": [54, 10], "uv_size": [2, 5]},
								"down": {"uv": [18, 59], "uv_size": [2, -5]}
							}
						}
					]
				},
				{
					"name": "bone41",
					"parent": "grip",
					"pivot": [0.02788, -1.43894, -0.55566],
					"cubes": [
						{
							"origin": [-0.28272, -1.32635, -1.30552],
							"size": [0.6212, 0.31578, 1.49971],
							"uv": {
								"north": {"uv": [12, 68], "uv_size": [2, 1]},
								"east": {"uv": [58, 43], "uv_size": [6, 1]},
								"south": {"uv": [68, 12], "uv_size": [2, 1]},
								"west": {"uv": [58, 56], "uv_size": [6, 1]},
								"up": {"uv": [20, 40], "uv_size": [2, 6]},
								"down": {"uv": [41, 32], "uv_size": [2, -6]}
							}
						},
						{
							"origin": [-0.28272, -1.32635, -1.30552],
							"size": [0.6212, 0.31578, 1.49971],
							"pivot": [0.02788, -1.24574, -0.55566],
							"rotation": [0, -90, 0],
							"uv": {
								"north": {"uv": [68, 14], "uv_size": [2, 1]},
								"east": {"uv": [58, 58], "uv_size": [6, 1]},
								"south": {"uv": [15, 68], "uv_size": [2, 1]},
								"west": {"uv": [59, 6], "uv_size": [6, 1]},
								"up": {"uv": [41, 33], "uv_size": [2, 6]},
								"down": {"uv": [41, 46], "uv_size": [2, -6]}
							}
						},
						{
							"origin": [-0.28272, -1.32635, -1.30552],
							"size": [0.6212, 0.31578, 1.49971],
							"pivot": [0.02788, -1.24574, -0.55566],
							"rotation": [0, -45, 0],
							"uv": {
								"north": {"uv": [20, 68], "uv_size": [2, 1]},
								"east": {"uv": [59, 8], "uv_size": [6, 1]},
								"south": {"uv": [23, 68], "uv_size": [2, 1]},
								"west": {"uv": [59, 10], "uv_size": [6, 1]},
								"up": {"uv": [33, 42], "uv_size": [2, 6]},
								"down": {"uv": [36, 48], "uv_size": [2, -6]}
							}
						},
						{
							"origin": [-0.28272, -1.32635, -1.30552],
							"size": [0.6212, 0.31578, 1.49971],
							"pivot": [0.02788, -1.24574, -0.55566],
							"rotation": [0, 45, 0],
							"uv": {
								"north": {"uv": [26, 68], "uv_size": [2, 1]},
								"east": {"uv": [59, 16], "uv_size": [6, 1]},
								"south": {"uv": [68, 28], "uv_size": [2, 1]},
								"west": {"uv": [59, 18], "uv_size": [6, 1]},
								"up": {"uv": [43, 0], "uv_size": [2, 6]},
								"down": {"uv": [12, 49], "uv_size": [2, -6]}
							}
						}
					]
				},
				{
					"name": "bone42",
					"parent": "grip",
					"pivot": [0.02788, -2.21174, -0.55566],
					"cubes": [
						{
							"origin": [-0.28272, -2.09915, -1.30552],
							"size": [0.6212, 0.31578, 1.49971],
							"uv": {
								"north": {"uv": [68, 30], "uv_size": [2, 1]},
								"east": {"uv": [59, 20], "uv_size": [6, 1]},
								"south": {"uv": [68, 32], "uv_size": [2, 1]},
								"west": {"uv": [59, 22], "uv_size": [6, 1]},
								"up": {"uv": [15, 43], "uv_size": [2, 6]},
								"down": {"uv": [44, 32], "uv_size": [2, -6]}
							}
						},
						{
							"origin": [-0.28272, -2.09915, -1.30552],
							"size": [0.6212, 0.31578, 1.49971],
							"pivot": [0.02788, -2.01854, -0.55566],
							"rotation": [0, -90, 0],
							"uv": {
								"north": {"uv": [68, 34], "uv_size": [2, 1]},
								"east": {"uv": [59, 24], "uv_size": [6, 1]},
								"south": {"uv": [35, 68], "uv_size": [2, 1]},
								"west": {"uv": [25, 59], "uv_size": [6, 1]},
								"up": {"uv": [44, 33], "uv_size": [2, 6]},
								"down": {"uv": [44, 46], "uv_size": [2, -6]}
							}
						},
						{
							"origin": [-0.28272, -2.09915, -1.30552],
							"size": [0.6212, 0.31578, 1.49971],
							"pivot": [0.02788, -2.01854, -0.55566],
							"rotation": [0, -45, 0],
							"uv": {
								"north": {"uv": [68, 36], "uv_size": [2, 1]},
								"east": {"uv": [59, 26], "uv_size": [6, 1]},
								"south": {"uv": [38, 68], "uv_size": [2, 1]},
								"west": {"uv": [59, 31], "uv_size": [6, 1]},
								"up": {"uv": [46, 0], "uv_size": [2, 6]},
								"down": {"uv": [23, 52], "uv_size": [2, -6]}
							}
						},
						{
							"origin": [-0.28272, -2.09915, -1.30552],
							"size": [0.6212, 0.31578, 1.49971],
							"pivot": [0.02788, -2.01854, -0.55566],
							"rotation": [0, 45, 0],
							"uv": {
								"north": {"uv": [41, 68], "uv_size": [2, 1]},
								"east": {"uv": [59, 33], "uv_size": [6, 1]},
								"south": {"uv": [44, 68], "uv_size": [2, 1]},
								"west": {"uv": [59, 35], "uv_size": [6, 1]},
								"up": {"uv": [26, 46], "uv_size": [2, 6]},
								"down": {"uv": [29, 52], "uv_size": [2, -6]}
							}
						}
					]
				},
				{
					"name": "bone43",
					"parent": "grip",
					"pivot": [0.02788, -2.98454, -0.55566],
					"cubes": [
						{
							"origin": [-0.28272, -2.87195, -1.30552],
							"size": [0.6212, 0.31578, 1.49971],
							"uv": {
								"north": {"uv": [68, 45], "uv_size": [2, 1]},
								"east": {"uv": [59, 37], "uv_size": [6, 1]},
								"south": {"uv": [68, 47], "uv_size": [2, 1]},
								"west": {"uv": [59, 39], "uv_size": [6, 1]},
								"up": {"uv": [18, 47], "uv_size": [2, 6]},
								"down": {"uv": [47, 32], "uv_size": [2, -6]}
							}
						},
						{
							"origin": [-0.28272, -2.87195, -1.30552],
							"size": [0.6212, 0.31578, 1.49971],
							"pivot": [0.02788, -2.79134, -0.55566],
							"rotation": [0, -90, 0],
							"uv": {
								"north": {"uv": [68, 49], "uv_size": [2, 1]},
								"east": {"uv": [59, 45], "uv_size": [6, 1]},
								"south": {"uv": [68, 51], "uv_size": [2, 1]},
								"west": {"uv": [59, 47], "uv_size": [6, 1]},
								"up": {"uv": [47, 33], "uv_size": [2, 6]},
								"down": {"uv": [39, 53], "uv_size": [2, -6]}
							}
						},
						{
							"origin": [-0.28272, -2.87195, -1.30552],
							"size": [0.6212, 0.31578, 1.49971],
							"pivot": [0.02788, -2.79134, -0.55566],
							"rotation": [0, -45, 0],
							"uv": {
								"north": {"uv": [68, 53], "uv_size": [2, 1]},
								"east": {"uv": [59, 49], "uv_size": [6, 1]},
								"south": {"uv": [61, 68], "uv_size": [2, 1]},
								"west": {"uv": [59, 51], "uv_size": [6, 1]},
								"up": {"uv": [47, 40], "uv_size": [2, 6]},
								"down": {"uv": [42, 53], "uv_size": [2, -6]}
							}
						},
						{
							"origin": [-0.28272, -2.87195, -1.30552],
							"size": [0.6212, 0.31578, 1.49971],
							"pivot": [0.02788, -2.79134, -0.55566],
							"rotation": [0, 45, 0],
							"uv": {
								"north": {"uv": [0, 69], "uv_size": [2, 1]},
								"east": {"uv": [59, 53], "uv_size": [6, 1]},
								"south": {"uv": [3, 69], "uv_size": [2, 1]},
								"west": {"uv": [14, 60], "uv_size": [6, 1]},
								"up": {"uv": [45, 47], "uv_size": [2, 6]},
								"down": {"uv": [0, 54], "uv_size": [2, -6]}
							}
						}
					]
				},
				{
					"name": "bone44",
					"parent": "grip",
					"pivot": [0.02788, -3.75734, -0.55566],
					"cubes": [
						{
							"origin": [-0.28272, -3.64475, -1.30552],
							"size": [0.6212, 0.31578, 1.49971],
							"uv": {
								"north": {"uv": [69, 26], "uv_size": [2, 1]},
								"east": {"uv": [38, 60], "uv_size": [6, 1]},
								"south": {"uv": [29, 69], "uv_size": [2, 1]},
								"west": {"uv": [45, 60], "uv_size": [6, 1]},
								"up": {"uv": [3, 48], "uv_size": [2, 6]},
								"down": {"uv": [6, 54], "uv_size": [2, -6]}
							}
						},
						{
							"origin": [-0.28272, -3.64475, -1.30552],
							"size": [0.6212, 0.31578, 1.49971],
							"pivot": [0.02788, -3.56414, -0.55566],
							"rotation": [0, -90, 0],
							"uv": {
								"north": {"uv": [32, 69], "uv_size": [2, 1]},
								"east": {"uv": [58, 60], "uv_size": [6, 1]},
								"south": {"uv": [69, 38], "uv_size": [2, 1]},
								"west": {"uv": [0, 61], "uv_size": [6, 1]},
								"up": {"uv": [9, 48], "uv_size": [2, 6]},
								"down": {"uv": [48, 17], "uv_size": [2, -6]}
							}
						},
						{
							"origin": [-0.28272, -3.64475, -1.30552],
							"size": [0.6212, 0.31578, 1.49971],
							"pivot": [0.02788, -3.56414, -0.55566],
							"rotation": [0, -45, 0],
							"uv": {
								"north": {"uv": [69, 43], "uv_size": [2, 1]},
								"east": {"uv": [61, 12], "uv_size": [6, 1]},
								"south": {"uv": [47, 69], "uv_size": [2, 1]},
								"west": {"uv": [61, 14], "uv_size": [6, 1]},
								"up": {"uv": [48, 18], "uv_size": [2, 6]},
								"down": {"uv": [48, 53], "uv_size": [2, -6]}
							}
						},
						{
							"origin": [-0.28272, -3.64475, -1.30552],
							"size": [0.6212, 0.31578, 1.49971],
							"pivot": [0.02788, -3.56414, -0.55566],
							"rotation": [0, 45, 0],
							"uv": {
								"north": {"uv": [50, 69], "uv_size": [2, 1]},
								"east": {"uv": [25, 61], "uv_size": [6, 1]},
								"south": {"uv": [53, 69], "uv_size": [2, 1]},
								"west": {"uv": [61, 28], "uv_size": [6, 1]},
								"up": {"uv": [49, 0], "uv_size": [2, 6]},
								"down": {"uv": [32, 55], "uv_size": [2, -6]}
							}
						}
					]
				},
				{
					"name": "bone46",
					"parent": "grip",
					"pivot": [0.02788, -4.40134, -0.55566],
					"cubes": [
						{
							"origin": [-0.28272, -4.28875, -1.30552],
							"size": [0.6212, 0.31578, 1.49971],
							"uv": {
								"north": {"uv": [69, 55], "uv_size": [2, 1]},
								"east": {"uv": [14, 62], "uv_size": [6, 1]},
								"south": {"uv": [56, 69], "uv_size": [2, 1]},
								"west": {"uv": [38, 62], "uv_size": [6, 1]},
								"up": {"uv": [35, 49], "uv_size": [2, 6]},
								"down": {"uv": [12, 56], "uv_size": [2, -6]}
							}
						},
						{
							"origin": [-0.28272, -4.28875, -1.30552],
							"size": [0.6212, 0.31578, 1.49971],
							"pivot": [0.02788, -4.20814, -0.55566],
							"rotation": [0, -90, 0],
							"uv": {
								"north": {"uv": [69, 57], "uv_size": [2, 1]},
								"east": {"uv": [45, 62], "uv_size": [6, 1]},
								"south": {"uv": [69, 59], "uv_size": [2, 1]},
								"west": {"uv": [58, 62], "uv_size": [6, 1]},
								"up": {"uv": [15, 50], "uv_size": [2, 6]},
								"down": {"uv": [50, 31], "uv_size": [2, -6]}
							}
						},
						{
							"origin": [-0.28272, -4.28875, -1.30552],
							"size": [0.6212, 0.31578, 1.49971],
							"pivot": [0.02788, -4.20814, -0.55566],
							"rotation": [0, -45, 0],
							"uv": {
								"north": {"uv": [69, 61], "uv_size": [2, 1]},
								"east": {"uv": [0, 63], "uv_size": [6, 1]},
								"south": {"uv": [69, 63], "uv_size": [2, 1]},
								"west": {"uv": [25, 63], "uv_size": [6, 1]},
								"up": {"uv": [50, 32], "uv_size": [2, 6]},
								"down": {"uv": [50, 45], "uv_size": [2, -6]}
							}
						},
						{
							"origin": [-0.28272, -4.28875, -1.30552],
							"size": [0.6212, 0.31578, 1.49971],
							"pivot": [0.02788, -4.20814, -0.55566],
							"rotation": [0, 45, 0],
							"uv": {
								"north": {"uv": [64, 69], "uv_size": [2, 1]},
								"east": {"uv": [7, 64], "uv_size": [6, 1]},
								"south": {"uv": [69, 65], "uv_size": [2, 1]},
								"west": {"uv": [14, 64], "uv_size": [6, 1]},
								"up": {"uv": [51, 7], "uv_size": [2, 6]},
								"down": {"uv": [51, 20], "uv_size": [2, -6]}
							}
						}
					]
				},
				{
					"name": "bone40",
					"parent": "grip",
					"pivot": [-0.03652, -4.5559, -0.55566],
					"cubes": [
						{
							"origin": [-0.25819, -4.91861, -1.15522],
							"size": [0.44334, 0.72542, 1.19912],
							"uv": {
								"north": {"uv": [21, 32], "uv_size": [2, 3]},
								"east": {"uv": [35, 8], "uv_size": [5, 3]},
								"south": {"uv": [32, 59], "uv_size": [2, 3]},
								"west": {"uv": [35, 12], "uv_size": [5, 3]},
								"up": {"uv": [38, 54], "uv_size": [2, 5]},
								"down": {"uv": [41, 59], "uv_size": [2, -5]}
							}
						},
						{
							"origin": [-0.21387, -4.91861, -1.1109],
							"size": [0.44334, 0.72542, 1.19912],
							"pivot": [0.0078, -2.41228, -0.55566],
							"rotation": [0, -90, 0],
							"uv": {
								"north": {"uv": [52, 60], "uv_size": [2, 3]},
								"east": {"uv": [12, 36], "uv_size": [5, 3]},
								"south": {"uv": [32, 63], "uv_size": [2, 3]},
								"west": {"uv": [18, 36], "uv_size": [5, 3]},
								"up": {"uv": [44, 54], "uv_size": [2, 5]},
								"down": {"uv": [47, 59], "uv_size": [2, -5]}
							}
						},
						{
							"origin": [-0.22685, -4.91861, -1.01344],
							"size": [0.44334, 0.72542, 0.94152],
							"pivot": [-0.00518, -2.41228, -0.587],
							"rotation": [0, -45, 0],
							"uv": {
								"north": {"uv": [35, 64], "uv_size": [2, 3]},
								"east": {"uv": [51, 21], "uv_size": [4, 3]},
								"south": {"uv": [38, 64], "uv_size": [2, 3]},
								"west": {"uv": [51, 46], "uv_size": [4, 3]},
								"up": {"uv": [56, 31], "uv_size": [2, 4]},
								"down": {"uv": [56, 40], "uv_size": [2, -4]}
							}
						},
						{
							"origin": [-0.28953, -4.91861, -1.01344],
							"size": [0.44334, 0.72542, 0.94152],
							"pivot": [-0.06786, -2.41228, -0.587],
							"rotation": [0, 45, 0],
							"uv": {
								"north": {"uv": [41, 64], "uv_size": [2, 3]},
								"east": {"uv": [51, 50], "uv_size": [4, 3]},
								"south": {"uv": [44, 64], "uv_size": [2, 3]},
								"west": {"uv": [52, 0], "uv_size": [4, 3]},
								"up": {"uv": [56, 46], "uv_size": [2, 4]},
								"down": {"uv": [56, 55], "uv_size": [2, -4]}
							}
						}
					]
				},
				{
					"name": "bone45",
					"parent": "grip",
					"pivot": [-0.03652, -4.5559, -0.55566],
					"cubes": [
						{
							"origin": [-0.29366, -4.44856, -1.17644],
							"size": [0.51427, 0.31341, 1.24157],
							"uv": {
								"north": {"uv": [67, 69], "uv_size": [2, 1]},
								"east": {"uv": [64, 41], "uv_size": [5, 1]},
								"south": {"uv": [6, 70], "uv_size": [2, 1]},
								"west": {"uv": [47, 64], "uv_size": [5, 1]},
								"up": {"uv": [50, 54], "uv_size": [2, 5]},
								"down": {"uv": [53, 59], "uv_size": [2, -5]}
							}
						},
						{
							"origin": [-0.24225, -4.44856, -1.12503],
							"size": [0.51427, 0.31341, 1.24157],
							"pivot": [0.01489, -2.0693, -0.55566],
							"rotation": [0, -90, 0],
							"uv": {
								"north": {"uv": [70, 6], "uv_size": [2, 1]},
								"east": {"uv": [53, 64], "uv_size": [5, 1]},
								"south": {"uv": [70, 8], "uv_size": [2, 1]},
								"west": {"uv": [59, 64], "uv_size": [5, 1]},
								"up": {"uv": [0, 55], "uv_size": [2, 5]},
								"down": {"uv": [3, 60], "uv_size": [2, -5]}
							}
						},
						{
							"origin": [-0.25731, -4.44856, -1.16139],
							"size": [0.51428, 0.31341, 1.24157],
							"pivot": [-0.00017, -2.0693, -0.59201],
							"rotation": [0, -45, 0],
							"uv": {
								"north": {"uv": [9, 70], "uv_size": [2, 1]},
								"east": {"uv": [0, 65], "uv_size": [5, 1]},
								"south": {"uv": [70, 10], "uv_size": [2, 1]},
								"west": {"uv": [65, 0], "uv_size": [5, 1]},
								"up": {"uv": [6, 55], "uv_size": [2, 5]},
								"down": {"uv": [9, 60], "uv_size": [2, -5]}
							}
						},
						{
							"origin": [-0.33001, -4.44856, -1.16139],
							"size": [0.51428, 0.31341, 1.24157],
							"pivot": [-0.07287, -2.0693, -0.59201],
							"rotation": [0, 45, 0],
							"uv": {
								"north": {"uv": [12, 70], "uv_size": [2, 1]},
								"east": {"uv": [65, 2], "uv_size": [5, 1]},
								"south": {"uv": [15, 70], "uv_size": [2, 1]},
								"west": {"uv": [65, 4], "uv_size": [5, 1]},
								"up": {"uv": [56, 16], "uv_size": [2, 5]},
								"down": {"uv": [56, 27], "uv_size": [2, -5]}
							}
						}
					]
				}
			]
		}
	]
}