{
	"format_version": "1.12.0",
	"minecraft:geometry": [
		{
			"description": {
				"identifier": "geometry.TD-grip",
				"texture_width": 64,
				"texture_height": 64,
				"visible_bounds_width": 2,
				"visible_bounds_height": 1.5,
				"visible_bounds_offset": [0, 0.25, 0]
			},
			"bones": [
				{
					"name": "grip",
					"pivot": [0.88769, -0.22465, -0.36572],
					"cubes": [
						{
							"origin": [-0.88574, -0.51333, -1.56938],
							"size": [1.69114, 0.68947, 2.01636],
							"uv": {
								"north": {"uv": [30, 15], "uv_size": [7, 3]},
								"east": {"uv": [2, 30], "uv_size": [8, 3]},
								"south": {"uv": [30, 18], "uv_size": [7, 3]},
								"west": {"uv": [10, 30], "uv_size": [8, 3]},
								"up": {"uv": [20, 0], "uv_size": [7, 8]},
								"down": {"uv": [20, 16], "uv_size": [7, -8]}
							}
						},
						{
							"origin": [-1.01583, -0.44828, -0.78886],
							"size": [0.91062, 0.4423, 0.4423],
							"pivot": [-0.17025, -0.22713, -0.5612],
							"rotation": [-45, 0, 0],
							"uv": {
								"north": {"uv": [45, 12], "uv_size": [4, 2]},
								"east": {"uv": [26, 31], "uv_size": [2, 2]},
								"south": {"uv": [45, 14], "uv_size": [4, 2]},
								"west": {"uv": [12, 49], "uv_size": [2, 2]},
								"up": {"uv": [16, 45], "uv_size": [4, 2]},
								"down": {"uv": [45, 18], "uv_size": [4, -2]}
							}
						},
						{
							"origin": [0.80541, -0.44828, -1.30921],
							"size": [0.19513, 0.62442, 1.75619],
							"uv": {
								"north": {"uv": [15, 35], "uv_size": [1, 2]},
								"east": {"uv": [31, 12], "uv_size": [7, 2]},
								"south": {"uv": [38, 12], "uv_size": [1, 2]},
								"west": {"uv": [2, 33], "uv_size": [7, 2]},
								"up": {"uv": [24, 45], "uv_size": [1, 7]},
								"down": {"uv": [25, 52], "uv_size": [1, -7]}
							}
						},
						{
							"origin": [1.06558, -0.44828, -0.52868],
							"size": [0.19513, 0.62442, 1.56106],
							"uv": {
								"north": {"uv": [23, 49], "uv_size": [1, 2]},
								"east": {"uv": [9, 35], "uv_size": [6, 2]},
								"south": {"uv": [38, 50], "uv_size": [1, 2]},
								"west": {"uv": [26, 35], "uv_size": [6, 2]},
								"up": {"uv": [45, 29], "uv_size": [1, 6]},
								"down": {"uv": [45, 41], "uv_size": [1, -6]}
							}
						},
						{
							"origin": [1.26071, -0.44828, 0.87627],
							"size": [0.06504, 0.62442, 0.15611],
							"uv": {
								"north": {"uv": [39, 50], "uv_size": [1, 2]},
								"south": {"uv": [50, 50], "uv_size": [1, 2]},
								"west": {"uv": [0, 51], "uv_size": [1, 2]},
								"up": {"uv": [27, 15], "uv_size": [1, 1]},
								"down": {"uv": [42, 42], "uv_size": [1, -1]}
							}
						},
						{
							"origin": [1.26071, -0.44828, 0.55105],
							"size": [0.06504, 0.62442, 0.22115],
							"uv": {
								"north": {"uv": [1, 51], "uv_size": [1, 2]},
								"south": {"uv": [2, 51], "uv_size": [1, 2]},
								"west": {"uv": [3, 51], "uv_size": [1, 2]},
								"up": {"uv": [19, 47], "uv_size": [1, 1]},
								"down": {"uv": [15, 52], "uv_size": [1, -1]}
							}
						},
						{
							"origin": [1.26071, -0.44828, 0.22583],
							"size": [0.06504, 0.62442, 0.22115],
							"uv": {
								"north": {"uv": [4, 51], "uv_size": [1, 2]},
								"south": {"uv": [5, 51], "uv_size": [1, 2]},
								"west": {"uv": [6, 51], "uv_size": [1, 2]},
								"up": {"uv": [49, 51], "uv_size": [1, 1]},
								"down": {"uv": [52, 37], "uv_size": [1, -1]}
							}
						},
						{
							"origin": [1.01355, -0.44828, -0.59372],
							"size": [0.24717, 0.62442, 0.75451],
							"pivot": [1.16315, -0.13607, 0.1868],
							"rotation": [0, -20, 0],
							"uv": {
								"north": {"uv": [7, 51], "uv_size": [1, 2]},
								"east": {"uv": [45, 41], "uv_size": [3, 2]},
								"south": {"uv": [8, 51], "uv_size": [1, 2]},
								"west": {"uv": [45, 43], "uv_size": [3, 2]},
								"up": {"uv": [39, 30], "uv_size": [1, 3]},
								"down": {"uv": [49, 17], "uv_size": [1, -3]}
							}
						},
						{
							"origin": [1.30915, -0.29218, -0.5783],
							"size": [0.24717, 0.31221, 0.49433],
							"pivot": [1.43273, -0.13607, -0.20105],
							"rotation": [0, 5, 0],
							"uv": {
								"north": {"uv": [37, 52], "uv_size": [1, 1]},
								"east": {"uv": [37, 32], "uv_size": [2, 1]},
								"south": {"uv": [52, 37], "uv_size": [1, 1]},
								"west": {"uv": [51, 5], "uv_size": [2, 1]},
								"up": {"uv": [9, 51], "uv_size": [1, 2]},
								"down": {"uv": [10, 53], "uv_size": [1, -2]}
							}
						},
						{
							"origin": [1.00144, 0.00703, -0.77346],
							"size": [0.52035, 0.16911, 0.26018],
							"uv": {
								"north": {"uv": [11, 51], "uv_size": [2, 1]},
								"east": {"uv": [38, 52], "uv_size": [1, 1]},
								"south": {"uv": [51, 12], "uv_size": [2, 1]},
								"west": {"uv": [52, 38], "uv_size": [1, 1]},
								"up": {"uv": [13, 51], "uv_size": [2, 1]},
								"down": {"uv": [51, 14], "uv_size": [2, -1]}
							}
						},
						{
							"origin": [1.00144, 0.00703, -0.95743],
							"size": [0.33638, 0.16911, 0.18397],
							"uv": {
								"north": {"uv": [39, 52], "uv_size": [1, 1]},
								"east": {"uv": [52, 39], "uv_size": [1, 1]},
								"south": {"uv": [52, 40], "uv_size": [1, 1]},
								"west": {"uv": [41, 52], "uv_size": [1, 1]},
								"up": {"uv": [42, 52], "uv_size": [1, 1]},
								"down": {"uv": [43, 53], "uv_size": [1, -1]}
							}
						},
						{
							"origin": [1.24583, 0.00703, -0.99553],
							"size": [0.26018, 0.16911, 0.09106],
							"pivot": [1.24583, -0.13607, -0.86544],
							"rotation": [0, -45, 0],
							"uv": {
								"north": {"uv": [44, 52], "uv_size": [1, 1]},
								"east": {"uv": [45, 52], "uv_size": [1, 1]},
								"south": {"uv": [46, 52], "uv_size": [1, 1]},
								"west": {"uv": [47, 52], "uv_size": [1, 1]},
								"up": {"uv": [48, 52], "uv_size": [1, 1]},
								"down": {"uv": [49, 53], "uv_size": [1, -1]}
							}
						},
						{
							"origin": [1.15569, -0.48731, -0.82549],
							"size": [0.26018, 0.70248, 0.26018],
							"pivot": [1.28578, 0.09158, -0.69541],
							"rotation": [0, -45, 0],
							"uv": {
								"north": {"uv": [16, 49], "uv_size": [1, 3]},
								"east": {"uv": [17, 49], "uv_size": [1, 3]},
								"south": {"uv": [18, 49], "uv_size": [1, 3]},
								"west": {"uv": [19, 49], "uv_size": [1, 3]},
								"up": {"uv": [50, 52], "uv_size": [1, 1]},
								"down": {"uv": [51, 53], "uv_size": [1, -1]}
							}
						},
						{
							"origin": [1.00144, -0.44828, -0.77346],
							"size": [0.52035, 0.16911, 0.26018],
							"uv": {
								"north": {"uv": [20, 51], "uv_size": [2, 1]},
								"east": {"uv": [52, 52], "uv_size": [1, 1]},
								"south": {"uv": [22, 51], "uv_size": [2, 1]},
								"west": {"uv": [0, 53], "uv_size": [1, 1]},
								"up": {"uv": [26, 51], "uv_size": [2, 1]},
								"down": {"uv": [28, 52], "uv_size": [2, -1]}
							}
						},
						{
							"origin": [1.24583, -0.44828, -0.99553],
							"size": [0.26018, 0.16911, 0.09106],
							"pivot": [1.24583, -0.13607, -0.86544],
							"rotation": [0, -45, 0],
							"uv": {
								"north": {"uv": [1, 53], "uv_size": [1, 1]},
								"east": {"uv": [2, 53], "uv_size": [1, 1]},
								"south": {"uv": [3, 53], "uv_size": [1, 1]},
								"west": {"uv": [4, 53], "uv_size": [1, 1]},
								"up": {"uv": [5, 53], "uv_size": [1, 1]},
								"down": {"uv": [53, 6], "uv_size": [1, -1]}
							}
						},
						{
							"origin": [1.00144, -0.44828, -0.95743],
							"size": [0.33638, 0.16911, 0.18397],
							"uv": {
								"north": {"uv": [6, 53], "uv_size": [1, 1]},
								"east": {"uv": [7, 53], "uv_size": [1, 1]},
								"south": {"uv": [8, 53], "uv_size": [1, 1]},
								"west": {"uv": [9, 53], "uv_size": [1, 1]},
								"up": {"uv": [10, 53], "uv_size": [1, 1]},
								"down": {"uv": [11, 54], "uv_size": [1, -1]}
							}
						},
						{
							"origin": [-0.88574, -0.97326, -0.84928],
							"size": [1.69114, 0.45993, 0.57615],
							"uv": {
								"north": {"uv": [9, 33], "uv_size": [7, 2]},
								"east": {"uv": [49, 12], "uv_size": [2, 2]},
								"south": {"uv": [26, 33], "uv_size": [7, 2]},
								"west": {"uv": [14, 49], "uv_size": [2, 2]},
								"up": {"uv": [33, 33], "uv_size": [7, 2]},
								"down": {"uv": [2, 37], "uv_size": [7, -2]}
							}
						},
						{
							"origin": [-0.88574, -1.30419, -1.35121],
							"size": [1.69114, 0.36425, 0.65044],
							"pivot": [-0.04017, -0.95946, -0.37555],
							"rotation": [-45, 0, 0],
							"uv": {
								"north": {"uv": [44, 5], "uv_size": [7, 1]},
								"east": {"uv": [41, 50], "uv_size": [3, 1]},
								"south": {"uv": [45, 26], "uv_size": [7, 1]},
								"west": {"uv": [44, 50], "uv_size": [3, 1]},
								"up": {"uv": [30, 21], "uv_size": [7, 3]},
								"down": {"uv": [30, 27], "uv_size": [7, -3]}
							}
						},
						{
							"origin": [-0.88574, -0.93625, -0.57404],
							"size": [1.69114, 0.36425, 0.65044],
							"pivot": [-0.04017, -0.59151, -0.37891],
							"rotation": [45, 0, 0],
							"uv": {
								"north": {"uv": [45, 27], "uv_size": [7, 1]},
								"east": {"uv": [47, 50], "uv_size": [3, 1]},
								"south": {"uv": [45, 28], "uv_size": [7, 1]},
								"west": {"uv": [50, 49], "uv_size": [3, 1]},
								"up": {"uv": [30, 27], "uv_size": [7, 3]},
								"down": {"uv": [28, 33], "uv_size": [7, -3]}
							}
						}
					]
				},
				{
					"name": "bone39",
					"parent": "grip",
					"pivot": [-0.04017, -0.94912, -0.56124],
					"cubes": [
						{
							"origin": [-0.33612, -4.29531, -1.27572],
							"size": [0.5919, 3.83044, 1.42897],
							"uv": {
								"north": {"uv": [26, 16], "uv_size": [2, 15]},
								"east": {"uv": [0, 0], "uv_size": [5, 15]},
								"south": {"uv": [27, 0], "uv_size": [2, 15]},
								"west": {"uv": [5, 0], "uv_size": [5, 15]},
								"up": {"uv": [41, 42], "uv_size": [2, 5]},
								"down": {"uv": [2, 48], "uv_size": [2, -5]}
							}
						},
						{
							"origin": [-0.27695, -4.29531, -1.21655],
							"size": [0.5919, 3.83044, 1.42898],
							"pivot": [0.019, -0.94912, -0.56124],
							"rotation": [0, -90, 0],
							"uv": {
								"north": {"uv": [20, 27], "uv_size": [2, 15]},
								"east": {"uv": [10, 0], "uv_size": [5, 15]},
								"south": {"uv": [22, 27], "uv_size": [2, 15]},
								"west": {"uv": [0, 15], "uv_size": [5, 15]},
								"up": {"uv": [4, 43], "uv_size": [2, 5]},
								"down": {"uv": [6, 48], "uv_size": [2, -5]}
							}
						},
						{
							"origin": [-0.45907, -4.29531, -0.17585],
							"size": [0.85208, 2.78974, 0.38827],
							"pivot": [-0.03303, -0.94912, -0.56124],
							"rotation": [0, -90, 0],
							"uv": {
								"north": {"uv": [20, 16], "uv_size": [3, 11]},
								"east": {"uv": [42, 30], "uv_size": [1, 11]},
								"south": {"uv": [23, 16], "uv_size": [3, 11]},
								"west": {"uv": [40, 42], "uv_size": [1, 11]},
								"up": {"uv": [16, 47], "uv_size": [3, 1]},
								"down": {"uv": [49, 18], "uv_size": [3, -1]}
							}
						},
						{
							"origin": [-1.1927, -2.05779, -0.72935],
							"size": [0.80004, 0.227, 0.23216],
							"pivot": [-0.79268, -1.9573, -0.56124],
							"rotation": [-45, -90, 0],
							"uv": {
								"north": {"uv": [20, 49], "uv_size": [3, 1]},
								"east": {"uv": [12, 53], "uv_size": [1, 1]},
								"south": {"uv": [41, 49], "uv_size": [3, 1]},
								"west": {"uv": [53, 12], "uv_size": [1, 1]},
								"up": {"uv": [44, 49], "uv_size": [3, 1]},
								"down": {"uv": [47, 50], "uv_size": [3, -1]}
							}
						},
						{
							"origin": [-1.1927, -2.81231, -0.72935],
							"size": [0.80004, 0.227, 0.23216],
							"pivot": [-0.79268, -2.71181, -0.56124],
							"rotation": [-45, -90, 0],
							"uv": {
								"north": {"uv": [0, 50], "uv_size": [3, 1]},
								"east": {"uv": [13, 53], "uv_size": [1, 1]},
								"south": {"uv": [3, 50], "uv_size": [3, 1]},
								"west": {"uv": [53, 13], "uv_size": [1, 1]},
								"up": {"uv": [6, 50], "uv_size": [3, 1]},
								"down": {"uv": [9, 51], "uv_size": [3, -1]}
							}
						},
						{
							"origin": [-1.1927, -3.61885, -0.72935],
							"size": [0.80004, 0.227, 0.23216],
							"pivot": [-0.79268, -3.51836, -0.56124],
							"rotation": [-45, -90, 0],
							"uv": {
								"north": {"uv": [50, 14], "uv_size": [3, 1]},
								"east": {"uv": [14, 53], "uv_size": [1, 1]},
								"south": {"uv": [50, 15], "uv_size": [3, 1]},
								"west": {"uv": [53, 14], "uv_size": [1, 1]},
								"up": {"uv": [50, 16], "uv_size": [3, 1]},
								"down": {"uv": [20, 51], "uv_size": [3, -1]}
							}
						},
						{
							"origin": [-0.29428, -4.29531, -1.25839],
							"size": [0.5919, 3.83044, 1.42898],
							"pivot": [0.00167, -0.94912, -0.60307],
							"rotation": [0, -45, 0],
							"uv": {
								"north": {"uv": [24, 27], "uv_size": [2, 15]},
								"east": {"uv": [15, 0], "uv_size": [5, 15]},
								"south": {"uv": [28, 15], "uv_size": [2, 15]},
								"west": {"uv": [5, 15], "uv_size": [5, 15]},
								"up": {"uv": [8, 43], "uv_size": [2, 5]},
								"down": {"uv": [10, 48], "uv_size": [2, -5]}
							}
						},
						{
							"origin": [-0.37796, -4.29531, -1.25839],
							"size": [0.5919, 3.83044, 1.42898],
							"pivot": [-0.08201, -0.94912, -0.60307],
							"rotation": [0, 45, 0],
							"uv": {
								"north": {"uv": [29, 0], "uv_size": [2, 15]},
								"east": {"uv": [10, 15], "uv_size": [5, 15]},
								"south": {"uv": [0, 30], "uv_size": [2, 15]},
								"west": {"uv": [15, 15], "uv_size": [5, 15]},
								"up": {"uv": [12, 43], "uv_size": [2, 5]},
								"down": {"uv": [43, 17], "uv_size": [2, -5]}
							}
						}
					]
				},
				{
					"name": "bone41",
					"parent": "grip",
					"pivot": [0.02488, -1.44345, -0.56124],
					"cubes": [
						{
							"origin": [-0.28883, -1.32974, -1.31859],
							"size": [0.62741, 0.31893, 1.51471],
							"uv": {
								"north": {"uv": [30, 51], "uv_size": [2, 1]},
								"east": {"uv": [31, 14], "uv_size": [6, 1]},
								"south": {"uv": [32, 51], "uv_size": [2, 1]},
								"west": {"uv": [45, 45], "uv_size": [6, 1]},
								"up": {"uv": [18, 30], "uv_size": [2, 6]},
								"down": {"uv": [16, 39], "uv_size": [2, -6]}
							}
						},
						{
							"origin": [-0.28883, -1.32974, -1.31859],
							"size": [0.62741, 0.31893, 1.51471],
							"pivot": [0.02488, -1.24832, -0.56124],
							"rotation": [0, -90, 0],
							"uv": {
								"north": {"uv": [34, 51], "uv_size": [2, 1]},
								"east": {"uv": [46, 0], "uv_size": [6, 1]},
								"south": {"uv": [36, 51], "uv_size": [2, 1]},
								"west": {"uv": [46, 1], "uv_size": [6, 1]},
								"up": {"uv": [32, 35], "uv_size": [2, 6]},
								"down": {"uv": [34, 41], "uv_size": [2, -6]}
							}
						},
						{
							"origin": [-0.28883, -1.32974, -1.31859],
							"size": [0.62741, 0.31893, 1.51471],
							"pivot": [0.02488, -1.24832, -0.56124],
							"rotation": [0, -45, 0],
							"uv": {
								"north": {"uv": [41, 51], "uv_size": [2, 1]},
								"east": {"uv": [46, 2], "uv_size": [6, 1]},
								"south": {"uv": [43, 51], "uv_size": [2, 1]},
								"west": {"uv": [46, 3], "uv_size": [6, 1]},
								"up": {"uv": [36, 0], "uv_size": [2, 6]},
								"down": {"uv": [36, 12], "uv_size": [2, -6]}
							}
						},
						{
							"origin": [-0.28883, -1.32974, -1.31859],
							"size": [0.62741, 0.31893, 1.51471],
							"pivot": [0.02488, -1.24832, -0.56124],
							"rotation": [0, 45, 0],
							"uv": {
								"north": {"uv": [45, 51], "uv_size": [2, 1]},
								"east": {"uv": [46, 4], "uv_size": [6, 1]},
								"south": {"uv": [51, 45], "uv_size": [2, 1]},
								"west": {"uv": [46, 6], "uv_size": [6, 1]},
								"up": {"uv": [18, 36], "uv_size": [2, 6]},
								"down": {"uv": [36, 41], "uv_size": [2, -6]}
							}
						}
					]
				},
				{
					"name": "bone42",
					"parent": "grip",
					"pivot": [0.02488, -2.22398, -0.56124],
					"cubes": [
						{
							"origin": [-0.28883, -2.11026, -1.31859],
							"size": [0.62741, 0.31893, 1.51471],
							"uv": {
								"north": {"uv": [51, 46], "uv_size": [2, 1]},
								"east": {"uv": [46, 7], "uv_size": [6, 1]},
								"south": {"uv": [47, 51], "uv_size": [2, 1]},
								"west": {"uv": [46, 8], "uv_size": [6, 1]},
								"up": {"uv": [2, 37], "uv_size": [2, 6]},
								"down": {"uv": [4, 43], "uv_size": [2, -6]}
							}
						},
						{
							"origin": [-0.28883, -2.11026, -1.31859],
							"size": [0.62741, 0.31893, 1.51471],
							"pivot": [0.02488, -2.02885, -0.56124],
							"rotation": [0, -90, 0],
							"uv": {
								"north": {"uv": [51, 48], "uv_size": [2, 1]},
								"east": {"uv": [46, 9], "uv_size": [6, 1]},
								"south": {"uv": [51, 50], "uv_size": [2, 1]},
								"west": {"uv": [46, 10], "uv_size": [6, 1]},
								"up": {"uv": [6, 37], "uv_size": [2, 6]},
								"down": {"uv": [8, 43], "uv_size": [2, -6]}
							}
						},
						{
							"origin": [-0.28883, -2.11026, -1.31859],
							"size": [0.62741, 0.31893, 1.51471],
							"pivot": [0.02488, -2.02885, -0.56124],
							"rotation": [0, -45, 0],
							"uv": {
								"north": {"uv": [51, 51], "uv_size": [2, 1]},
								"east": {"uv": [46, 11], "uv_size": [6, 1]},
								"south": {"uv": [52, 0], "uv_size": [2, 1]},
								"west": {"uv": [46, 29], "uv_size": [6, 1]},
								"up": {"uv": [10, 37], "uv_size": [2, 6]},
								"down": {"uv": [12, 43], "uv_size": [2, -6]}
							}
						},
						{
							"origin": [-0.28883, -2.11026, -1.31859],
							"size": [0.62741, 0.31893, 1.51471],
							"pivot": [0.02488, -2.02885, -0.56124],
							"rotation": [0, 45, 0],
							"uv": {
								"north": {"uv": [52, 1], "uv_size": [2, 1]},
								"east": {"uv": [46, 30], "uv_size": [6, 1]},
								"south": {"uv": [52, 2], "uv_size": [2, 1]},
								"west": {"uv": [46, 31], "uv_size": [6, 1]},
								"up": {"uv": [14, 37], "uv_size": [2, 6]},
								"down": {"uv": [37, 20], "uv_size": [2, -6]}
							}
						}
					]
				},
				{
					"name": "bone43",
					"parent": "grip",
					"pivot": [0.02488, -3.00451, -0.56124],
					"cubes": [
						{
							"origin": [-0.28883, -2.8908, -1.31859],
							"size": [0.62741, 0.31894, 1.51471],
							"uv": {
								"north": {"uv": [52, 3], "uv_size": [2, 1]},
								"east": {"uv": [46, 32], "uv_size": [6, 1]},
								"south": {"uv": [52, 4], "uv_size": [2, 1]},
								"west": {"uv": [46, 33], "uv_size": [6, 1]},
								"up": {"uv": [37, 20], "uv_size": [2, 6]},
								"down": {"uv": [26, 43], "uv_size": [2, -6]}
							}
						},
						{
							"origin": [-0.28883, -2.8908, -1.31859],
							"size": [0.62741, 0.31894, 1.51471],
							"pivot": [0.02488, -2.80938, -0.56124],
							"rotation": [0, -90, 0],
							"uv": {
								"north": {"uv": [52, 6], "uv_size": [2, 1]},
								"east": {"uv": [46, 34], "uv_size": [6, 1]},
								"south": {"uv": [52, 7], "uv_size": [2, 1]},
								"west": {"uv": [46, 35], "uv_size": [6, 1]},
								"up": {"uv": [37, 26], "uv_size": [2, 6]},
								"down": {"uv": [28, 43], "uv_size": [2, -6]}
							}
						},
						{
							"origin": [-0.28883, -2.8908, -1.31859],
							"size": [0.62741, 0.31894, 1.51471],
							"pivot": [0.02488, -2.80938, -0.56124],
							"rotation": [0, -45, 0],
							"uv": {
								"north": {"uv": [52, 8], "uv_size": [2, 1]},
								"east": {"uv": [46, 36], "uv_size": [6, 1]},
								"south": {"uv": [52, 9], "uv_size": [2, 1]},
								"west": {"uv": [46, 37], "uv_size": [6, 1]},
								"up": {"uv": [30, 37], "uv_size": [2, 6]},
								"down": {"uv": [38, 6], "uv_size": [2, -6]}
							}
						},
						{
							"origin": [-0.28883, -2.8908, -1.31859],
							"size": [0.62741, 0.31894, 1.51471],
							"pivot": [0.02488, -2.80938, -0.56124],
							"rotation": [0, 45, 0],
							"uv": {
								"north": {"uv": [52, 10], "uv_size": [2, 1]},
								"east": {"uv": [46, 38], "uv_size": [6, 1]},
								"south": {"uv": [11, 52], "uv_size": [2, 1]},
								"west": {"uv": [46, 39], "uv_size": [6, 1]},
								"up": {"uv": [38, 6], "uv_size": [2, 6]},
								"down": {"uv": [38, 41], "uv_size": [2, -6]}
							}
						}
					]
				},
				{
					"name": "bone44",
					"parent": "grip",
					"pivot": [0.02488, -3.78504, -0.56124],
					"cubes": [
						{
							"origin": [-0.28883, -3.67132, -1.31859],
							"size": [0.62741, 0.31894, 1.51471],
							"uv": {
								"north": {"uv": [52, 11], "uv_size": [2, 1]},
								"east": {"uv": [46, 40], "uv_size": [6, 1]},
								"south": {"uv": [13, 52], "uv_size": [2, 1]},
								"west": {"uv": [45, 46], "uv_size": [6, 1]},
								"up": {"uv": [39, 12], "uv_size": [2, 6]},
								"down": {"uv": [16, 45], "uv_size": [2, -6]}
							}
						},
						{
							"origin": [-0.28883, -3.67132, -1.31859],
							"size": [0.62741, 0.31894, 1.51471],
							"pivot": [0.02488, -3.58991, -0.56124],
							"rotation": [0, -90, 0],
							"uv": {
								"north": {"uv": [15, 52], "uv_size": [2, 1]},
								"east": {"uv": [47, 18], "uv_size": [6, 1]},
								"south": {"uv": [17, 52], "uv_size": [2, 1]},
								"west": {"uv": [47, 19], "uv_size": [6, 1]},
								"up": {"uv": [39, 18], "uv_size": [2, 6]},
								"down": {"uv": [39, 30], "uv_size": [2, -6]}
							}
						},
						{
							"origin": [-0.28883, -3.67132, -1.31859],
							"size": [0.62741, 0.31894, 1.51471],
							"pivot": [0.02488, -3.58991, -0.56124],
							"rotation": [0, -45, 0],
							"uv": {
								"north": {"uv": [52, 17], "uv_size": [2, 1]},
								"east": {"uv": [47, 20], "uv_size": [6, 1]},
								"south": {"uv": [19, 52], "uv_size": [2, 1]},
								"west": {"uv": [47, 21], "uv_size": [6, 1]},
								"up": {"uv": [40, 0], "uv_size": [2, 6]},
								"down": {"uv": [40, 12], "uv_size": [2, -6]}
							}
						},
						{
							"origin": [-0.28883, -3.67132, -1.31859],
							"size": [0.62741, 0.31894, 1.51471],
							"pivot": [0.02488, -3.58991, -0.56124],
							"rotation": [0, 45, 0],
							"uv": {
								"north": {"uv": [21, 52], "uv_size": [2, 1]},
								"east": {"uv": [47, 22], "uv_size": [6, 1]},
								"south": {"uv": [23, 52], "uv_size": [2, 1]},
								"west": {"uv": [47, 23], "uv_size": [6, 1]},
								"up": {"uv": [40, 30], "uv_size": [2, 6]},
								"down": {"uv": [40, 42], "uv_size": [2, -6]}
							}
						}
					]
				},
				{
					"name": "bone46",
					"parent": "grip",
					"pivot": [0.02488, -4.43548, -0.56124],
					"cubes": [
						{
							"origin": [-0.28883, -4.32176, -1.31859],
							"size": [0.62741, 0.31894, 1.51471],
							"uv": {
								"north": {"uv": [25, 52], "uv_size": [2, 1]},
								"east": {"uv": [47, 24], "uv_size": [6, 1]},
								"south": {"uv": [52, 26], "uv_size": [2, 1]},
								"west": {"uv": [47, 25], "uv_size": [6, 1]},
								"up": {"uv": [41, 12], "uv_size": [2, 6]},
								"down": {"uv": [41, 24], "uv_size": [2, -6]}
							}
						},
						{
							"origin": [-0.28883, -4.32176, -1.31859],
							"size": [0.62741, 0.31894, 1.51471],
							"pivot": [0.02488, -4.24035, -0.56124],
							"rotation": [0, -90, 0],
							"uv": {
								"north": {"uv": [27, 52], "uv_size": [2, 1]},
								"east": {"uv": [32, 47], "uv_size": [6, 1]},
								"south": {"uv": [52, 27], "uv_size": [2, 1]},
								"west": {"uv": [41, 47], "uv_size": [6, 1]},
								"up": {"uv": [41, 24], "uv_size": [2, 6]},
								"down": {"uv": [32, 47], "uv_size": [2, -6]}
							}
						},
						{
							"origin": [-0.28883, -4.32176, -1.31859],
							"size": [0.62741, 0.31894, 1.51471],
							"pivot": [0.02488, -4.24035, -0.56124],
							"rotation": [0, -45, 0],
							"uv": {
								"north": {"uv": [52, 28], "uv_size": [2, 1]},
								"east": {"uv": [47, 47], "uv_size": [6, 1]},
								"south": {"uv": [29, 52], "uv_size": [2, 1]},
								"west": {"uv": [2, 48], "uv_size": [6, 1]},
								"up": {"uv": [34, 41], "uv_size": [2, 6]},
								"down": {"uv": [36, 47], "uv_size": [2, -6]}
							}
						},
						{
							"origin": [-0.28883, -4.32176, -1.31859],
							"size": [0.62741, 0.31894, 1.51471],
							"pivot": [0.02488, -4.24035, -0.56124],
							"rotation": [0, 45, 0],
							"uv": {
								"north": {"uv": [52, 29], "uv_size": [2, 1]},
								"east": {"uv": [8, 48], "uv_size": [6, 1]},
								"south": {"uv": [52, 30], "uv_size": [2, 1]},
								"west": {"uv": [14, 48], "uv_size": [6, 1]},
								"up": {"uv": [38, 41], "uv_size": [2, 6]},
								"down": {"uv": [42, 6], "uv_size": [2, -6]}
							}
						}
					]
				},
				{
					"name": "bone40",
					"parent": "grip",
					"pivot": [-0.04017, -4.59158, -0.56124],
					"cubes": [
						{
							"origin": [-0.26405, -4.95792, -1.16679],
							"size": [0.44777, 0.73268, 1.21111],
							"uv": {
								"north": {"uv": [35, 30], "uv_size": [2, 3]},
								"east": {"uv": [31, 0], "uv_size": [5, 3]},
								"south": {"uv": [38, 47], "uv_size": [2, 3]},
								"west": {"uv": [31, 3], "uv_size": [5, 3]},
								"up": {"uv": [14, 43], "uv_size": [2, 5]},
								"down": {"uv": [43, 22], "uv_size": [2, -5]}
							}
						},
						{
							"origin": [-0.21929, -4.95792, -1.12203],
							"size": [0.44777, 0.73268, 1.21111],
							"pivot": [0.00459, -2.42653, -0.56124],
							"rotation": [0, -90, 0],
							"uv": {
								"north": {"uv": [26, 48], "uv_size": [2, 3]},
								"east": {"uv": [31, 6], "uv_size": [5, 3]},
								"south": {"uv": [28, 48], "uv_size": [2, 3]},
								"west": {"uv": [31, 9], "uv_size": [5, 3]},
								"up": {"uv": [43, 22], "uv_size": [2, 5]},
								"down": {"uv": [26, 48], "uv_size": [2, -5]}
							}
						},
						{
							"origin": [-0.2324, -4.95792, -1.02359],
							"size": [0.44777, 0.73268, 0.95093],
							"pivot": [-0.00852, -2.42653, -0.59289],
							"rotation": [0, -45, 0],
							"uv": {
								"north": {"uv": [30, 48], "uv_size": [2, 3]},
								"east": {"uv": [42, 6], "uv_size": [4, 3]},
								"south": {"uv": [32, 48], "uv_size": [2, 3]},
								"west": {"uv": [42, 9], "uv_size": [4, 3]},
								"up": {"uv": [45, 18], "uv_size": [2, 4]},
								"down": {"uv": [20, 49], "uv_size": [2, -4]}
							}
						},
						{
							"origin": [-0.2957, -4.95792, -1.02359],
							"size": [0.44777, 0.73268, 0.95093],
							"pivot": [-0.07182, -2.42653, -0.59289],
							"rotation": [0, 45, 0],
							"uv": {
								"north": {"uv": [34, 48], "uv_size": [2, 3]},
								"east": {"uv": [18, 42], "uv_size": [4, 3]},
								"south": {"uv": [36, 48], "uv_size": [2, 3]},
								"west": {"uv": [22, 42], "uv_size": [4, 3]},
								"up": {"uv": [22, 45], "uv_size": [2, 4]},
								"down": {"uv": [45, 26], "uv_size": [2, -4]}
							}
						}
					]
				},
				{
					"name": "bone45",
					"parent": "grip",
					"pivot": [-0.04017, -4.59158, -0.56124],
					"cubes": [
						{
							"origin": [-0.29987, -4.48317, -1.18823],
							"size": [0.51942, 0.31654, 1.25398],
							"uv": {
								"north": {"uv": [31, 52], "uv_size": [2, 1]},
								"east": {"uv": [41, 48], "uv_size": [5, 1]},
								"south": {"uv": [52, 31], "uv_size": [2, 1]},
								"west": {"uv": [48, 41], "uv_size": [5, 1]},
								"up": {"uv": [43, 27], "uv_size": [2, 5]},
								"down": {"uv": [28, 48], "uv_size": [2, -5]}
							}
						},
						{
							"origin": [-0.24795, -4.48317, -1.1363],
							"size": [0.51942, 0.31654, 1.25398],
							"pivot": [0.01176, -2.08012, -0.56124],
							"rotation": [0, -90, 0],
							"uv": {
								"north": {"uv": [52, 32], "uv_size": [2, 1]},
								"east": {"uv": [48, 42], "uv_size": [5, 1]},
								"south": {"uv": [33, 52], "uv_size": [2, 1]},
								"west": {"uv": [48, 43], "uv_size": [5, 1]},
								"up": {"uv": [30, 43], "uv_size": [2, 5]},
								"down": {"uv": [43, 37], "uv_size": [2, -5]}
							}
						},
						{
							"origin": [-0.26316, -4.48317, -1.17302],
							"size": [0.51942, 0.31654, 1.25398],
							"pivot": [-0.00345, -2.08012, -0.59795],
							"rotation": [0, -45, 0],
							"uv": {
								"north": {"uv": [52, 33], "uv_size": [2, 1]},
								"east": {"uv": [48, 44], "uv_size": [5, 1]},
								"south": {"uv": [52, 34], "uv_size": [2, 1]},
								"west": {"uv": [46, 48], "uv_size": [5, 1]},
								"up": {"uv": [43, 37], "uv_size": [2, 5]},
								"down": {"uv": [43, 47], "uv_size": [2, -5]}
							}
						},
						{
							"origin": [-0.33659, -4.48317, -1.17302],
							"size": [0.51942, 0.31654, 1.25398],
							"pivot": [-0.07688, -2.08012, -0.59795],
							"rotation": [0, 45, 0],
							"uv": {
								"north": {"uv": [35, 52], "uv_size": [2, 1]},
								"east": {"uv": [2, 49], "uv_size": [5, 1]},
								"south": {"uv": [52, 35], "uv_size": [2, 1]},
								"west": {"uv": [7, 49], "uv_size": [5, 1]},
								"up": {"uv": [44, 0], "uv_size": [2, 5]},
								"down": {"uv": [0, 50], "uv_size": [2, -5]}
							}
						}
					]
				}
			]
		}
	]
}