{
	"format_version": "1.12.0",
	"minecraft:geometry": [
		{
			"description": {
				"identifier": "geometry.scope_sig",
				"texture_width": 128,
				"texture_height": 128,
				"visible_bounds_width": 29,
				"visible_bounds_height": 25,
				"visible_bounds_offset": [0, 0.5, 0]
			},
			"bones": [
				{
					"name": "ocular",
					"pivot": [0, 1.15313, 3.7],
					"cubes": [
						{
							"origin": [-0.61408, 1.03098, 3.7],
							"size": [1.22815, 0.2443, 0],
							"pivot": [0, 1.15313, 3.3491],
							"rotation": [0, 0, 22.5],
							"uv": {
								"south": {"uv": [83, 61], "uv_size": [1.21875, 0.25]}
							}
						},
						{
							"origin": [-0.61408, 1.03098, 3.7],
							"size": [1.22815, 0.2443, 0],
							"uv": {
								"south": {"uv": [83, 62], "uv_size": [1.21875, 0.25]}
							}
						},
						{
							"origin": [-0.61408, 1.03098, 3.7],
							"size": [1.22815, 0.2443, 0],
							"pivot": [0, 1.15313, 3.3491],
							"rotation": [0, 0, -22.5],
							"uv": {
								"south": {"uv": [83, 63], "uv_size": [1.21875, 0.25]}
							}
						},
						{
							"origin": [-0.12215, 0.53905, 3.7],
							"size": [0.2443, 1.22815, 0],
							"pivot": [0, 1.15313, 3.3491],
							"rotation": [0, 0, 45],
							"uv": {
								"south": {"uv": [83, 64], "uv_size": [0.25, 1.21875]}
							}
						},
						{
							"origin": [-0.12215, 0.53905, 3.7],
							"size": [0.2443, 1.22815, 0],
							"pivot": [0, 1.15313, 3.3491],
							"rotation": [0, 0, 22.5],
							"uv": {
								"south": {"uv": [83, 66], "uv_size": [0.25, 1.21875]}
							}
						},
						{
							"origin": [-0.12215, 0.53905, 3.7],
							"size": [0.2443, 1.22815, 0],
							"uv": {
								"south": {"uv": [67, 83], "uv_size": [0.25, 1.21875]}
							}
						},
						{
							"origin": [-0.12215, 0.53905, 3.7],
							"size": [0.2443, 1.22815, 0],
							"pivot": [0, 1.15313, 3.3491],
							"rotation": [0, 0, -22.5],
							"uv": {
								"south": {"uv": [68, 83], "uv_size": [0.25, 1.21875]}
							}
						},
						{
							"origin": [-0.12215, 0.53905, 3.7],
							"size": [0.2443, 1.22815, 0],
							"pivot": [0, 1.15313, 3.3491],
							"rotation": [0, 0, -45],
							"uv": {
								"south": {"uv": [69, 83], "uv_size": [0.25, 1.21875]}
							}
						}
					]
				},
				{
					"name": "division",
					"pivot": [0.03516, -0.10815, -118.27158],
					"cubes": [
						{
							"origin": [-26.1875, -24.33124, -118.4875],
							"size": [52.375, 52.40625, 0.25],
							"uv": {
								"south": {"uv": [67, 0], "uv_size": [52.375, 52.40625]}
							}
						},
						{
							"origin": [-212.89375, -194.31562, -118.4875],
							"size": [186.70625, 392.375, 0.25],
							"uv": {
								"south": {"uv": [0, 0], "uv_size": [66.71875, 152.375]}
							}
						},
						{
							"origin": [26.1875, -194.31562, -118.4875],
							"size": [187.26875, 392.37501, 0.25],
							"uv": {
								"south": {"uv": [0, 0], "uv_size": [66.71875, 152.375]}
							}
						},
						{
							"origin": [-26.1875, 28.05938, -118.4875],
							"size": [52.375, 170.00001, 0.25],
							"uv": {
								"south": {"uv": [0, 0], "uv_size": [66.71875, 152.375]}
							}
						},
						{
							"origin": [-26.1875, -194.31562, -118.4875],
							"size": [52.375, 170, 0.25],
							"uv": {
								"south": {"uv": [0, 0], "uv_size": [66.71875, 152.375]}
							}
						},
						{
							"origin": [4.84, 0.71304, -118.12005],
							"size": [24.24, 1.2375, 0],
							"uv": {
								"south": {"uv": [69, 53], "uv_size": [20.9375, 1.25]}
							}
						},
						{
							"origin": [-29.08, 0.71304, -118.12005],
							"size": [24.24, 1.2375, 0],
							"uv": {
								"south": {"uv": [89.9375, 53], "uv_size": [-20.9375, 1.25]}
							}
						},
						{
							"origin": [-0.64625, -25.70946, -118.12005],
							"size": [1.2925, 26.2425, 0],
							"uv": {
								"south": {"uv": [67, 53], "uv_size": [1.28125, 26.25]}
							}
						},
						{
							"origin": [-0.53537, -0.11321, -118.12005],
							"size": [0.91394, 0.91394, 0],
							"pivot": [-0.26769, 0.53304, -118.12005],
							"rotation": [0, 0, -45],
							"uv": {
								"south": {"uv": [67, 53], "uv_size": [1.28125, 26.25]}
							}
						}
					]
				},
				{
					"name": "scope_view",
					"pivot": [0, 1.17813, 6.425]
				},
				{
					"name": "scope_body",
					"pivot": [0.02239, 0.63411, -3.0924],
					"cubes": [
						{
							"origin": [-0.28189, 0.48541, -2.14946],
							"size": [0.55387, 1.33717, 1.17988],
							"pivot": [-0.00495, 1.154, -2.53241],
							"rotation": [0, 0, 45],
							"uv": {
								"north": {"uv": [77, 79], "uv_size": [0.5625, 1.34375]},
								"east": {"uv": [76, 67], "uv_size": [1.1875, 1.34375]},
								"south": {"uv": [79, 77], "uv_size": [0.5625, 1.34375]},
								"west": {"uv": [77, 69], "uv_size": [1.1875, 1.34375]},
								"up": {"uv": [80, 80], "uv_size": [0.5625, 1.1875]},
								"down": {"uv": [81, 61.1875], "uv_size": [0.5625, -1.1875]}
							}
						},
						{
							"origin": [-0.47126, 0.19452, -2.41084],
							"size": [0.17512, 0.32717, 1.17988],
							"pivot": [-0.00495, 0.35811, -1.8209],
							"rotation": [27.5, 0, 0],
							"uv": {
								"north": {"uv": [86, 63], "uv_size": [0.1875, 0.3125]},
								"east": {"uv": [82, 73], "uv_size": [1.1875, 0.3125]},
								"south": {"uv": [86, 64], "uv_size": [0.1875, 0.3125]},
								"west": {"uv": [82, 74], "uv_size": [1.1875, 0.3125]},
								"up": {"uv": [84, 71], "uv_size": [0.1875, 1.1875]},
								"down": {"uv": [72, 85.1875], "uv_size": [0.1875, -1.1875]}
							}
						},
						{
							"origin": [-0.47126, 0.3687, -2.77984],
							"size": [0.17512, 0.32717, 1.48288],
							"pivot": [-0.00495, 0.53229, -1.88689],
							"rotation": [45, 0, 0],
							"uv": {
								"north": {"uv": [86, 61], "uv_size": [0.1875, 0.3125]},
								"east": {"uv": [82, 70], "uv_size": [1.46875, 0.3125]},
								"south": {"uv": [86, 62], "uv_size": [0.1875, 0.3125]},
								"west": {"uv": [82, 71], "uv_size": [1.46875, 0.3125]},
								"up": {"uv": [82, 83], "uv_size": [0.1875, 1.46875]},
								"down": {"uv": [83, 84.46875], "uv_size": [0.1875, -1.46875]}
							}
						},
						{
							"origin": [0.28624, 0.3687, -2.77984],
							"size": [0.17512, 0.32717, 1.48288],
							"pivot": [-0.00495, 0.53229, -1.88689],
							"rotation": [45, 0, 0],
							"uv": {
								"north": {"uv": [86, 59], "uv_size": [0.1875, 0.3125]},
								"east": {"uv": [82, 68], "uv_size": [1.46875, 0.3125]},
								"south": {"uv": [86, 60], "uv_size": [0.1875, 0.3125]},
								"west": {"uv": [82, 69], "uv_size": [1.46875, 0.3125]},
								"up": {"uv": [81, 83], "uv_size": [0.1875, 1.46875]},
								"down": {"uv": [83, 82.46875], "uv_size": [0.1875, -1.46875]}
							}
						},
						{
							"origin": [-0.76001, 0.09252, -2.81167],
							"size": [0.1625, 0.12625, 0.63125],
							"pivot": [-0.65351, 0.15564, -2.64754],
							"rotation": [-45, 0, 0],
							"uv": {
								"north": {"uv": [71, 87], "uv_size": [0.15625, 0.125]},
								"east": {"uv": [85, 83], "uv_size": [0.625, 0.125]},
								"south": {"uv": [87, 71], "uv_size": [0.15625, 0.125]},
								"west": {"uv": [84, 85], "uv_size": [0.625, 0.125]},
								"up": {"uv": [85, 82], "uv_size": [0.15625, 0.625]},
								"down": {"uv": [83, 85.625], "uv_size": [0.15625, -0.625]}
							}
						},
						{
							"origin": [-0.70951, -0.14915, -2.40587],
							"size": [0.112, 0.2525, 0.2525],
							"pivot": [-0.65351, -0.0229, -2.469],
							"rotation": [-45, 0, 0],
							"uv": {
								"north": {"uv": [69, 87], "uv_size": [0.125, 0.25]},
								"east": {"uv": [85, 84], "uv_size": [0.25, 0.25]},
								"south": {"uv": [87, 69], "uv_size": [0.125, 0.25]},
								"west": {"uv": [85, 85], "uv_size": [0.25, 0.25]},
								"up": {"uv": [70, 87], "uv_size": [0.125, 0.25]},
								"down": {"uv": [87, 70.25], "uv_size": [0.125, -0.25]}
							}
						},
						{
							"origin": [-0.59751, 0.5354, -1.93109],
							"size": [1.18512, 0.17675, 0.17675],
							"pivot": [-0.00495, 0.6364, -1.83009],
							"rotation": [-45, 0, 0],
							"uv": {
								"north": {"uv": [84, 68], "uv_size": [1.1875, 0.1875]},
								"east": {"uv": [86, 84], "uv_size": [0.1875, 0.1875]},
								"south": {"uv": [84, 69], "uv_size": [1.1875, 0.1875]},
								"west": {"uv": [85, 86], "uv_size": [0.1875, 0.1875]},
								"up": {"uv": [70, 84], "uv_size": [1.1875, 0.1875]},
								"down": {"uv": [84, 70.1875], "uv_size": [1.1875, -0.1875]}
							}
						},
						{
							"origin": [-0.59751, -0.24735, -2.41084],
							"size": [1.18512, 0.202, 0.202],
							"pivot": [-0.00495, -0.1211, -2.33509],
							"rotation": [-45, 0, 0],
							"uv": {
								"north": {"uv": [84, 64], "uv_size": [1.1875, 0.1875]},
								"east": {"uv": [86, 83], "uv_size": [0.1875, 0.1875]},
								"south": {"uv": [84, 65], "uv_size": [1.1875, 0.1875]},
								"west": {"uv": [84, 86], "uv_size": [0.1875, 0.1875]},
								"up": {"uv": [84, 66], "uv_size": [1.1875, 0.1875]},
								"down": {"uv": [84, 67.1875], "uv_size": [1.1875, -0.1875]}
							}
						},
						{
							"origin": [-0.53439, -0.31048, -3.97634],
							"size": [1.05887, 0.32717, 2.18988],
							"uv": {
								"north": {"uv": [75, 82], "uv_size": [1.0625, 0.3125]},
								"east": {"uv": [80, 58], "uv_size": [2.1875, 0.3125]},
								"south": {"uv": [82, 75], "uv_size": [1.0625, 0.3125]},
								"west": {"uv": [80, 59], "uv_size": [2.1875, 0.3125]},
								"up": {"uv": [75, 69], "uv_size": [1.0625, 2.1875]},
								"down": {"uv": [75, 74.1875], "uv_size": [1.0625, -2.1875]}
							}
						},
						{
							"origin": [0.28624, 0.19452, -2.41084],
							"size": [0.17512, 0.32717, 1.17988],
							"pivot": [-0.00495, 0.35811, -1.8209],
							"rotation": [27.5, 0, 0],
							"uv": {
								"north": {"uv": [86, 57], "uv_size": [0.1875, 0.3125]},
								"east": {"uv": [82, 72], "uv_size": [1.1875, 0.3125]},
								"south": {"uv": [86, 58], "uv_size": [0.1875, 0.3125]},
								"west": {"uv": [73, 82], "uv_size": [1.1875, 0.3125]},
								"up": {"uv": [84, 57], "uv_size": [0.1875, 1.1875]},
								"down": {"uv": [84, 60.1875], "uv_size": [0.1875, -1.1875]}
							}
						},
						{
							"origin": [-0.53439, 0.48541, -2.14946],
							"size": [1.05887, 0.57967, 1.17988],
							"uv": {
								"north": {"uv": [81, 62], "uv_size": [1.0625, 0.59375]},
								"east": {"uv": [78, 79], "uv_size": [1.1875, 0.59375]},
								"south": {"uv": [81, 63], "uv_size": [1.0625, 0.59375]},
								"west": {"uv": [80, 57], "uv_size": [1.1875, 0.59375]},
								"up": {"uv": [77, 71], "uv_size": [1.0625, 1.1875]},
								"down": {"uv": [77, 74.1875], "uv_size": [1.0625, -1.1875]}
							}
						},
						{
							"origin": [-0.28189, 0.48541, -2.14946],
							"size": [0.55387, 1.33717, 1.17988],
							"uv": {
								"north": {"uv": [79, 75], "uv_size": [0.5625, 1.34375]},
								"east": {"uv": [76, 63], "uv_size": [1.1875, 1.34375]},
								"south": {"uv": [76, 79], "uv_size": [0.5625, 1.34375]},
								"west": {"uv": [76, 65], "uv_size": [1.1875, 1.34375]},
								"up": {"uv": [80, 78], "uv_size": [0.5625, 1.1875]},
								"down": {"uv": [79, 81.1875], "uv_size": [0.5625, -1.1875]}
							}
						},
						{
							"origin": [-0.28189, 0.48541, -2.14946],
							"size": [0.55387, 1.33717, 1.17988],
							"pivot": [-0.00495, 1.154, -2.53241],
							"rotation": [0, 0, -45],
							"uv": {
								"north": {"uv": [74, 79], "uv_size": [0.5625, 1.34375]},
								"east": {"uv": [76, 59], "uv_size": [1.1875, 1.34375]},
								"south": {"uv": [75, 79], "uv_size": [0.5625, 1.34375]},
								"west": {"uv": [76, 61], "uv_size": [1.1875, 1.34375]},
								"up": {"uv": [80, 76], "uv_size": [0.5625, 1.1875]},
								"down": {"uv": [78, 81.1875], "uv_size": [0.5625, -1.1875]}
							}
						},
						{
							"origin": [-0.28189, 0.48541, -2.14946],
							"size": [0.55387, 1.33717, 1.17988],
							"pivot": [-0.00495, 1.154, -2.53241],
							"rotation": [0, 0, 90],
							"uv": {
								"north": {"uv": [73, 79], "uv_size": [0.5625, 1.34375]},
								"east": {"uv": [75, 75], "uv_size": [1.1875, 1.34375]},
								"south": {"uv": [79, 73], "uv_size": [0.5625, 1.34375]},
								"west": {"uv": [76, 57], "uv_size": [1.1875, 1.34375]},
								"up": {"uv": [80, 72], "uv_size": [0.5625, 1.1875]},
								"down": {"uv": [80, 75.1875], "uv_size": [0.5625, -1.1875]}
							}
						},
						{
							"origin": [1.08696, 0.77225, 0.57719],
							"size": [0.33131, 0.79986, 0.5925],
							"pivot": [1.25262, 1.17218, 0.34812],
							"rotation": [-90, -45, 90],
							"uv": {
								"north": {"uv": [80, 83], "uv_size": [0.34375, 0.8125]},
								"east": {"uv": [82, 67], "uv_size": [0.59375, 0.8125]},
								"south": {"uv": [83, 80], "uv_size": [0.34375, 0.8125]},
								"west": {"uv": [68, 82], "uv_size": [0.59375, 0.8125]},
								"up": {"uv": [80, 84], "uv_size": [0.34375, 0.59375]},
								"down": {"uv": [84, 80.59375], "uv_size": [0.34375, -0.59375]}
							}
						},
						{
							"origin": [1.08696, 0.77225, 0.57719],
							"size": [0.33131, 0.79986, 0.5925],
							"pivot": [1.25262, 1.17218, 0.34812],
							"rotation": [0, -90, 0],
							"uv": {
								"north": {"uv": [79, 83], "uv_size": [0.34375, 0.8125]},
								"east": {"uv": [82, 66], "uv_size": [0.59375, 0.8125]},
								"south": {"uv": [83, 79], "uv_size": [0.34375, 0.8125]},
								"west": {"uv": [67, 82], "uv_size": [0.59375, 0.8125]},
								"up": {"uv": [79, 84], "uv_size": [0.34375, 0.59375]},
								"down": {"uv": [84, 79.59375], "uv_size": [0.34375, -0.59375]}
							}
						},
						{
							"origin": [1.08696, 0.77225, 0.57719],
							"size": [0.33131, 0.79986, 0.5925],
							"pivot": [1.25262, 1.17218, 0.34812],
							"rotation": [90, -45, -90],
							"uv": {
								"north": {"uv": [78, 83], "uv_size": [0.34375, 0.8125]},
								"east": {"uv": [82, 64], "uv_size": [0.59375, 0.8125]},
								"south": {"uv": [83, 78], "uv_size": [0.34375, 0.8125]},
								"west": {"uv": [82, 65], "uv_size": [0.59375, 0.8125]},
								"up": {"uv": [78, 84], "uv_size": [0.34375, 0.59375]},
								"down": {"uv": [84, 78.59375], "uv_size": [0.34375, -0.59375]}
							}
						},
						{
							"origin": [1.08696, 0.77225, 0.57719],
							"size": [0.33131, 0.79986, 0.5925],
							"pivot": [1.25262, 1.17218, 0.34812],
							"rotation": [-90, 0, 90],
							"uv": {
								"north": {"uv": [77, 83], "uv_size": [0.34375, 0.8125]},
								"east": {"uv": [82, 60], "uv_size": [0.59375, 0.8125]},
								"south": {"uv": [83, 77], "uv_size": [0.34375, 0.8125]},
								"west": {"uv": [82, 61], "uv_size": [0.59375, 0.8125]},
								"up": {"uv": [77, 84], "uv_size": [0.34375, 0.59375]},
								"down": {"uv": [84, 77.59375], "uv_size": [0.34375, -0.59375]}
							}
						},
						{
							"origin": [0.96339, 1.10828, 0.32894],
							"size": [0.13887, 0.13888, 0.09322],
							"pivot": [1.03283, 1.17772, 0.36293],
							"rotation": [-90, -45, 90],
							"uv": {
								"north": {"uv": [81, 87], "uv_size": [0.125, 0.125]},
								"east": {"uv": [84, 87], "uv_size": [0.09375, 0.125]},
								"south": {"uv": [87, 81], "uv_size": [0.125, 0.125]},
								"west": {"uv": [87, 84], "uv_size": [0.09375, 0.125]},
								"up": {"uv": [85, 87], "uv_size": [0.125, 0.09375]},
								"down": {"uv": [87, 85.09375], "uv_size": [0.125, -0.09375]}
							}
						},
						{
							"origin": [0.93814, 1.2724, 0.51832],
							"size": [0.18938, 0.18938, 0.09322],
							"pivot": [1.03283, 1.36709, 0.5523],
							"rotation": [-90, -45, 90],
							"uv": {
								"north": {"uv": [86, 82], "uv_size": [0.1875, 0.1875]},
								"east": {"uv": [78, 87], "uv_size": [0.09375, 0.1875]},
								"south": {"uv": [83, 86], "uv_size": [0.1875, 0.1875]},
								"west": {"uv": [87, 78], "uv_size": [0.09375, 0.1875]},
								"up": {"uv": [79, 87], "uv_size": [0.1875, 0.09375]},
								"down": {"uv": [87, 79.09375], "uv_size": [0.1875, -0.09375]}
							}
						},
						{
							"origin": [0.93814, 0.89365, 0.13957],
							"size": [0.18938, 0.18937, 0.09322],
							"pivot": [1.03283, 0.98834, 0.17355],
							"rotation": [-90, -45, 90],
							"uv": {
								"north": {"uv": [81, 86], "uv_size": [0.1875, 0.1875]},
								"east": {"uv": [76, 87], "uv_size": [0.09375, 0.1875]},
								"south": {"uv": [82, 86], "uv_size": [0.1875, 0.1875]},
								"west": {"uv": [87, 76], "uv_size": [0.09375, 0.1875]},
								"up": {"uv": [77, 87], "uv_size": [0.1875, 0.09375]},
								"down": {"uv": [87, 77.09375], "uv_size": [0.1875, -0.09375]}
							}
						},
						{
							"origin": [1.09869, 0.73225, 0.6001],
							"size": [0.36445, 0.87985, 0.11847],
							"pivot": [1.28091, 1.17218, 0.34812],
							"rotation": [-90, -45, 90],
							"uv": {
								"north": {"uv": [83, 59], "uv_size": [0.375, 0.875]},
								"east": {"uv": [70, 85], "uv_size": [0.125, 0.875]},
								"south": {"uv": [83, 60], "uv_size": [0.375, 0.875]},
								"west": {"uv": [71, 85], "uv_size": [0.125, 0.875]},
								"up": {"uv": [75, 86], "uv_size": [0.375, 0.125]},
								"down": {"uv": [76, 86.125], "uv_size": [0.375, -0.125]}
							}
						},
						{
							"origin": [1.09869, 0.73225, 0.6001],
							"size": [0.36445, 0.87985, 0.11847],
							"pivot": [1.28091, 1.17218, 0.34812],
							"rotation": [0, -90, 0],
							"uv": {
								"north": {"uv": [83, 57], "uv_size": [0.375, 0.875]},
								"east": {"uv": [68, 85], "uv_size": [0.125, 0.875]},
								"south": {"uv": [83, 58], "uv_size": [0.375, 0.875]},
								"west": {"uv": [69, 85], "uv_size": [0.125, 0.875]},
								"up": {"uv": [73, 86], "uv_size": [0.375, 0.125]},
								"down": {"uv": [74, 86.125], "uv_size": [0.375, -0.125]}
							}
						},
						{
							"origin": [1.09869, 0.73225, 0.6001],
							"size": [0.36445, 0.87985, 0.11847],
							"pivot": [1.28091, 1.17218, 0.34812],
							"rotation": [90, -45, -90],
							"uv": {
								"north": {"uv": [82, 81], "uv_size": [0.375, 0.875]},
								"east": {"uv": [85, 63], "uv_size": [0.125, 0.875]},
								"south": {"uv": [82, 82], "uv_size": [0.375, 0.875]},
								"west": {"uv": [67, 85], "uv_size": [0.125, 0.875]},
								"up": {"uv": [71, 86], "uv_size": [0.375, 0.125]},
								"down": {"uv": [72, 86.125], "uv_size": [0.375, -0.125]}
							}
						},
						{
							"origin": [1.09869, 0.73225, 0.6001],
							"size": [0.36445, 0.87985, 0.11847],
							"pivot": [1.28091, 1.17218, 0.34812],
							"rotation": [-90, 0, 90],
							"uv": {
								"north": {"uv": [82, 80], "uv_size": [0.375, 0.875]},
								"east": {"uv": [85, 61], "uv_size": [0.125, 0.875]},
								"south": {"uv": [81, 82], "uv_size": [0.375, 0.875]},
								"west": {"uv": [85, 62], "uv_size": [0.125, 0.875]},
								"up": {"uv": [70, 86], "uv_size": [0.375, 0.125]},
								"down": {"uv": [86, 70.125], "uv_size": [0.375, -0.125]}
							}
						},
						{
							"origin": [-0.17061, 2.05507, 0.57719],
							"size": [0.33131, 0.79986, 0.5925],
							"pivot": [-0.00495, 2.455, 0.34812],
							"rotation": [-90, 45, 0],
							"uv": {
								"north": {"uv": [76, 83], "uv_size": [0.34375, 0.8125]},
								"east": {"uv": [81, 81], "uv_size": [0.59375, 0.8125]},
								"south": {"uv": [83, 76], "uv_size": [0.34375, 0.8125]},
								"west": {"uv": [82, 57], "uv_size": [0.59375, 0.8125]},
								"up": {"uv": [76, 84], "uv_size": [0.34375, 0.59375]},
								"down": {"uv": [84, 76.59375], "uv_size": [0.34375, -0.59375]}
							}
						},
						{
							"origin": [-0.17061, 2.05507, 0.57719],
							"size": [0.33131, 0.79986, 0.5925],
							"pivot": [-0.00495, 2.455, 0.34812],
							"rotation": [-90, 0, 0],
							"uv": {
								"north": {"uv": [74, 83], "uv_size": [0.34375, 0.8125]},
								"east": {"uv": [81, 79], "uv_size": [0.59375, 0.8125]},
								"south": {"uv": [75, 83], "uv_size": [0.34375, 0.8125]},
								"west": {"uv": [81, 80], "uv_size": [0.59375, 0.8125]},
								"up": {"uv": [75, 84], "uv_size": [0.34375, 0.59375]},
								"down": {"uv": [84, 75.59375], "uv_size": [0.34375, -0.59375]}
							}
						},
						{
							"origin": [-0.17061, 2.05507, 0.57719],
							"size": [0.33131, 0.79986, 0.5925],
							"pivot": [-0.00495, 2.455, 0.34812],
							"rotation": [-90, -45, 0],
							"uv": {
								"north": {"uv": [72, 83], "uv_size": [0.34375, 0.8125]},
								"east": {"uv": [81, 77], "uv_size": [0.59375, 0.8125]},
								"south": {"uv": [73, 83], "uv_size": [0.34375, 0.8125]},
								"west": {"uv": [81, 78], "uv_size": [0.59375, 0.8125]},
								"up": {"uv": [74, 84], "uv_size": [0.34375, 0.59375]},
								"down": {"uv": [84, 74.59375], "uv_size": [0.34375, -0.59375]}
							}
						},
						{
							"origin": [-0.17061, 2.05507, 0.57719],
							"size": [0.33131, 0.79986, 0.5925],
							"pivot": [-0.00495, 2.455, 0.34812],
							"rotation": [0, 90, 90],
							"uv": {
								"north": {"uv": [70, 83], "uv_size": [0.34375, 0.8125]},
								"east": {"uv": [81, 76], "uv_size": [0.59375, 0.8125]},
								"south": {"uv": [71, 83], "uv_size": [0.34375, 0.8125]},
								"west": {"uv": [77, 81], "uv_size": [0.59375, 0.8125]},
								"up": {"uv": [73, 84], "uv_size": [0.34375, 0.59375]},
								"down": {"uv": [84, 73.59375], "uv_size": [0.34375, -0.59375]}
							}
						},
						{
							"origin": [-0.05958, 2.16576, 0.31967],
							"size": [0.13888, 0.13888, 0.09322],
							"pivot": [0.00986, 2.2352, 0.35366],
							"rotation": [-90, 45, 0],
							"uv": {
								"north": {"uv": [80, 87], "uv_size": [0.125, 0.125]},
								"east": {"uv": [82, 87], "uv_size": [0.09375, 0.125]},
								"south": {"uv": [87, 80], "uv_size": [0.125, 0.125]},
								"west": {"uv": [87, 82], "uv_size": [0.09375, 0.125]},
								"up": {"uv": [83, 87], "uv_size": [0.125, 0.09375]},
								"down": {"uv": [87, 83.09375], "uv_size": [0.125, -0.09375]}
							}
						},
						{
							"origin": [0.10455, 2.14051, 0.50905],
							"size": [0.18937, 0.18938, 0.09322],
							"pivot": [0.19924, 2.2352, 0.54303],
							"rotation": [-90, 45, 0],
							"uv": {
								"north": {"uv": [79, 86], "uv_size": [0.1875, 0.1875]},
								"east": {"uv": [74, 87], "uv_size": [0.09375, 0.1875]},
								"south": {"uv": [80, 86], "uv_size": [0.1875, 0.1875]},
								"west": {"uv": [87, 74], "uv_size": [0.09375, 0.1875]},
								"up": {"uv": [75, 87], "uv_size": [0.1875, 0.09375]},
								"down": {"uv": [87, 75.09375], "uv_size": [0.1875, -0.09375]}
							}
						},
						{
							"origin": [-0.2742, 2.14051, 0.1303],
							"size": [0.18938, 0.18938, 0.09322],
							"pivot": [-0.17951, 2.2352, 0.16428],
							"rotation": [-90, 45, 0],
							"uv": {
								"north": {"uv": [77, 86], "uv_size": [0.1875, 0.1875]},
								"east": {"uv": [72, 87], "uv_size": [0.09375, 0.1875]},
								"south": {"uv": [78, 86], "uv_size": [0.1875, 0.1875]},
								"west": {"uv": [87, 72], "uv_size": [0.09375, 0.1875]},
								"up": {"uv": [73, 87], "uv_size": [0.1875, 0.09375]},
								"down": {"uv": [87, 73.09375], "uv_size": [0.1875, -0.09375]}
							}
						},
						{
							"origin": [-0.18717, 2.04336, 0.6001],
							"size": [0.36445, 0.87985, 0.11847],
							"pivot": [-0.00495, 2.48329, 0.34812],
							"rotation": [-90, 45, 0],
							"uv": {
								"north": {"uv": [82, 79], "uv_size": [0.375, 0.875]},
								"east": {"uv": [85, 59], "uv_size": [0.125, 0.875]},
								"south": {"uv": [80, 82], "uv_size": [0.375, 0.875]},
								"west": {"uv": [85, 60], "uv_size": [0.125, 0.875]},
								"up": {"uv": [69, 86], "uv_size": [0.375, 0.125]},
								"down": {"uv": [86, 69.125], "uv_size": [0.375, -0.125]}
							}
						},
						{
							"origin": [-0.18717, 2.04336, 0.6001],
							"size": [0.36445, 0.87985, 0.11847],
							"pivot": [-0.00495, 2.48329, 0.34812],
							"rotation": [-90, 0, 0],
							"uv": {
								"north": {"uv": [82, 78], "uv_size": [0.375, 0.875]},
								"east": {"uv": [85, 57], "uv_size": [0.125, 0.875]},
								"south": {"uv": [79, 82], "uv_size": [0.375, 0.875]},
								"west": {"uv": [85, 58], "uv_size": [0.125, 0.875]},
								"up": {"uv": [68, 86], "uv_size": [0.375, 0.125]},
								"down": {"uv": [86, 68.125], "uv_size": [0.375, -0.125]}
							}
						},
						{
							"origin": [-0.18717, 2.04336, 0.6001],
							"size": [0.36445, 0.87985, 0.11847],
							"pivot": [-0.00495, 2.48329, 0.34812],
							"rotation": [-90, -45, 0],
							"uv": {
								"north": {"uv": [82, 77], "uv_size": [0.375, 0.875]},
								"east": {"uv": [84, 83], "uv_size": [0.125, 0.875]},
								"south": {"uv": [78, 82], "uv_size": [0.375, 0.875]},
								"west": {"uv": [84, 84], "uv_size": [0.125, 0.875]},
								"up": {"uv": [67, 86], "uv_size": [0.375, 0.125]},
								"down": {"uv": [86, 67.125], "uv_size": [0.375, -0.125]}
							}
						},
						{
							"origin": [-0.18717, 2.04336, 0.6001],
							"size": [0.36445, 0.87985, 0.11847],
							"pivot": [-0.00495, 2.48329, 0.34812],
							"rotation": [0, 90, 90],
							"uv": {
								"north": {"uv": [82, 76], "uv_size": [0.375, 0.875]},
								"east": {"uv": [84, 81], "uv_size": [0.125, 0.875]},
								"south": {"uv": [77, 82], "uv_size": [0.375, 0.875]},
								"west": {"uv": [84, 82], "uv_size": [0.125, 0.875]},
								"up": {"uv": [86, 65], "uv_size": [0.375, 0.125]},
								"down": {"uv": [86, 66.125], "uv_size": [0.375, -0.125]}
							}
						},
						{
							"origin": [-0.27081, 0.51216, -0.12733],
							"size": [0.53172, 1.28368, 0.95089],
							"pivot": [-0.00495, 1.154, -0.49496],
							"rotation": [0, 0, 45],
							"uv": {
								"north": {"uv": [80, 68], "uv_size": [0.53125, 1.28125]},
								"east": {"uv": [78, 61], "uv_size": [0.9375, 1.28125]},
								"south": {"uv": [80, 70], "uv_size": [0.53125, 1.28125]},
								"west": {"uv": [78, 63], "uv_size": [0.9375, 1.28125]},
								"up": {"uv": [81, 75], "uv_size": [0.53125, 0.9375]},
								"down": {"uv": [76, 81.9375], "uv_size": [0.53125, -0.9375]}
							}
						},
						{
							"origin": [-0.27081, 0.51216, -0.12733],
							"size": [0.53172, 1.28368, 0.95089],
							"uv": {
								"north": {"uv": [67, 80], "uv_size": [0.53125, 1.28125]},
								"east": {"uv": [78, 57], "uv_size": [0.9375, 1.28125]},
								"south": {"uv": [68, 80], "uv_size": [0.53125, 1.28125]},
								"west": {"uv": [78, 59], "uv_size": [0.9375, 1.28125]},
								"up": {"uv": [81, 74], "uv_size": [0.53125, 0.9375]},
								"down": {"uv": [75, 81.9375], "uv_size": [0.53125, -0.9375]}
							}
						},
						{
							"origin": [-0.27081, 0.51216, -0.12733],
							"size": [0.53172, 1.28368, 0.95089],
							"pivot": [-0.00495, 1.154, -0.49496],
							"rotation": [0, 0, -45],
							"uv": {
								"north": {"uv": [80, 64], "uv_size": [0.53125, 1.28125]},
								"east": {"uv": [76, 77], "uv_size": [0.9375, 1.28125]},
								"south": {"uv": [80, 66], "uv_size": [0.53125, 1.28125]},
								"west": {"uv": [77, 77], "uv_size": [0.9375, 1.28125]},
								"up": {"uv": [81, 73], "uv_size": [0.53125, 0.9375]},
								"down": {"uv": [74, 81.9375], "uv_size": [0.53125, -0.9375]}
							}
						},
						{
							"origin": [-0.27081, 0.51216, -0.12733],
							"size": [0.53172, 1.28368, 0.95089],
							"pivot": [-0.00495, 1.154, -0.49496],
							"rotation": [0, 0, 90],
							"uv": {
								"north": {"uv": [80, 60], "uv_size": [0.53125, 1.28125]},
								"east": {"uv": [75, 77], "uv_size": [0.9375, 1.28125]},
								"south": {"uv": [80, 62], "uv_size": [0.53125, 1.28125]},
								"west": {"uv": [77, 75], "uv_size": [0.9375, 1.28125]},
								"up": {"uv": [81, 72], "uv_size": [0.53125, 0.9375]},
								"down": {"uv": [73, 81.9375], "uv_size": [0.53125, -0.9375]}
							}
						},
						{
							"origin": [-0.27081, 0.51216, 2.41787],
							"size": [0.53172, 0.07168, 0.86939],
							"pivot": [-0.00495, 1.154, 2.17144],
							"rotation": [0, 0, 90],
							"uv": {
								"north": {"uv": [68, 87], "uv_size": [0.53125, 0.0625]},
								"east": {"uv": [81, 85], "uv_size": [1.5625, 0.0625]},
								"south": {"uv": [87, 68], "uv_size": [0.53125, 0.0625]},
								"west": {"uv": [85, 81], "uv_size": [1.5625, 0.0625]},
								"up": {"uv": [79, 71], "uv_size": [0.53125, 1.5625]},
								"down": {"uv": [72, 80.5625], "uv_size": [0.53125, -1.5625]}
							}
						},
						{
							"origin": [-0.27081, 0.51216, 2.41787],
							"size": [0.53172, 0.07168, 0.86939],
							"pivot": [-0.00495, 1.154, 2.17144],
							"rotation": [0, 0, 45],
							"uv": {
								"north": {"uv": [67, 87], "uv_size": [0.53125, 0.0625]},
								"east": {"uv": [85, 79], "uv_size": [1.5625, 0.0625]},
								"south": {"uv": [87, 67], "uv_size": [0.53125, 0.0625]},
								"west": {"uv": [85, 80], "uv_size": [1.5625, 0.0625]},
								"up": {"uv": [70, 79], "uv_size": [0.53125, 1.5625]},
								"down": {"uv": [71, 80.5625], "uv_size": [0.53125, -1.5625]}
							}
						},
						{
							"origin": [-0.27081, 0.51216, 2.41787],
							"size": [0.53172, 0.07168, 0.86939],
							"uv": {
								"north": {"uv": [87, 65], "uv_size": [0.53125, 0.0625]},
								"east": {"uv": [85, 78], "uv_size": [1.5625, 0.0625]},
								"south": {"uv": [87, 66], "uv_size": [0.53125, 0.0625]},
								"west": {"uv": [79, 85], "uv_size": [1.5625, 0.0625]},
								"up": {"uv": [69, 79], "uv_size": [0.53125, 1.5625]},
								"down": {"uv": [79, 70.5625], "uv_size": [0.53125, -1.5625]}
							}
						},
						{
							"origin": [-0.27081, 1.72416, 2.41787],
							"size": [0.53172, 0.07168, 0.86939],
							"pivot": [-0.00495, 1.154, 2.17144],
							"rotation": [0, 0, -45],
							"uv": {
								"north": {"uv": [87, 63], "uv_size": [0.53125, 0.0625]},
								"east": {"uv": [77, 85], "uv_size": [1.5625, 0.0625]},
								"south": {"uv": [87, 64], "uv_size": [0.53125, 0.0625]},
								"west": {"uv": [85, 77], "uv_size": [1.5625, 0.0625]},
								"up": {"uv": [79, 65], "uv_size": [0.53125, 1.5625]},
								"down": {"uv": [79, 68.5625], "uv_size": [0.53125, -1.5625]}
							}
						},
						{
							"origin": [-0.27081, 1.72416, 2.41787],
							"size": [0.53172, 0.07168, 0.86939],
							"pivot": [-0.00495, 1.154, 2.17144],
							"rotation": [0, 0, 45],
							"uv": {
								"north": {"uv": [87, 61], "uv_size": [0.53125, 0.0625]},
								"east": {"uv": [85, 75], "uv_size": [1.5625, 0.0625]},
								"south": {"uv": [87, 62], "uv_size": [0.53125, 0.0625]},
								"west": {"uv": [85, 76], "uv_size": [1.5625, 0.0625]},
								"up": {"uv": [79, 61], "uv_size": [0.53125, 1.5625]},
								"down": {"uv": [79, 64.5625], "uv_size": [0.53125, -1.5625]}
							}
						},
						{
							"origin": [-0.27081, 1.72416, 2.41787],
							"size": [0.53172, 0.07168, 0.86939],
							"uv": {
								"north": {"uv": [87, 59], "uv_size": [0.53125, 0.0625]},
								"east": {"uv": [85, 74], "uv_size": [1.5625, 0.0625]},
								"south": {"uv": [87, 60], "uv_size": [0.53125, 0.0625]},
								"west": {"uv": [75, 85], "uv_size": [1.5625, 0.0625]},
								"up": {"uv": [79, 57], "uv_size": [0.53125, 1.5625]},
								"down": {"uv": [79, 60.5625], "uv_size": [0.53125, -1.5625]}
							}
						},
						{
							"origin": [-0.27081, 0.51216, 2.41787],
							"size": [0.53172, 0.07168, 0.86939],
							"pivot": [-0.00495, 1.154, 2.17144],
							"rotation": [0, 0, -45],
							"uv": {
								"north": {"uv": [87, 57], "uv_size": [0.53125, 0.0625]},
								"east": {"uv": [73, 85], "uv_size": [1.5625, 0.0625]},
								"south": {"uv": [87, 58], "uv_size": [0.53125, 0.0625]},
								"west": {"uv": [85, 73], "uv_size": [1.5625, 0.0625]},
								"up": {"uv": [78, 75], "uv_size": [0.53125, 1.5625]},
								"down": {"uv": [78, 78.5625], "uv_size": [0.53125, -1.5625]}
							}
						},
						{
							"origin": [-0.27081, 1.72416, 2.41787],
							"size": [0.53172, 0.07168, 0.86939],
							"pivot": [-0.00495, 1.154, 2.17144],
							"rotation": [0, 0, 90],
							"uv": {
								"north": {"uv": [86, 85], "uv_size": [0.53125, 0.0625]},
								"east": {"uv": [85, 71], "uv_size": [1.5625, 0.0625]},
								"south": {"uv": [86, 86], "uv_size": [0.53125, 0.0625]},
								"west": {"uv": [85, 72], "uv_size": [1.5625, 0.0625]},
								"up": {"uv": [78, 65], "uv_size": [0.53125, 1.5625]},
								"down": {"uv": [78, 68.5625], "uv_size": [0.53125, -1.5625]}
							}
						},
						{
							"origin": [-0.24664, 0.5705, -2.72801],
							"size": [0.48338, 1.16698, 5.1776],
							"pivot": [-0.00495, 1.154, 2.26461],
							"rotation": [0, 0, 45],
							"uv": {
								"north": {"uv": [71, 81], "uv_size": [0.46875, 1.15625]},
								"east": {"uv": [69, 69], "uv_size": [5.1875, 1.15625]},
								"south": {"uv": [72, 81], "uv_size": [0.46875, 1.15625]},
								"west": {"uv": [69, 71], "uv_size": [5.1875, 1.15625]},
								"up": {"uv": [75, 57], "uv_size": [0.46875, 5.1875]},
								"down": {"uv": [75, 68.1875], "uv_size": [0.46875, -5.1875]}
							}
						},
						{
							"origin": [-0.24664, 0.5705, -2.72801],
							"size": [0.48338, 1.16698, 5.1776],
							"uv": {
								"north": {"uv": [70, 81], "uv_size": [0.46875, 1.15625]},
								"east": {"uv": [69, 65], "uv_size": [5.1875, 1.15625]},
								"south": {"uv": [81, 70], "uv_size": [0.46875, 1.15625]},
								"west": {"uv": [69, 67], "uv_size": [5.1875, 1.15625]},
								"up": {"uv": [73, 73], "uv_size": [0.46875, 5.1875]},
								"down": {"uv": [74, 78.1875], "uv_size": [0.46875, -5.1875]}
							}
						},
						{
							"origin": [-0.24664, 0.5705, -2.72801],
							"size": [0.48338, 1.16698, 5.1776],
							"pivot": [-0.00495, 1.154, 2.26461],
							"rotation": [0, 0, -45],
							"uv": {
								"north": {"uv": [81, 68], "uv_size": [0.46875, 1.15625]},
								"east": {"uv": [69, 61], "uv_size": [5.1875, 1.15625]},
								"south": {"uv": [69, 81], "uv_size": [0.46875, 1.15625]},
								"west": {"uv": [69, 63], "uv_size": [5.1875, 1.15625]},
								"up": {"uv": [71, 73], "uv_size": [0.46875, 5.1875]},
								"down": {"uv": [72, 78.1875], "uv_size": [0.46875, -5.1875]}
							}
						},
						{
							"origin": [-0.24664, 0.5705, -2.72801],
							"size": [0.48338, 1.16698, 5.1776],
							"pivot": [-0.00495, 1.154, 2.26461],
							"rotation": [0, 0, 90],
							"uv": {
								"north": {"uv": [81, 64], "uv_size": [0.46875, 1.15625]},
								"east": {"uv": [69, 57], "uv_size": [5.1875, 1.15625]},
								"south": {"uv": [81, 66], "uv_size": [0.46875, 1.15625]},
								"west": {"uv": [69, 59], "uv_size": [5.1875, 1.15625]},
								"up": {"uv": [69, 73], "uv_size": [0.46875, 5.1875]},
								"down": {"uv": [70, 78.1875], "uv_size": [0.46875, -5.1875]}
							}
						}
					]
				},
				{
					"name": "ocular_ring",
					"pivot": [0, 2.04014, 2.80461],
					"cubes": [
						{
							"origin": [-0.27081, 0.51216, 3.28037],
							"size": [0.53172, 0.07168, 0.69439],
							"pivot": [-0.00495, 1.154, 2.17144],
							"rotation": [0, 0, 90],
							"uv": {
								"north": {"uv": [68, 87], "uv_size": [0.53125, 0.0625]},
								"east": {"uv": [81, 85], "uv_size": [1.5625, 0.0625]},
								"south": {"uv": [87, 68], "uv_size": [0.53125, 0.0625]},
								"west": {"uv": [85, 81], "uv_size": [1.5625, 0.0625]},
								"up": {"uv": [79, 71], "uv_size": [0.53125, 1.5625]},
								"down": {"uv": [72, 80.5625], "uv_size": [0.53125, -1.5625]}
							}
						},
						{
							"origin": [-0.27081, 0.51216, 3.28037],
							"size": [0.53172, 0.07168, 0.69439],
							"pivot": [-0.00495, 1.154, 2.17144],
							"rotation": [0, 0, 45],
							"uv": {
								"north": {"uv": [67, 87], "uv_size": [0.53125, 0.0625]},
								"east": {"uv": [85, 79], "uv_size": [1.5625, 0.0625]},
								"south": {"uv": [87, 67], "uv_size": [0.53125, 0.0625]},
								"west": {"uv": [85, 80], "uv_size": [1.5625, 0.0625]},
								"up": {"uv": [70, 79], "uv_size": [0.53125, 1.5625]},
								"down": {"uv": [71, 80.5625], "uv_size": [0.53125, -1.5625]}
							}
						},
						{
							"origin": [-0.27081, 0.51216, 3.28037],
							"size": [0.53172, 0.07168, 0.69439],
							"uv": {
								"north": {"uv": [87, 65], "uv_size": [0.53125, 0.0625]},
								"east": {"uv": [85, 78], "uv_size": [1.5625, 0.0625]},
								"south": {"uv": [87, 66], "uv_size": [0.53125, 0.0625]},
								"west": {"uv": [79, 85], "uv_size": [1.5625, 0.0625]},
								"up": {"uv": [69, 79], "uv_size": [0.53125, 1.5625]},
								"down": {"uv": [79, 70.5625], "uv_size": [0.53125, -1.5625]}
							}
						},
						{
							"origin": [-0.27081, 1.72416, 3.28037],
							"size": [0.53172, 0.07168, 0.69439],
							"pivot": [-0.00495, 1.154, 2.17144],
							"rotation": [0, 0, -45],
							"uv": {
								"north": {"uv": [87, 63], "uv_size": [0.53125, 0.0625]},
								"east": {"uv": [77, 85], "uv_size": [1.5625, 0.0625]},
								"south": {"uv": [87, 64], "uv_size": [0.53125, 0.0625]},
								"west": {"uv": [85, 77], "uv_size": [1.5625, 0.0625]},
								"up": {"uv": [79, 65], "uv_size": [0.53125, 1.5625]},
								"down": {"uv": [79, 68.5625], "uv_size": [0.53125, -1.5625]}
							}
						},
						{
							"origin": [-0.27081, 1.72416, 3.28037],
							"size": [0.53172, 0.07168, 0.69439],
							"pivot": [-0.00495, 1.154, 2.17144],
							"rotation": [0, 0, 45],
							"uv": {
								"north": {"uv": [87, 61], "uv_size": [0.53125, 0.0625]},
								"east": {"uv": [85, 75], "uv_size": [1.5625, 0.0625]},
								"south": {"uv": [87, 62], "uv_size": [0.53125, 0.0625]},
								"west": {"uv": [85, 76], "uv_size": [1.5625, 0.0625]},
								"up": {"uv": [79, 61], "uv_size": [0.53125, 1.5625]},
								"down": {"uv": [79, 64.5625], "uv_size": [0.53125, -1.5625]}
							}
						},
						{
							"origin": [-0.27081, 1.72416, 3.28037],
							"size": [0.53172, 0.07168, 0.69439],
							"uv": {
								"north": {"uv": [87, 59], "uv_size": [0.53125, 0.0625]},
								"east": {"uv": [85, 74], "uv_size": [1.5625, 0.0625]},
								"south": {"uv": [87, 60], "uv_size": [0.53125, 0.0625]},
								"west": {"uv": [75, 85], "uv_size": [1.5625, 0.0625]},
								"up": {"uv": [79, 57], "uv_size": [0.53125, 1.5625]},
								"down": {"uv": [79, 60.5625], "uv_size": [0.53125, -1.5625]}
							}
						},
						{
							"origin": [-0.27081, 0.51216, 3.28037],
							"size": [0.53172, 0.07168, 0.69439],
							"pivot": [-0.00495, 1.154, 2.17144],
							"rotation": [0, 0, -45],
							"uv": {
								"north": {"uv": [87, 57], "uv_size": [0.53125, 0.0625]},
								"east": {"uv": [73, 85], "uv_size": [1.5625, 0.0625]},
								"south": {"uv": [87, 58], "uv_size": [0.53125, 0.0625]},
								"west": {"uv": [85, 73], "uv_size": [1.5625, 0.0625]},
								"up": {"uv": [78, 75], "uv_size": [0.53125, 1.5625]},
								"down": {"uv": [78, 78.5625], "uv_size": [0.53125, -1.5625]}
							}
						},
						{
							"origin": [-0.27081, 1.72416, 3.28037],
							"size": [0.53172, 0.07168, 0.69439],
							"pivot": [-0.00495, 1.154, 2.17144],
							"rotation": [0, 0, 90],
							"uv": {
								"north": {"uv": [86, 85], "uv_size": [0.53125, 0.0625]},
								"east": {"uv": [85, 71], "uv_size": [1.5625, 0.0625]},
								"south": {"uv": [86, 86], "uv_size": [0.53125, 0.0625]},
								"west": {"uv": [85, 72], "uv_size": [1.5625, 0.0625]},
								"up": {"uv": [78, 65], "uv_size": [0.53125, 1.5625]},
								"down": {"uv": [78, 68.5625], "uv_size": [0.53125, -1.5625]}
							}
						}
					]
				}
			]
		}
	]
}