{
	"format_version": "1.12.0",
	"minecraft:geometry": [
		{
			"description": {
				"identifier": "geometry.unknown",
				"texture_width": 32,
				"texture_height": 32,
				"visible_bounds_width": 8,
				"visible_bounds_height": 1.5,
				"visible_bounds_offset": [0, 0.25, 0]
			},
			"bones": [
				{
					"name": "scope_body",
					"pivot": [-0.13483, 0.78829, -0.71928],
					"cubes": [
						{
							"origin": [-0.52696, -0.35397, 1.40388],
							"size": [1.03688, 0.31106, 0.62212],
							"uv": {
								"north": {"uv": [15, 8], "uv_size": [1, 0.28125]},
								"east": {"uv": [13, 18], "uv_size": [0.59375, 0.28125]},
								"south": {"uv": [15, 9], "uv_size": [1, 0.28125]},
								"west": {"uv": [18, 13], "uv_size": [0.59375, 0.28125]},
								"up": {"uv": [4, 12], "uv_size": [1, 0.59375]},
								"down": {"uv": [5, 12.59375], "uv_size": [1, -0.59375]}
							}
						},
						{
							"origin": [-0.42328, 0.00894, -2.1215],
							"size": [0.8295, 0.15554, 4.35488],
							"uv": {
								"north": {"uv": [0, 20], "uv_size": [0.78125, 0.15625]},
								"east": {"uv": [11, 6], "uv_size": [4.15625, 0.15625]},
								"south": {"uv": [20, 0], "uv_size": [0.78125, 0.15625]},
								"west": {"uv": [8, 11], "uv_size": [4.15625, 0.15625]},
								"up": {"uv": [0, 5], "uv_size": [0.78125, 4.15625]},
								"down": {"uv": [5, 4.15625], "uv_size": [0.78125, -4.15625]}
							}
						},
						{
							"origin": [0.08258, 0.00894, 2.2119],
							"size": [0.29328, 0.15554, 0.15553],
							"pivot": [0.22922, 0.08671, 2.26374],
							"rotation": [0, 45, 0],
							"uv": {
								"north": {"uv": [23, 18], "uv_size": [0.28125, 0.15625]},
								"east": {"uv": [25, 9], "uv_size": [0.15625, 0.15625]},
								"south": {"uv": [19, 23], "uv_size": [0.28125, 0.15625]},
								"west": {"uv": [10, 25], "uv_size": [0.15625, 0.15625]},
								"up": {"uv": [23, 19], "uv_size": [0.28125, 0.15625]},
								"down": {"uv": [20, 23.15625], "uv_size": [0.28125, -0.15625]}
							}
						},
						{
							"origin": [-0.4107, 0.00894, 2.25485],
							"size": [0.29328, 0.15554, 0.15553],
							"pivot": [-0.20332, 0.08671, 2.3067],
							"rotation": [0, -45, 0],
							"uv": {
								"north": {"uv": [23, 16], "uv_size": [0.28125, 0.15625]},
								"east": {"uv": [25, 8], "uv_size": [0.15625, 0.15625]},
								"south": {"uv": [17, 23], "uv_size": [0.28125, 0.15625]},
								"west": {"uv": [9, 25], "uv_size": [0.15625, 0.15625]},
								"up": {"uv": [23, 17], "uv_size": [0.28125, 0.15625]},
								"down": {"uv": [18, 23.15625], "uv_size": [0.28125, -0.15625]}
							}
						},
						{
							"origin": [-0.2159, 0.00894, 2.23338],
							"size": [0.41475, 0.15554, 0.20737],
							"uv": {
								"north": {"uv": [7, 22], "uv_size": [0.40625, 0.15625]},
								"east": {"uv": [25, 4], "uv_size": [0.1875, 0.15625]},
								"south": {"uv": [22, 7], "uv_size": [0.40625, 0.15625]},
								"west": {"uv": [5, 25], "uv_size": [0.1875, 0.15625]},
								"up": {"uv": [21, 15], "uv_size": [0.40625, 0.1875]},
								"down": {"uv": [16, 21.1875], "uv_size": [0.40625, -0.1875]}
							}
						},
						{
							"origin": [-0.60116, 0.20507, -2.17335],
							"size": [0.10369, 0.77765, 4.35488],
							"pivot": [-0.14493, 0.61982, -0.07367],
							"rotation": [0, 0, 7.5],
							"uv": {
								"north": {"uv": [4, 22], "uv_size": [0.09375, 0.75]},
								"east": {"uv": [6, 1], "uv_size": [4.15625, 0.75]},
								"south": {"uv": [22, 4], "uv_size": [0.09375, 0.75]},
								"west": {"uv": [6, 2], "uv_size": [4.15625, 0.75]},
								"up": {"uv": [3, 13], "uv_size": [0.09375, 4.15625]},
								"down": {"uv": [4, 17.15625], "uv_size": [0.09375, -4.15625]}
							}
						},
						{
							"origin": [0.48042, 0.20507, -2.17335],
							"size": [0.10369, 0.77765, 4.35488],
							"pivot": [0.12788, 0.61982, -0.07367],
							"rotation": [0, 0, -7.5],
							"uv": {
								"north": {"uv": [3, 22], "uv_size": [0.09375, 0.75]},
								"east": {"uv": [5, 5], "uv_size": [4.15625, 0.75]},
								"south": {"uv": [22, 3], "uv_size": [0.09375, 0.75]},
								"west": {"uv": [6, 0], "uv_size": [4.15625, 0.75]},
								"up": {"uv": [1, 13], "uv_size": [0.09375, 4.15625]},
								"down": {"uv": [2, 17.15625], "uv_size": [0.09375, -4.15625]}
							}
						},
						{
							"origin": [-0.71289, 0.51451, -1.72346],
							"size": [0.14373, 0.26749, 0.4633],
							"pivot": [-0.69286, 0.64825, -1.49179],
							"rotation": [60, 0, 0],
							"uv": {
								"north": {"uv": [17, 24], "uv_size": [0.125, 0.25]},
								"east": {"uv": [20, 11], "uv_size": [0.4375, 0.25]},
								"south": {"uv": [24, 17], "uv_size": [0.125, 0.25]},
								"west": {"uv": [12, 20], "uv_size": [0.4375, 0.25]},
								"up": {"uv": [22, 22], "uv_size": [0.125, 0.4375]},
								"down": {"uv": [0, 23.4375], "uv_size": [0.125, -0.4375]}
							}
						},
						{
							"origin": [-0.71289, 0.51451, -1.72346],
							"size": [0.14373, 0.26749, 0.4633],
							"pivot": [-0.69286, 0.64825, -1.49179],
							"rotation": [-60, 0, 0],
							"uv": {
								"north": {"uv": [16, 24], "uv_size": [0.125, 0.25]},
								"east": {"uv": [20, 10], "uv_size": [0.4375, 0.25]},
								"south": {"uv": [24, 16], "uv_size": [0.125, 0.25]},
								"west": {"uv": [11, 20], "uv_size": [0.4375, 0.25]},
								"up": {"uv": [21, 22], "uv_size": [0.125, 0.4375]},
								"down": {"uv": [22, 21.4375], "uv_size": [0.125, -0.4375]}
							}
						},
						{
							"origin": [-0.81657, 0.55369, -1.59319],
							"size": [0.14373, 0.18915, 0.18915],
							"pivot": [-0.7447, 0.64825, -1.49863],
							"rotation": [-45, 0, 0],
							"uv": {
								"north": {"uv": [25, 14], "uv_size": [0.125, 0.1875]},
								"east": {"uv": [12, 24], "uv_size": [0.1875, 0.1875]},
								"south": {"uv": [15, 25], "uv_size": [0.125, 0.1875]},
								"west": {"uv": [24, 12], "uv_size": [0.1875, 0.1875]},
								"up": {"uv": [25, 15], "uv_size": [0.125, 0.1875]},
								"down": {"uv": [16, 25.1875], "uv_size": [0.125, -0.1875]}
							}
						},
						{
							"origin": [-0.7751, 0.59746, -1.82714],
							"size": [0.16447, 0.10159, 0.67068],
							"pivot": [-0.7447, 0.64825, -1.49179],
							"rotation": [-45, 0, 0],
							"uv": {
								"north": {"uv": [16, 26], "uv_size": [0.15625, 0.09375]},
								"east": {"uv": [15, 22], "uv_size": [0.625, 0.09375]},
								"south": {"uv": [26, 16], "uv_size": [0.15625, 0.09375]},
								"west": {"uv": [22, 15], "uv_size": [0.625, 0.09375]},
								"up": {"uv": [20, 12], "uv_size": [0.15625, 0.625]},
								"down": {"uv": [13, 20.625], "uv_size": [0.15625, -0.625]}
							}
						},
						{
							"origin": [-0.71289, 0.51451, -1.72346],
							"size": [0.14373, 0.26749, 0.4633],
							"uv": {
								"north": {"uv": [15, 24], "uv_size": [0.125, 0.25]},
								"east": {"uv": [20, 9], "uv_size": [0.4375, 0.25]},
								"south": {"uv": [24, 15], "uv_size": [0.125, 0.25]},
								"west": {"uv": [10, 20], "uv_size": [0.4375, 0.25]},
								"up": {"uv": [20, 22], "uv_size": [0.125, 0.4375]},
								"down": {"uv": [22, 20.4375], "uv_size": [0.125, -0.4375]}
							}
						},
						{
							"origin": [-0.49127, 1.03872, 0.67806],
							"size": [0.9655, 0.09659, 0.67397],
							"uv": {
								"north": {"uv": [20, 16], "uv_size": [0.90625, 0.09375]},
								"east": {"uv": [14, 22], "uv_size": [0.65625, 0.09375]},
								"south": {"uv": [17, 20], "uv_size": [0.90625, 0.09375]},
								"west": {"uv": [22, 14], "uv_size": [0.65625, 0.09375]},
								"up": {"uv": [1, 12], "uv_size": [0.90625, 0.65625]},
								"down": {"uv": [2, 12.65625], "uv_size": [0.90625, -0.65625]}
							}
						},
						{
							"origin": [-0.92441, 0.8712, 1.33611],
							"size": [0.24742, 0.26749, 0.59732],
							"pivot": [-0.8007, 0.7312, 1.54564],
							"rotation": [0, 0, 90],
							"uv": {
								"north": {"uv": [13, 22], "uv_size": [0.25, 0.25]},
								"east": {"uv": [19, 12], "uv_size": [0.5625, 0.25]},
								"south": {"uv": [22, 13], "uv_size": [0.25, 0.25]},
								"west": {"uv": [13, 19], "uv_size": [0.5625, 0.25]},
								"up": {"uv": [19, 13], "uv_size": [0.25, 0.5625]},
								"down": {"uv": [14, 19.5625], "uv_size": [0.25, -0.5625]}
							}
						},
						{
							"origin": [-0.92441, 0.86969, 1.33549],
							"size": [0.24742, 0.26749, 0.59732],
							"pivot": [-0.8007, 0.72971, 1.63626],
							"rotation": [0, 45, 90],
							"uv": {
								"north": {"uv": [12, 22], "uv_size": [0.25, 0.25]},
								"east": {"uv": [10, 19], "uv_size": [0.5625, 0.25]},
								"south": {"uv": [22, 12], "uv_size": [0.25, 0.25]},
								"west": {"uv": [11, 19], "uv_size": [0.5625, 0.25]},
								"up": {"uv": [19, 11], "uv_size": [0.25, 0.5625]},
								"down": {"uv": [12, 19.5625], "uv_size": [0.25, -0.5625]}
							}
						},
						{
							"origin": [-0.71589, 0.40938, 1.63606],
							"size": [0.20119, 0.26199, 0.20119],
							"pivot": [-0.57362, 0.54038, 1.4938],
							"rotation": [0, -45, 90],
							"uv": {
								"north": {"uv": [23, 14], "uv_size": [0.1875, 0.25]},
								"east": {"uv": [15, 23], "uv_size": [0.1875, 0.25]},
								"south": {"uv": [23, 15], "uv_size": [0.1875, 0.25]},
								"west": {"uv": [16, 23], "uv_size": [0.1875, 0.25]},
								"up": {"uv": [11, 24], "uv_size": [0.1875, 0.1875]},
								"down": {"uv": [24, 11.1875], "uv_size": [0.1875, -0.1875]}
							}
						},
						{
							"origin": [-0.92441, 0.86909, 1.33823],
							"size": [0.24742, 0.26749, 0.59732],
							"pivot": [-0.8007, 0.72909, 1.63477],
							"rotation": [0, -90, 90],
							"uv": {
								"north": {"uv": [11, 22], "uv_size": [0.25, 0.25]},
								"east": {"uv": [19, 7], "uv_size": [0.5625, 0.25]},
								"south": {"uv": [22, 11], "uv_size": [0.25, 0.25]},
								"west": {"uv": [8, 19], "uv_size": [0.5625, 0.25]},
								"up": {"uv": [19, 8], "uv_size": [0.25, 0.5625]},
								"down": {"uv": [9, 19.5625], "uv_size": [0.25, -0.5625]}
							}
						},
						{
							"origin": [-0.92441, 0.87269, 1.33549],
							"size": [0.24742, 0.26749, 0.59732],
							"pivot": [-0.8007, 0.7327, 1.63626],
							"rotation": [0, -45, 90],
							"uv": {
								"north": {"uv": [10, 22], "uv_size": [0.25, 0.25]},
								"east": {"uv": [4, 19], "uv_size": [0.5625, 0.25]},
								"south": {"uv": [22, 10], "uv_size": [0.25, 0.25]},
								"west": {"uv": [5, 19], "uv_size": [0.5625, 0.25]},
								"up": {"uv": [6, 19], "uv_size": [0.25, 0.5625]},
								"down": {"uv": [7, 19.5625], "uv_size": [0.25, -0.5625]}
							}
						},
						{
							"origin": [-0.20336, 0.05493, -3.08681],
							"size": [0.38969, 0.05962, 0.94078],
							"uv": {
								"north": {"uv": [25, 13], "uv_size": [0.375, 0.0625]},
								"east": {"uv": [19, 22], "uv_size": [0.90625, 0.0625]},
								"south": {"uv": [14, 25], "uv_size": [0.375, 0.0625]},
								"west": {"uv": [22, 19], "uv_size": [0.90625, 0.0625]},
								"up": {"uv": [14, 1], "uv_size": [0.375, 0.90625]},
								"down": {"uv": [14, 2.90625], "uv_size": [0.375, -0.90625]}
							}
						},
						{
							"origin": [-0.20101, 0.05493, -3.08778],
							"size": [0.38969, 0.05962, 0.94078],
							"pivot": [-0.00617, -0.22, -2.61407],
							"rotation": [0, 45, 0],
							"uv": {
								"north": {"uv": [25, 12], "uv_size": [0.375, 0.0625]},
								"east": {"uv": [18, 22], "uv_size": [0.90625, 0.0625]},
								"south": {"uv": [13, 25], "uv_size": [0.375, 0.0625]},
								"west": {"uv": [22, 18], "uv_size": [0.90625, 0.0625]},
								"up": {"uv": [13, 11], "uv_size": [0.375, 0.90625]},
								"down": {"uv": [14, 0.90625], "uv_size": [0.375, -0.90625]}
							}
						},
						{
							"origin": [-0.20003, 0.05493, -3.08348],
							"size": [0.38969, 0.05962, 0.94078],
							"pivot": [-0.0052, -0.22, -2.61642],
							"rotation": [0, -90, 0],
							"uv": {
								"north": {"uv": [25, 11], "uv_size": [0.375, 0.0625]},
								"east": {"uv": [17, 22], "uv_size": [0.90625, 0.0625]},
								"south": {"uv": [12, 25], "uv_size": [0.375, 0.0625]},
								"west": {"uv": [22, 17], "uv_size": [0.90625, 0.0625]},
								"up": {"uv": [13, 7], "uv_size": [0.375, 0.90625]},
								"down": {"uv": [13, 9.90625], "uv_size": [0.375, -0.90625]}
							}
						},
						{
							"origin": [-0.20573, 0.05493, -3.08778],
							"size": [0.38969, 0.05962, 0.94078],
							"pivot": [-0.01088, -0.22, -2.61407],
							"rotation": [0, -45, 0],
							"uv": {
								"north": {"uv": [25, 10], "uv_size": [0.375, 0.0625]},
								"east": {"uv": [16, 22], "uv_size": [0.90625, 0.0625]},
								"south": {"uv": [11, 25], "uv_size": [0.375, 0.0625]},
								"west": {"uv": [22, 16], "uv_size": [0.90625, 0.0625]},
								"up": {"uv": [13, 3], "uv_size": [0.375, 0.90625]},
								"down": {"uv": [13, 5.90625], "uv_size": [0.375, -0.90625]}
							}
						},
						{
							"origin": [-0.19409, 0.05881, -3.06441],
							"size": [0.37112, 0.15554, 0.89598],
							"uv": {
								"north": {"uv": [23, 7], "uv_size": [0.34375, 0.15625]},
								"east": {"uv": [19, 17], "uv_size": [0.84375, 0.15625]},
								"south": {"uv": [8, 23], "uv_size": [0.34375, 0.15625]},
								"west": {"uv": [18, 19], "uv_size": [0.84375, 0.15625]},
								"up": {"uv": [15, 3], "uv_size": [0.34375, 0.84375]},
								"down": {"uv": [15, 4.84375], "uv_size": [0.34375, -0.84375]}
							}
						},
						{
							"origin": [-0.19184, 0.05881, -3.06533],
							"size": [0.37112, 0.15554, 0.89598],
							"pivot": [-0.00629, -0.20302, -2.61417],
							"rotation": [0, 45, 0],
							"uv": {
								"north": {"uv": [23, 6], "uv_size": [0.34375, 0.15625]},
								"east": {"uv": [19, 16], "uv_size": [0.84375, 0.15625]},
								"south": {"uv": [7, 23], "uv_size": [0.34375, 0.15625]},
								"west": {"uv": [17, 19], "uv_size": [0.84375, 0.15625]},
								"up": {"uv": [15, 1], "uv_size": [0.34375, 0.84375]},
								"down": {"uv": [15, 2.84375], "uv_size": [0.34375, -0.84375]}
							}
						},
						{
							"origin": [-0.19092, 0.05881, -3.06124],
							"size": [0.37112, 0.15554, 0.89598],
							"pivot": [-0.00535, -0.20302, -2.61642],
							"rotation": [0, -90, 0],
							"uv": {
								"north": {"uv": [23, 5], "uv_size": [0.34375, 0.15625]},
								"east": {"uv": [19, 15], "uv_size": [0.84375, 0.15625]},
								"south": {"uv": [6, 23], "uv_size": [0.34375, 0.15625]},
								"west": {"uv": [16, 19], "uv_size": [0.84375, 0.15625]},
								"up": {"uv": [14, 14], "uv_size": [0.34375, 0.84375]},
								"down": {"uv": [15, 0.84375], "uv_size": [0.34375, -0.84375]}
							}
						},
						{
							"origin": [-0.19633, 0.05881, -3.06533],
							"size": [0.37112, 0.15554, 0.89598],
							"pivot": [-0.01076, -0.20302, -2.61417],
							"rotation": [0, -45, 0],
							"uv": {
								"north": {"uv": [23, 4], "uv_size": [0.34375, 0.15625]},
								"east": {"uv": [19, 14], "uv_size": [0.84375, 0.15625]},
								"south": {"uv": [5, 23], "uv_size": [0.34375, 0.15625]},
								"west": {"uv": [15, 19], "uv_size": [0.84375, 0.15625]},
								"up": {"uv": [14, 11], "uv_size": [0.34375, 0.84375]},
								"down": {"uv": [14, 13.84375], "uv_size": [0.34375, -0.84375]}
							}
						},
						{
							"origin": [0.19556, 0.91646, 1.63606],
							"size": [0.20119, 0.26199, 0.20119],
							"pivot": [0.33783, 1.04745, 1.4938],
							"rotation": [0, -45, 0],
							"uv": {
								"north": {"uv": [23, 12], "uv_size": [0.1875, 0.25]},
								"east": {"uv": [13, 23], "uv_size": [0.1875, 0.25]},
								"south": {"uv": [23, 13], "uv_size": [0.1875, 0.25]},
								"west": {"uv": [14, 23], "uv_size": [0.1875, 0.25]},
								"up": {"uv": [10, 24], "uv_size": [0.1875, 0.1875]},
								"down": {"uv": [24, 10.1875], "uv_size": [0.1875, -0.1875]}
							}
						},
						{
							"origin": [-0.00563, 0.88535, 1.29131],
							"size": [0.28453, 0.26199, 0.68692],
							"uv": {
								"north": {"uv": [2, 22], "uv_size": [0.28125, 0.25]},
								"east": {"uv": [18, 17], "uv_size": [0.65625, 0.25]},
								"south": {"uv": [22, 2], "uv_size": [0.28125, 0.25]},
								"west": {"uv": [18, 18], "uv_size": [0.65625, 0.25]},
								"up": {"uv": [18, 3], "uv_size": [0.28125, 0.65625]},
								"down": {"uv": [4, 18.65625], "uv_size": [0.28125, -0.65625]}
							}
						},
						{
							"origin": [-0.00391, 0.88535, 1.2906],
							"size": [0.28453, 0.26199, 0.68692],
							"pivot": [0.13836, 0.72436, 1.63649],
							"rotation": [0, 45, 0],
							"uv": {
								"north": {"uv": [1, 22], "uv_size": [0.28125, 0.25]},
								"east": {"uv": [18, 16], "uv_size": [0.65625, 0.25]},
								"south": {"uv": [22, 1], "uv_size": [0.28125, 0.25]},
								"west": {"uv": [17, 18], "uv_size": [0.65625, 0.25]},
								"up": {"uv": [18, 2], "uv_size": [0.28125, 0.65625]},
								"down": {"uv": [3, 18.65625], "uv_size": [0.28125, -0.65625]}
							}
						},
						{
							"origin": [-0.0032, 0.88535, 1.29374],
							"size": [0.28453, 0.26199, 0.68692],
							"pivot": [0.13906, 0.72436, 1.63477],
							"rotation": [0, -90, 0],
							"uv": {
								"north": {"uv": [0, 22], "uv_size": [0.28125, 0.25]},
								"east": {"uv": [18, 15], "uv_size": [0.65625, 0.25]},
								"south": {"uv": [22, 0], "uv_size": [0.28125, 0.25]},
								"west": {"uv": [16, 18], "uv_size": [0.65625, 0.25]},
								"up": {"uv": [18, 1], "uv_size": [0.28125, 0.65625]},
								"down": {"uv": [2, 18.65625], "uv_size": [0.28125, -0.65625]}
							}
						},
						{
							"origin": [-0.00735, 0.88535, 1.2906],
							"size": [0.28453, 0.26199, 0.68692],
							"pivot": [0.13492, 0.72436, 1.63649],
							"rotation": [0, -45, 0],
							"uv": {
								"north": {"uv": [21, 20], "uv_size": [0.28125, 0.25]},
								"east": {"uv": [14, 18], "uv_size": [0.65625, 0.25]},
								"south": {"uv": [21, 21], "uv_size": [0.28125, 0.25]},
								"west": {"uv": [18, 14], "uv_size": [0.65625, 0.25]},
								"up": {"uv": [18, 0], "uv_size": [0.28125, 0.65625]},
								"down": {"uv": [1, 18.65625], "uv_size": [0.28125, -0.65625]}
							}
						},
						{
							"origin": [0.14122, 1.03872, 2.00526],
							"size": [0.03231, 0.00207, 0.17626],
							"uv": {
								"north": {"uv": [24, 26], "uv_size": [0.03125, 0.03125]},
								"east": {"uv": [24, 26], "uv_size": [0.03125, 0.03125]},
								"south": {"uv": [24, 26], "uv_size": [0.03125, 0.03125]},
								"west": {"uv": [24, 26], "uv_size": [0.03125, 0.03125]},
								"up": {"uv": [17, 26], "uv_size": [0.03125, 0.15625]},
								"down": {"uv": [26, 17.15625], "uv_size": [0.03125, -0.15625]}
							}
						},
						{
							"origin": [0.079, 0.44808, 2.11943],
							"size": [0.23968, 0.44913, 0.20737],
							"pivot": [-0.00853, 0.60005, 2.22312],
							"rotation": [30, 0, 0],
							"uv": {
								"north": {"uv": [20, 14], "uv_size": [0.21875, 0.4375]},
								"east": {"uv": [21, 12], "uv_size": [0.1875, 0.4375]},
								"south": {"uv": [15, 20], "uv_size": [0.21875, 0.4375]},
								"west": {"uv": [13, 21], "uv_size": [0.1875, 0.4375]},
								"up": {"uv": [0, 24], "uv_size": [0.21875, 0.1875]},
								"down": {"uv": [24, 0.1875], "uv_size": [0.21875, -0.1875]}
							}
						},
						{
							"origin": [0.079, 0.16447, 2.18153],
							"size": [0.23968, 0.35581, 0.20737],
							"uv": {
								"north": {"uv": [21, 17], "uv_size": [0.21875, 0.34375]},
								"east": {"uv": [6, 22], "uv_size": [0.1875, 0.34375]},
								"south": {"uv": [18, 21], "uv_size": [0.21875, 0.34375]},
								"west": {"uv": [22, 6], "uv_size": [0.1875, 0.34375]},
								"up": {"uv": [23, 22], "uv_size": [0.21875, 0.1875]},
								"down": {"uv": [23, 23.1875], "uv_size": [0.21875, -0.1875]}
							}
						},
						{
							"origin": [-0.33575, 0.44808, 2.11943],
							"size": [0.23968, 0.44913, 0.20737],
							"pivot": [-0.00853, 0.60005, 2.22312],
							"rotation": [30, 0, 0],
							"uv": {
								"north": {"uv": [20, 13], "uv_size": [0.21875, 0.4375]},
								"east": {"uv": [21, 11], "uv_size": [0.1875, 0.4375]},
								"south": {"uv": [14, 20], "uv_size": [0.21875, 0.4375]},
								"west": {"uv": [12, 21], "uv_size": [0.1875, 0.4375]},
								"up": {"uv": [23, 21], "uv_size": [0.21875, 0.1875]},
								"down": {"uv": [22, 23.1875], "uv_size": [0.21875, -0.1875]}
							}
						},
						{
							"origin": [-0.33575, 0.16447, 2.18153],
							"size": [0.23968, 0.35581, 0.20737],
							"uv": {
								"north": {"uv": [21, 16], "uv_size": [0.21875, 0.34375]},
								"east": {"uv": [5, 22], "uv_size": [0.1875, 0.34375]},
								"south": {"uv": [17, 21], "uv_size": [0.21875, 0.34375]},
								"west": {"uv": [22, 5], "uv_size": [0.1875, 0.34375]},
								"up": {"uv": [23, 20], "uv_size": [0.21875, 0.1875]},
								"down": {"uv": [21, 23.1875], "uv_size": [0.21875, -0.1875]}
							}
						},
						{
							"origin": [-0.54312, 0.26816, 0.67806],
							"size": [1.06918, 0.77056, 1.50554],
							"uv": {
								"north": {"uv": [6, 10], "uv_size": [1.03125, 0.71875]},
								"east": {"uv": [9, 3], "uv_size": [1.4375, 0.71875]},
								"south": {"uv": [10, 7], "uv_size": [1.03125, 0.71875]},
								"west": {"uv": [9, 4], "uv_size": [1.4375, 0.71875]},
								"up": {"uv": [1, 8], "uv_size": [1.03125, 1.4375]},
								"down": {"uv": [3, 9.4375], "uv_size": [1.03125, -1.4375]}
							}
						},
						{
							"origin": [-0.54312, 0.37185, -2.17335],
							"size": [0.136, 0.66896, 2.85141],
							"uv": {
								"north": {"uv": [21, 14], "uv_size": [0.125, 0.625]},
								"east": {"uv": [5, 6], "uv_size": [2.71875, 0.625]},
								"south": {"uv": [15, 21], "uv_size": [0.125, 0.625]},
								"west": {"uv": [5, 7], "uv_size": [2.71875, 0.625]},
								"up": {"uv": [13, 13], "uv_size": [0.125, 2.71875]},
								"down": {"uv": [0, 16.71875], "uv_size": [0.125, -2.71875]}
							}
						},
						{
							"origin": [-0.12875, 0.73379, -2.17335],
							"size": [0.08415, 0.30396, 2.85141],
							"pivot": [-0.16444, 0.57471, -0.74764],
							"rotation": [0, 0, -45],
							"uv": {
								"north": {"uv": [25, 5], "uv_size": [0.09375, 0.28125]},
								"east": {"uv": [3, 10], "uv_size": [2.71875, 0.28125]},
								"south": {"uv": [6, 25], "uv_size": [0.09375, 0.28125]},
								"west": {"uv": [10, 5], "uv_size": [2.71875, 0.28125]},
								"up": {"uv": [15, 16], "uv_size": [0.09375, 2.71875]},
								"down": {"uv": [16, 17.71875], "uv_size": [0.09375, -2.71875]}
							}
						},
						{
							"origin": [0.02755, 0.73379, -2.17335],
							"size": [0.136, 0.30396, 2.85141],
							"pivot": [0.14739, 0.57471, -0.74764],
							"rotation": [0, 0, 45],
							"uv": {
								"north": {"uv": [9, 24], "uv_size": [0.125, 0.28125]},
								"east": {"uv": [9, 9], "uv_size": [2.71875, 0.28125]},
								"south": {"uv": [24, 9], "uv_size": [0.125, 0.28125]},
								"west": {"uv": [0, 10], "uv_size": [2.71875, 0.28125]},
								"up": {"uv": [11, 13], "uv_size": [0.125, 2.71875]},
								"down": {"uv": [12, 15.71875], "uv_size": [0.125, -2.71875]}
							}
						},
						{
							"origin": [-0.40712, 0.57922, -2.17335],
							"size": [0.79719, 0.25213, 2.85141],
							"uv": {
								"north": {"uv": [17, 17], "uv_size": [0.75, 0.25]},
								"east": {"uv": [11, 4], "uv_size": [2.71875, 0.25]},
								"south": {"uv": [0, 18], "uv_size": [0.75, 0.25]},
								"west": {"uv": [5, 11], "uv_size": [2.71875, 0.25]},
								"up": {"uv": [1, 5], "uv_size": [0.75, 2.71875]},
								"down": {"uv": [2, 7.71875], "uv_size": [0.75, -2.71875]}
							}
						},
						{
							"origin": [-0.48042, 0.7866, -2.17174],
							"size": [0.136, 0.25213, 2.87215],
							"pivot": [-0.41241, 0.93857, -0.73567],
							"rotation": [0, 2.5, 0],
							"uv": {
								"north": {"uv": [14, 24], "uv_size": [0.125, 0.25]},
								"east": {"uv": [11, 1], "uv_size": [2.75, 0.25]},
								"south": {"uv": [24, 14], "uv_size": [0.125, 0.25]},
								"west": {"uv": [11, 2], "uv_size": [2.75, 0.25]},
								"up": {"uv": [7, 13], "uv_size": [0.125, 2.75]},
								"down": {"uv": [8, 15.75], "uv_size": [0.125, -2.75]}
							}
						},
						{
							"origin": [0.32737, 0.7866, -2.17174],
							"size": [0.136, 0.25213, 2.87215],
							"pivot": [0.39536, 0.93857, -0.73567],
							"rotation": [0, -2.5, 0],
							"uv": {
								"north": {"uv": [13, 24], "uv_size": [0.125, 0.25]},
								"east": {"uv": [11, 0], "uv_size": [2.75, 0.25]},
								"south": {"uv": [24, 13], "uv_size": [0.125, 0.25]},
								"west": {"uv": [1, 11], "uv_size": [2.75, 0.25]},
								"up": {"uv": [5, 13], "uv_size": [0.125, 2.75]},
								"down": {"uv": [6, 15.75], "uv_size": [0.125, -2.75]}
							}
						},
						{
							"origin": [0.39007, 0.37185, -2.17335],
							"size": [0.136, 0.66896, 2.85141],
							"uv": {
								"north": {"uv": [21, 13], "uv_size": [0.125, 0.625]},
								"east": {"uv": [6, 3], "uv_size": [2.71875, 0.625]},
								"south": {"uv": [14, 21], "uv_size": [0.125, 0.625]},
								"west": {"uv": [6, 4], "uv_size": [2.71875, 0.625]},
								"up": {"uv": [9, 13], "uv_size": [0.125, 2.71875]},
								"down": {"uv": [10, 15.71875], "uv_size": [0.125, -2.71875]}
							}
						},
						{
							"origin": [-0.34328, 1.68986, -3.07647],
							"size": [0.10071, 0.37923, 0.93319],
							"pivot": [-0.00853, 1.87948, -2.60989],
							"rotation": [0, 2.5, 90],
							"uv": {
								"north": {"uv": [8, 24], "uv_size": [0.09375, 0.375]},
								"east": {"uv": [14, 8], "uv_size": [0.875, 0.375]},
								"south": {"uv": [24, 8], "uv_size": [0.09375, 0.375]},
								"west": {"uv": [14, 9], "uv_size": [0.875, 0.375]},
								"up": {"uv": [21, 10], "uv_size": [0.09375, 0.875]},
								"down": {"uv": [11, 21.875], "uv_size": [0.09375, -0.875]}
							}
						},
						{
							"origin": [0.28287, 1.55084, -3.07647],
							"size": [0.09332, 0.3318, 0.93319],
							"pivot": [-0.00853, 1.87948, -2.60989],
							"rotation": [-1.2506, -2.1649, -59.9764],
							"uv": {
								"north": {"uv": [25, 3], "uv_size": [0.09375, 0.3125]},
								"east": {"uv": [14, 16], "uv_size": [0.875, 0.3125]},
								"south": {"uv": [4, 25], "uv_size": [0.09375, 0.3125]},
								"west": {"uv": [16, 14], "uv_size": [0.875, 0.3125]},
								"up": {"uv": [21, 9], "uv_size": [0.09375, 0.875]},
								"down": {"uv": [10, 21.875], "uv_size": [0.09375, -0.875]}
							}
						},
						{
							"origin": [-0.39323, 1.55084, -3.07647],
							"size": [0.09332, 0.3318, 0.93319],
							"pivot": [-0.00853, 1.87948, -2.60989],
							"rotation": [-1.2506, 2.1649, 59.9764],
							"uv": {
								"north": {"uv": [25, 2], "uv_size": [0.09375, 0.3125]},
								"east": {"uv": [13, 16], "uv_size": [0.875, 0.3125]},
								"south": {"uv": [3, 25], "uv_size": [0.09375, 0.3125]},
								"west": {"uv": [16, 13], "uv_size": [0.875, 0.3125]},
								"up": {"uv": [21, 8], "uv_size": [0.09375, 0.875]},
								"down": {"uv": [9, 21.875], "uv_size": [0.09375, -0.875]}
							}
						},
						{
							"origin": [0.39564, 1.45543, -3.07647],
							"size": [0.09332, 0.3318, 0.93319],
							"pivot": [-0.00853, 1.87948, -2.60989],
							"rotation": [-2.1654, -1.2497, -29.9764],
							"uv": {
								"north": {"uv": [25, 1], "uv_size": [0.09375, 0.3125]},
								"east": {"uv": [12, 16], "uv_size": [0.875, 0.3125]},
								"south": {"uv": [2, 25], "uv_size": [0.09375, 0.3125]},
								"west": {"uv": [16, 12], "uv_size": [0.875, 0.3125]},
								"up": {"uv": [21, 7], "uv_size": [0.09375, 0.875]},
								"down": {"uv": [8, 21.875], "uv_size": [0.09375, -0.875]}
							}
						},
						{
							"origin": [-0.50602, 1.45543, -3.07647],
							"size": [0.09331, 0.3318, 0.93319],
							"pivot": [-0.00853, 1.87948, -2.60989],
							"rotation": [-2.1654, 1.2497, 29.9764],
							"uv": {
								"north": {"uv": [25, 0], "uv_size": [0.09375, 0.3125]},
								"east": {"uv": [11, 16], "uv_size": [0.875, 0.3125]},
								"south": {"uv": [1, 25], "uv_size": [0.09375, 0.3125]},
								"west": {"uv": [16, 11], "uv_size": [0.875, 0.3125]},
								"up": {"uv": [21, 6], "uv_size": [0.09375, 0.875]},
								"down": {"uv": [7, 21.875], "uv_size": [0.09375, -0.875]}
							}
						},
						{
							"origin": [-0.65139, 1.18033, -3.07647],
							"size": [0.09332, 0.58065, 0.93319],
							"pivot": [-0.00853, 1.87948, -2.60989],
							"rotation": [-2.5, 0, 0],
							"uv": {
								"north": {"uv": [23, 9], "uv_size": [0.09375, 0.5625]},
								"east": {"uv": [12, 7], "uv_size": [0.875, 0.5625]},
								"south": {"uv": [10, 23], "uv_size": [0.09375, 0.5625]},
								"west": {"uv": [8, 12], "uv_size": [0.875, 0.5625]},
								"up": {"uv": [5, 21], "uv_size": [0.09375, 0.875]},
								"down": {"uv": [6, 21.875], "uv_size": [0.09375, -0.875]}
							}
						},
						{
							"origin": [0.54102, 1.18033, -3.07647],
							"size": [0.09331, 0.58065, 0.93319],
							"pivot": [-0.00853, 1.87948, -2.60989],
							"rotation": [-2.5, 0, 0],
							"uv": {
								"north": {"uv": [23, 8], "uv_size": [0.09375, 0.5625]},
								"east": {"uv": [6, 12], "uv_size": [0.875, 0.5625]},
								"south": {"uv": [9, 23], "uv_size": [0.09375, 0.5625]},
								"west": {"uv": [7, 12], "uv_size": [0.875, 0.5625]},
								"up": {"uv": [4, 21], "uv_size": [0.09375, 0.875]},
								"down": {"uv": [21, 4.875], "uv_size": [0.09375, -0.875]}
							}
						},
						{
							"origin": [0.50258, 1.39776, -3.09779],
							"size": [0.08268, 0.31821, 0.92607],
							"pivot": [-0.00853, 1.55686, -2.59846],
							"rotation": [0, 0, -60],
							"uv": {
								"north": {"uv": [24, 24], "uv_size": [0.09375, 0.3125]},
								"east": {"uv": [16, 9], "uv_size": [0.875, 0.3125]},
								"south": {"uv": [0, 25], "uv_size": [0.09375, 0.3125]},
								"west": {"uv": [10, 16], "uv_size": [0.875, 0.3125]},
								"up": {"uv": [3, 21], "uv_size": [0.09375, 0.875]},
								"down": {"uv": [21, 3.875], "uv_size": [0.09375, -0.875]}
							}
						},
						{
							"origin": [-0.60231, 1.39776, -3.09779],
							"size": [0.08268, 0.31821, 0.92607],
							"pivot": [-0.00853, 1.55686, -2.59846],
							"rotation": [0, 0, 90],
							"uv": {
								"north": {"uv": [23, 24], "uv_size": [0.09375, 0.3125]},
								"east": {"uv": [16, 8], "uv_size": [0.875, 0.3125]},
								"south": {"uv": [24, 23], "uv_size": [0.09375, 0.3125]},
								"west": {"uv": [9, 16], "uv_size": [0.875, 0.3125]},
								"up": {"uv": [2, 21], "uv_size": [0.09375, 0.875]},
								"down": {"uv": [21, 2.875], "uv_size": [0.09375, -0.875]}
							}
						},
						{
							"origin": [0.50258, 1.39776, -3.09779],
							"size": [0.08268, 0.31821, 0.92607],
							"pivot": [-0.00853, 1.55686, -2.59846],
							"rotation": [0, 0, -30],
							"uv": {
								"north": {"uv": [22, 24], "uv_size": [0.09375, 0.3125]},
								"east": {"uv": [16, 7], "uv_size": [0.875, 0.3125]},
								"south": {"uv": [24, 22], "uv_size": [0.09375, 0.3125]},
								"west": {"uv": [8, 16], "uv_size": [0.875, 0.3125]},
								"up": {"uv": [1, 21], "uv_size": [0.09375, 0.875]},
								"down": {"uv": [21, 1.875], "uv_size": [0.09375, -0.875]}
							}
						},
						{
							"origin": [0.50258, 1.39776, -3.09779],
							"size": [0.08268, 0.31821, 0.92607],
							"uv": {
								"north": {"uv": [21, 24], "uv_size": [0.09375, 0.3125]},
								"east": {"uv": [16, 6], "uv_size": [0.875, 0.3125]},
								"south": {"uv": [24, 21], "uv_size": [0.09375, 0.3125]},
								"west": {"uv": [7, 16], "uv_size": [0.875, 0.3125]},
								"up": {"uv": [0, 21], "uv_size": [0.09375, 0.875]},
								"down": {"uv": [21, 0.875], "uv_size": [0.09375, -0.875]}
							}
						},
						{
							"origin": [-0.60231, 1.39776, -3.09779],
							"size": [0.08268, 0.31821, 0.92607],
							"pivot": [-0.00853, 1.55686, -2.59846],
							"rotation": [0, 0, 30],
							"uv": {
								"north": {"uv": [20, 24], "uv_size": [0.09375, 0.3125]},
								"east": {"uv": [16, 5], "uv_size": [0.875, 0.3125]},
								"south": {"uv": [24, 20], "uv_size": [0.09375, 0.3125]},
								"west": {"uv": [6, 16], "uv_size": [0.875, 0.3125]},
								"up": {"uv": [20, 19], "uv_size": [0.09375, 0.875]},
								"down": {"uv": [20, 20.875], "uv_size": [0.09375, -0.875]}
							}
						},
						{
							"origin": [0.50258, 1.39776, -3.09779],
							"size": [0.39374, 0.31821, 0.92607],
							"pivot": [-0.00853, 1.55686, -2.59846],
							"rotation": [0, 0, 60],
							"uv": {
								"north": {"uv": [4, 20], "uv_size": [0.375, 0.3125]},
								"east": {"uv": [16, 4], "uv_size": [0.875, 0.3125]},
								"south": {"uv": [20, 4], "uv_size": [0.375, 0.3125]},
								"west": {"uv": [5, 16], "uv_size": [0.875, 0.3125]},
								"up": {"uv": [14, 5], "uv_size": [0.375, 0.875]},
								"down": {"uv": [14, 7.875], "uv_size": [0.375, -0.875]}
							}
						},
						{
							"origin": [-0.65416, 1.39776, -3.09779],
							"size": [0.13453, 0.31821, 0.92607],
							"pivot": [-0.00853, 1.55686, -2.59846],
							"rotation": [0, 0, -30],
							"uv": {
								"north": {"uv": [3, 24], "uv_size": [0.125, 0.3125]},
								"east": {"uv": [16, 2], "uv_size": [0.875, 0.3125]},
								"south": {"uv": [24, 3], "uv_size": [0.125, 0.3125]},
								"west": {"uv": [16, 3], "uv_size": [0.875, 0.3125]},
								"up": {"uv": [20, 8], "uv_size": [0.125, 0.875]},
								"down": {"uv": [9, 20.875], "uv_size": [0.125, -0.875]}
							}
						},
						{
							"origin": [-0.91337, 1.39776, -3.09779],
							"size": [0.39374, 0.31821, 0.92607],
							"pivot": [-0.00853, 1.55686, -2.59846],
							"rotation": [0, 0, -60],
							"uv": {
								"north": {"uv": [3, 20], "uv_size": [0.375, 0.3125]},
								"east": {"uv": [16, 0], "uv_size": [0.875, 0.3125]},
								"south": {"uv": [20, 3], "uv_size": [0.375, 0.3125]},
								"west": {"uv": [16, 1], "uv_size": [0.875, 0.3125]},
								"up": {"uv": [14, 3], "uv_size": [0.375, 0.875]},
								"down": {"uv": [14, 4.875], "uv_size": [0.375, -0.875]}
							}
						},
						{
							"origin": [0.50258, 1.29407, -3.09779],
							"size": [0.29005, 0.52559, 0.92607],
							"pivot": [-0.00853, 1.55686, -2.59846],
							"rotation": [0, 0, 90],
							"uv": {
								"north": {"uv": [3, 19], "uv_size": [0.28125, 0.5]},
								"east": {"uv": [9, 12], "uv_size": [0.875, 0.5]},
								"south": {"uv": [19, 3], "uv_size": [0.28125, 0.5]},
								"west": {"uv": [12, 9], "uv_size": [0.875, 0.5]},
								"up": {"uv": [0, 17], "uv_size": [0.28125, 0.875]},
								"down": {"uv": [17, 0.875], "uv_size": [0.28125, -0.875]}
							}
						},
						{
							"origin": [-0.60231, 1.39776, -3.09779],
							"size": [0.08268, 0.31821, 0.92607],
							"pivot": [-0.00853, 1.55686, -2.59846],
							"rotation": [0, 0, 60],
							"uv": {
								"north": {"uv": [19, 24], "uv_size": [0.09375, 0.3125]},
								"east": {"uv": [15, 14], "uv_size": [0.875, 0.3125]},
								"south": {"uv": [24, 19], "uv_size": [0.09375, 0.3125]},
								"west": {"uv": [15, 15], "uv_size": [0.875, 0.3125]},
								"up": {"uv": [20, 18], "uv_size": [0.09375, 0.875]},
								"down": {"uv": [19, 20.875], "uv_size": [0.09375, -0.875]}
							}
						},
						{
							"origin": [0.50258, 1.39776, -3.09779],
							"size": [0.13453, 0.31821, 0.92607],
							"pivot": [-0.00853, 1.55686, -2.59846],
							"rotation": [0, 0, 30],
							"uv": {
								"north": {"uv": [2, 24], "uv_size": [0.125, 0.3125]},
								"east": {"uv": [15, 13], "uv_size": [0.875, 0.3125]},
								"south": {"uv": [24, 2], "uv_size": [0.125, 0.3125]},
								"west": {"uv": [14, 15], "uv_size": [0.875, 0.3125]},
								"up": {"uv": [20, 7], "uv_size": [0.125, 0.875]},
								"down": {"uv": [8, 20.875], "uv_size": [0.125, -0.875]}
							}
						},
						{
							"origin": [0.43, 0.94393, -2.37125],
							"size": [0.08268, 0.19379, 0.38689],
							"pivot": [0.49726, 0.97861, -2.07411],
							"rotation": [-45, 0, 0],
							"uv": {
								"north": {"uv": [0, 26], "uv_size": [0.09375, 0.1875]},
								"east": {"uv": [21, 19], "uv_size": [0.375, 0.1875]},
								"south": {"uv": [26, 0], "uv_size": [0.09375, 0.1875]},
								"west": {"uv": [20, 21], "uv_size": [0.375, 0.1875]},
								"up": {"uv": [7, 24], "uv_size": [0.09375, 0.375]},
								"down": {"uv": [24, 7.375], "uv_size": [0.09375, -0.375]}
							}
						},
						{
							"origin": [-0.52973, 0.94393, -2.37125],
							"size": [0.08268, 0.19379, 0.38689],
							"pivot": [-0.51431, 0.97861, -2.07411],
							"rotation": [-45, 0, 0],
							"uv": {
								"north": {"uv": [25, 24], "uv_size": [0.09375, 0.1875]},
								"east": {"uv": [21, 18], "uv_size": [0.375, 0.1875]},
								"south": {"uv": [25, 25], "uv_size": [0.09375, 0.1875]},
								"west": {"uv": [19, 21], "uv_size": [0.375, 0.1875]},
								"up": {"uv": [6, 24], "uv_size": [0.09375, 0.375]},
								"down": {"uv": [24, 6.375], "uv_size": [0.09375, -0.375]}
							}
						},
						{
							"origin": [-0.60231, 1.39776, -3.09779],
							"size": [0.08268, 0.31821, 0.92607],
							"uv": {
								"north": {"uv": [18, 24], "uv_size": [0.09375, 0.3125]},
								"east": {"uv": [15, 11], "uv_size": [0.875, 0.3125]},
								"south": {"uv": [24, 18], "uv_size": [0.09375, 0.3125]},
								"west": {"uv": [15, 12], "uv_size": [0.875, 0.3125]},
								"up": {"uv": [20, 17], "uv_size": [0.09375, 0.875]},
								"down": {"uv": [18, 20.875], "uv_size": [0.09375, -0.875]}
							}
						},
						{
							"origin": [-0.67213, 0.16447, -3.10654],
							"size": [1.3272, 0.77766, 0.94356],
							"uv": {
								"north": {"uv": [5, 9], "uv_size": [1.25, 0.75]},
								"east": {"uv": [11, 3], "uv_size": [0.90625, 0.75]},
								"south": {"uv": [7, 9], "uv_size": [1.25, 0.75]},
								"west": {"uv": [4, 11], "uv_size": [0.90625, 0.75]},
								"up": {"uv": [8, 7], "uv_size": [1.25, 0.90625]},
								"down": {"uv": [8, 8.90625], "uv_size": [1.25, -0.90625]}
							}
						},
						{
							"origin": [-0.65139, 0.94212, -3.10654],
							"size": [0.24885, 0.25921, 0.93319],
							"uv": {
								"north": {"uv": [9, 22], "uv_size": [0.25, 0.25]},
								"east": {"uv": [11, 17], "uv_size": [0.875, 0.25]},
								"south": {"uv": [22, 9], "uv_size": [0.25, 0.25]},
								"west": {"uv": [17, 11], "uv_size": [0.875, 0.25]},
								"up": {"uv": [12, 17], "uv_size": [0.25, 0.875]},
								"down": {"uv": [17, 12.875], "uv_size": [0.25, -0.875]}
							}
						},
						{
							"origin": [0.38549, 0.94212, -3.10654],
							"size": [0.24885, 0.25921, 0.93319],
							"uv": {
								"north": {"uv": [8, 22], "uv_size": [0.25, 0.25]},
								"east": {"uv": [9, 17], "uv_size": [0.875, 0.25]},
								"south": {"uv": [22, 8], "uv_size": [0.25, 0.25]},
								"west": {"uv": [17, 9], "uv_size": [0.875, 0.25]},
								"up": {"uv": [10, 17], "uv_size": [0.25, 0.875]},
								"down": {"uv": [17, 10.875], "uv_size": [0.25, -0.875]}
							}
						},
						{
							"origin": [-0.65139, 0.42293, -1.18414],
							"size": [0.24885, 0.20738, 0.8295],
							"pivot": [-0.52696, 0.55254, -0.76939],
							"rotation": [15, 0, 0],
							"uv": {
								"north": {"uv": [23, 11], "uv_size": [0.25, 0.1875]},
								"east": {"uv": [2, 19], "uv_size": [0.78125, 0.1875]},
								"south": {"uv": [12, 23], "uv_size": [0.25, 0.1875]},
								"west": {"uv": [19, 2], "uv_size": [0.78125, 0.1875]},
								"up": {"uv": [14, 17], "uv_size": [0.25, 0.78125]},
								"down": {"uv": [17, 14.78125], "uv_size": [0.25, -0.78125]}
							}
						},
						{
							"origin": [-0.65347, 0.32, -1.96597],
							"size": [0.25093, 0.20737, 0.8295],
							"uv": {
								"north": {"uv": [23, 10], "uv_size": [0.25, 0.1875]},
								"east": {"uv": [1, 19], "uv_size": [0.78125, 0.1875]},
								"south": {"uv": [11, 23], "uv_size": [0.25, 0.1875]},
								"west": {"uv": [19, 1], "uv_size": [0.78125, 0.1875]},
								"up": {"uv": [13, 17], "uv_size": [0.25, 0.78125]},
								"down": {"uv": [17, 13.78125], "uv_size": [0.25, -0.78125]}
							}
						},
						{
							"origin": [-0.67213, 0.86529, -2.03762],
							"size": [0.24885, 0.08108, 0.08108],
							"pivot": [-0.5477, 0.78141, -1.91412],
							"rotation": [-45, 0, 0],
							"uv": {
								"north": {"uv": [14, 26], "uv_size": [0.25, 0.0625]},
								"east": {"uv": [23, 26], "uv_size": [0.0625, 0.0625]},
								"south": {"uv": [26, 14], "uv_size": [0.25, 0.0625]},
								"west": {"uv": [26, 23], "uv_size": [0.0625, 0.0625]},
								"up": {"uv": [15, 26], "uv_size": [0.25, 0.0625]},
								"down": {"uv": [26, 15.0625], "uv_size": [0.25, -0.0625]}
							}
						},
						{
							"origin": [-0.67213, 0.42981, -1.83024],
							"size": [0.24885, 0.08108, 0.08108],
							"pivot": [-0.5477, 0.5533, -1.91412],
							"rotation": [-45, 0, 0],
							"uv": {
								"north": {"uv": [12, 26], "uv_size": [0.25, 0.0625]},
								"east": {"uv": [22, 26], "uv_size": [0.0625, 0.0625]},
								"south": {"uv": [26, 12], "uv_size": [0.25, 0.0625]},
								"west": {"uv": [26, 22], "uv_size": [0.0625, 0.0625]},
								"up": {"uv": [13, 26], "uv_size": [0.25, 0.0625]},
								"down": {"uv": [26, 13.0625], "uv_size": [0.25, -0.0625]}
							}
						},
						{
							"origin": [-0.78618, 0.64755, -0.84521],
							"size": [0.31106, 0.14329, 0.14329],
							"pivot": [-0.59955, 0.62588, -0.72172],
							"rotation": [-45, 0, 0],
							"uv": {
								"north": {"uv": [4, 24], "uv_size": [0.28125, 0.125]},
								"east": {"uv": [11, 26], "uv_size": [0.125, 0.125]},
								"south": {"uv": [24, 4], "uv_size": [0.28125, 0.125]},
								"west": {"uv": [26, 11], "uv_size": [0.125, 0.125]},
								"up": {"uv": [5, 24], "uv_size": [0.28125, 0.125]},
								"down": {"uv": [24, 5.125], "uv_size": [0.28125, -0.125]}
							}
						},
						{
							"origin": [-0.67213, 0.86529, -0.32678],
							"size": [0.24885, 0.08108, 0.08108],
							"pivot": [-0.5477, 0.78141, -0.20329],
							"rotation": [-45, 0, 0],
							"uv": {
								"north": {"uv": [9, 26], "uv_size": [0.25, 0.0625]},
								"east": {"uv": [21, 26], "uv_size": [0.0625, 0.0625]},
								"south": {"uv": [26, 9], "uv_size": [0.25, 0.0625]},
								"west": {"uv": [26, 21], "uv_size": [0.0625, 0.0625]},
								"up": {"uv": [10, 26], "uv_size": [0.25, 0.0625]},
								"down": {"uv": [26, 10.0625], "uv_size": [0.25, -0.0625]}
							}
						},
						{
							"origin": [-0.67213, 0.61644, -0.1194],
							"size": [0.24885, 0.08108, 0.08108],
							"pivot": [-0.5477, 0.73994, -0.20329],
							"rotation": [-45, 0, 0],
							"uv": {
								"north": {"uv": [7, 26], "uv_size": [0.25, 0.0625]},
								"east": {"uv": [20, 26], "uv_size": [0.0625, 0.0625]},
								"south": {"uv": [26, 7], "uv_size": [0.25, 0.0625]},
								"west": {"uv": [26, 20], "uv_size": [0.0625, 0.0625]},
								"up": {"uv": [8, 26], "uv_size": [0.25, 0.0625]},
								"down": {"uv": [26, 8.0625], "uv_size": [0.25, -0.0625]}
							}
						},
						{
							"origin": [-0.67213, 0.86529, 0.7101],
							"size": [0.24885, 0.08108, 0.08108],
							"pivot": [-0.5477, 0.78141, 0.83359],
							"rotation": [-45, 0, 0],
							"uv": {
								"north": {"uv": [5, 26], "uv_size": [0.25, 0.0625]},
								"east": {"uv": [19, 26], "uv_size": [0.0625, 0.0625]},
								"south": {"uv": [26, 5], "uv_size": [0.25, 0.0625]},
								"west": {"uv": [26, 19], "uv_size": [0.0625, 0.0625]},
								"up": {"uv": [6, 26], "uv_size": [0.25, 0.0625]},
								"down": {"uv": [26, 6.0625], "uv_size": [0.25, -0.0625]}
							}
						},
						{
							"origin": [-0.67213, 0.61644, 0.91747],
							"size": [0.24885, 0.08108, 0.08108],
							"pivot": [-0.5477, 0.73994, 0.83359],
							"rotation": [-45, 0, 0],
							"uv": {
								"north": {"uv": [3, 26], "uv_size": [0.25, 0.0625]},
								"east": {"uv": [18, 26], "uv_size": [0.0625, 0.0625]},
								"south": {"uv": [26, 3], "uv_size": [0.25, 0.0625]},
								"west": {"uv": [26, 18], "uv_size": [0.0625, 0.0625]},
								"up": {"uv": [4, 26], "uv_size": [0.25, 0.0625]},
								"down": {"uv": [26, 4.0625], "uv_size": [0.25, -0.0625]}
							}
						},
						{
							"origin": [-0.57568, 0.68291, 0.11244],
							"size": [0.12885, 0.15554, 0.12885],
							"pivot": [-0.57126, 0.7866, -0.06978],
							"rotation": [0, -45, 0],
							"uv": {
								"north": {"uv": [25, 22], "uv_size": [0.125, 0.15625]},
								"east": {"uv": [23, 25], "uv_size": [0.125, 0.15625]},
								"south": {"uv": [25, 23], "uv_size": [0.125, 0.15625]},
								"west": {"uv": [24, 25], "uv_size": [0.125, 0.15625]},
								"up": {"uv": [2, 26], "uv_size": [0.125, 0.125]},
								"down": {"uv": [26, 2.125], "uv_size": [0.125, -0.125]}
							}
						},
						{
							"origin": [-0.57568, 0.68291, 0.55235],
							"size": [0.12885, 0.15554, 0.12885],
							"pivot": [-0.57126, 0.7866, 0.37013],
							"rotation": [0, -45, 0],
							"uv": {
								"north": {"uv": [25, 20], "uv_size": [0.125, 0.15625]},
								"east": {"uv": [21, 25], "uv_size": [0.125, 0.15625]},
								"south": {"uv": [25, 21], "uv_size": [0.125, 0.15625]},
								"west": {"uv": [22, 25], "uv_size": [0.125, 0.15625]},
								"up": {"uv": [1, 26], "uv_size": [0.125, 0.125]},
								"down": {"uv": [26, 1.125], "uv_size": [0.125, -0.125]}
							}
						},
						{
							"origin": [-0.70324, 0.68291, 0.05594],
							"size": [0.24885, 0.15554, 0.62212],
							"uv": {
								"north": {"uv": [1, 24], "uv_size": [0.25, 0.15625]},
								"east": {"uv": [20, 15], "uv_size": [0.59375, 0.15625]},
								"south": {"uv": [24, 1], "uv_size": [0.25, 0.15625]},
								"west": {"uv": [16, 20], "uv_size": [0.59375, 0.15625]},
								"up": {"uv": [0, 19], "uv_size": [0.25, 0.59375]},
								"down": {"uv": [19, 0.59375], "uv_size": [0.25, -0.59375]}
							}
						},
						{
							"origin": [-0.65347, 0.52737, -1.96597],
							"size": [0.25093, 0.46659, 2.90325],
							"uv": {
								"north": {"uv": [20, 6], "uv_size": [0.25, 0.4375]},
								"east": {"uv": [5, 8], "uv_size": [2.75, 0.4375]},
								"south": {"uv": [7, 20], "uv_size": [0.25, 0.4375]},
								"west": {"uv": [8, 6], "uv_size": [2.75, 0.4375]},
								"up": {"uv": [3, 5], "uv_size": [0.25, 2.75]},
								"down": {"uv": [0, 13.75], "uv_size": [0.25, -2.75]}
							}
						},
						{
							"origin": [-0.65139, 0.16447, -2.17335],
							"size": [1.28572, 0.10369, 4.35488],
							"uv": {
								"north": {"uv": [5, 20], "uv_size": [1.21875, 0.09375]},
								"east": {"uv": [10, 12], "uv_size": [4.15625, 0.09375]},
								"south": {"uv": [20, 5], "uv_size": [1.21875, 0.09375]},
								"west": {"uv": [12, 10], "uv_size": [4.15625, 0.09375]},
								"up": {"uv": [0, 0], "uv_size": [1.21875, 4.15625]},
								"down": {"uv": [2, 4.15625], "uv_size": [1.21875, -4.15625]}
							}
						},
						{
							"origin": [-0.52696, -0.0429, -1.91412],
							"size": [1.03688, 0.20738, 3.94012],
							"uv": {
								"north": {"uv": [17, 15], "uv_size": [1, 0.1875]},
								"east": {"uv": [8, 10], "uv_size": [3.75, 0.1875]},
								"south": {"uv": [17, 16], "uv_size": [1, 0.1875]},
								"west": {"uv": [10, 8], "uv_size": [3.75, 0.1875]},
								"up": {"uv": [4, 0], "uv_size": [1, 3.75]},
								"down": {"uv": [4, 7.75], "uv_size": [1, -3.75]}
							}
						},
						{
							"origin": [0.56176, -0.58021, -1.72562],
							"size": [0.1659, 0.37549, 0.37549],
							"pivot": [1.02835, -0.19844, -1.34385],
							"rotation": [-45, 0, 0],
							"uv": {
								"north": {"uv": [23, 2], "uv_size": [0.15625, 0.34375]},
								"east": {"uv": [2, 20], "uv_size": [0.34375, 0.34375]},
								"south": {"uv": [3, 23], "uv_size": [0.15625, 0.34375]},
								"west": {"uv": [20, 2], "uv_size": [0.34375, 0.34375]},
								"up": {"uv": [23, 3], "uv_size": [0.15625, 0.34375]},
								"down": {"uv": [4, 23.34375], "uv_size": [0.15625, -0.34375]}
							}
						},
						{
							"origin": [0.56176, -0.58021, 1.59238],
							"size": [0.1659, 0.37549, 0.37549],
							"pivot": [1.02835, -0.19844, 1.97415],
							"rotation": [-45, 0, 0],
							"uv": {
								"north": {"uv": [23, 0], "uv_size": [0.15625, 0.34375]},
								"east": {"uv": [1, 20], "uv_size": [0.34375, 0.34375]},
								"south": {"uv": [1, 23], "uv_size": [0.15625, 0.34375]},
								"west": {"uv": [20, 1], "uv_size": [0.34375, 0.34375]},
								"up": {"uv": [23, 1], "uv_size": [0.15625, 0.34375]},
								"down": {"uv": [2, 23.34375], "uv_size": [0.15625, -0.34375]}
							}
						},
						{
							"origin": [-0.5788, -0.47652, 1.69607],
							"size": [1.14056, 0.16812, 0.16812],
							"pivot": [-0.00853, -0.19844, 1.97415],
							"rotation": [-45, 0, 0],
							"uv": {
								"north": {"uv": [9, 18], "uv_size": [1.09375, 0.15625]},
								"east": {"uv": [25, 7], "uv_size": [0.15625, 0.15625]},
								"south": {"uv": [18, 9], "uv_size": [1.09375, 0.15625]},
								"west": {"uv": [8, 25], "uv_size": [0.15625, 0.15625]},
								"up": {"uv": [18, 10], "uv_size": [1.09375, 0.15625]},
								"down": {"uv": [11, 18.15625], "uv_size": [1.09375, -0.15625]}
							}
						},
						{
							"origin": [-0.5788, -0.47652, -1.62193],
							"size": [1.14056, 0.16812, 0.16812],
							"pivot": [-0.00853, -0.19844, -1.34385],
							"rotation": [-45, 0, 0],
							"uv": {
								"north": {"uv": [18, 4], "uv_size": [1.09375, 0.15625]},
								"east": {"uv": [25, 6], "uv_size": [0.15625, 0.15625]},
								"south": {"uv": [18, 5], "uv_size": [1.09375, 0.15625]},
								"west": {"uv": [7, 25], "uv_size": [0.15625, 0.15625]},
								"up": {"uv": [18, 6], "uv_size": [1.09375, 0.15625]},
								"down": {"uv": [7, 18.15625], "uv_size": [1.09375, -0.15625]}
							}
						},
						{
							"origin": [-0.52696, -0.35397, -1.91412],
							"size": [1.03688, 0.31106, 0.62213],
							"uv": {
								"north": {"uv": [15, 5], "uv_size": [1, 0.28125]},
								"east": {"uv": [18, 11], "uv_size": [0.59375, 0.28125]},
								"south": {"uv": [15, 7], "uv_size": [1, 0.28125]},
								"west": {"uv": [18, 12], "uv_size": [0.59375, 0.28125]},
								"up": {"uv": [3, 12], "uv_size": [1, 0.59375]},
								"down": {"uv": [12, 3.59375], "uv_size": [1, -0.59375]}
							}
						}
					]
				},
				{
					"name": "ocular",
					"pivot": [-0.01063, 1.57181, -2.51394],
					"cubes": [
						{
							"origin": [-0.11871, 1.02843, -2.51394],
							"size": [0.21617, 1.08675, 0],
							"pivot": [-0.01063, 1.57181, -2.51394],
							"rotation": [0, 0, -45],
							"uv": {
								"south": {"uv": [17, 1], "uv_size": [0.21875, 1.03125]}
							}
						},
						{
							"origin": [-0.11871, 1.02843, -2.51394],
							"size": [0.21617, 1.08675, 0],
							"pivot": [-0.01063, 1.57181, -2.51394],
							"rotation": [0, 0, -22.5],
							"uv": {
								"south": {"uv": [17, 3], "uv_size": [0.21875, 1.03125]}
							}
						},
						{
							"origin": [-0.11871, 1.02843, -2.51394],
							"size": [0.21617, 1.08675, 0],
							"uv": {
								"south": {"uv": [5, 17], "uv_size": [0.21875, 1.03125]}
							}
						},
						{
							"origin": [-0.11871, 1.02843, -2.51394],
							"size": [0.21617, 1.08675, 0],
							"pivot": [-0.01063, 1.57181, -2.51394],
							"rotation": [0, 0, 22.5],
							"uv": {
								"south": {"uv": [17, 5], "uv_size": [0.21875, 1.03125]}
							}
						},
						{
							"origin": [-0.11871, 1.02843, -2.51394],
							"size": [0.21617, 1.08675, 0],
							"pivot": [-0.01063, 1.57181, -2.51394],
							"rotation": [0, 0, 45],
							"uv": {
								"south": {"uv": [6, 17], "uv_size": [0.21875, 1.03125]}
							}
						},
						{
							"origin": [-0.554, 1.46372, -2.51394],
							"size": [1.08675, 0.21617, 0],
							"pivot": [-0.01063, 1.57181, -2.51394],
							"rotation": [0, 0, -22.5],
							"uv": {
								"south": {"uv": [7, 17], "uv_size": [1.03125, 0.21875]}
							}
						},
						{
							"origin": [-0.554, 1.46372, -2.51394],
							"size": [1.08675, 0.21617, 0],
							"uv": {
								"south": {"uv": [17, 7], "uv_size": [1.03125, 0.21875]}
							}
						},
						{
							"origin": [-0.554, 1.46372, -2.51394],
							"size": [1.08675, 0.21617, 0],
							"pivot": [-0.01063, 1.57181, -2.51394],
							"rotation": [0, 0, 22.5],
							"uv": {
								"south": {"uv": [17, 8], "uv_size": [1.03125, 0.21875]}
							}
						}
					]
				},
				{
					"name": "scope_view",
					"pivot": [-0.01063, 1.57186, 8.97044]
				},
				{
					"name": "division",
					"pivot": [-0.01063, 1.03103, -67.15456]
				},
				{
					"name": "division_illuminated",
					"parent": "division",
					"pivot": [-0.01063, 1.57182, -67.23688],
					"cubes": [
						{
							"origin": [-0.04827, 1.38257, -67.14737],
							"size": [0.07529, 0.37847, 0],
							"pivot": [-0.01063, 1.57181, -67.242],
							"rotation": [0, 0, -67.5],
							"uv": {
								"south": {"uv": [25, 16], "uv_size": [0.0625, 0.34375]}
							}
						},
						{
							"origin": [-0.04827, 1.38257, -67.14737],
							"size": [0.07529, 0.37847, 0],
							"pivot": [-0.01063, 1.57181, -67.242],
							"rotation": [0, 0, -135],
							"uv": {
								"south": {"uv": [17, 25], "uv_size": [0.0625, 0.34375]}
							}
						},
						{
							"origin": [-0.04827, 1.38257, -67.14737],
							"size": [0.07529, 0.37847, 0],
							"pivot": [-0.01063, 1.57181, -67.242],
							"rotation": [0, 0, -157.5],
							"uv": {
								"south": {"uv": [25, 17], "uv_size": [0.0625, 0.34375]}
							}
						},
						{
							"origin": [-0.04827, 1.38257, -67.14737],
							"size": [0.07529, 0.37847, 0],
							"pivot": [-0.01063, 1.57181, -67.242],
							"rotation": [0, 0, -90],
							"uv": {
								"south": {"uv": [18, 25], "uv_size": [0.0625, 0.34375]}
							}
						},
						{
							"origin": [-0.04827, 1.38257, -67.14737],
							"size": [0.07529, 0.37847, 0],
							"pivot": [-0.01063, 1.57181, -67.242],
							"rotation": [0, 0, -112.5],
							"uv": {
								"south": {"uv": [25, 18], "uv_size": [0.0625, 0.34375]}
							}
						},
						{
							"origin": [-0.04827, 1.38257, -67.14737],
							"size": [0.07529, 0.37847, 0],
							"pivot": [-0.01063, 1.57181, -67.242],
							"rotation": [0, 0, -45],
							"uv": {
								"south": {"uv": [19, 25], "uv_size": [0.0625, 0.34375]}
							}
						},
						{
							"origin": [-0.04827, 1.38257, -67.14737],
							"size": [0.07529, 0.37847, 0],
							"pivot": [-0.01063, 1.57181, -67.242],
							"rotation": [0, 0, -22.5],
							"uv": {
								"south": {"uv": [25, 19], "uv_size": [0.0625, 0.34375]}
							}
						},
						{
							"origin": [-0.04827, 1.38257, -67.14737],
							"size": [0.07529, 0.37847, 0],
							"uv": {
								"south": {"uv": [20, 25], "uv_size": [0.0625, 0.34375]}
							}
						},
						{
							"origin": [-0.10204, 0.60787, -67.15456],
							"size": [0.18283, 0.6148, 0],
							"pivot": [-0.01063, 1.13125, -67.99036],
							"rotation": [0, 0, -45],
							"uv": {
								"south": {"uv": [19, 18], "uv_size": [0.1875, 0.65625]}
							}
						},
						{
							"origin": [-0.25476, 0.67113, -67.15456],
							"size": [0.18283, 0.6148, 0],
							"pivot": [-0.16335, 0.97853, -67.15456],
							"rotation": [0, 0, 45],
							"uv": {
								"south": {"uv": [19, 19], "uv_size": [0.1875, 0.65625]}
							}
						}
					]
				}
			]
		}
	]
}