{
	"format_version": "1.12.0",
	"minecraft:geometry": [
		{
			"description": {
				"identifier": "geometry.stock_carbon_bone_c5",
				"texture_width": 128,
				"texture_height": 128,
				"visible_bounds_width": 3,
				"visible_bounds_height": 1.5,
				"visible_bounds_offset": [0, 0.25, 0]
			},
			"bones": [
				{
					"name": "bone41",
					"pivot": [0.02413, -2.00873, 5.44696],
					"cubes": [
						{
							"origin": [-1.11223, -0.34457, -0.24139],
							"size": [2.26864, 0.93018, 8.4959],
							"uv": {
								"north": {"uv": [67, 0], "uv_size": [8, 3]},
								"east": {"uv": [30, 23], "uv_size": [29, 3]},
								"south": {"uv": [67, 4], "uv_size": [8, 3]},
								"west": {"uv": [30, 27], "uv_size": [29, 3]},
								"up": {"uv": [0, 0], "uv_size": [8, 29]},
								"down": {"uv": [9, 29], "uv_size": [8, -29]}
							}
						},
						{
							"origin": [-1.11223, 0.23743, 8.25451],
							"size": [2.26864, 0.34818, 0.582],
							"uv": {
								"north": {"uv": [83, 27], "uv_size": [8, 1]},
								"east": {"uv": [27, 93], "uv_size": [2, 1]},
								"south": {"uv": [83, 72], "uv_size": [8, 1]},
								"west": {"uv": [45, 93], "uv_size": [2, 1]},
								"up": {"uv": [4, 75], "uv_size": [8, 2]},
								"down": {"uv": [76, 4], "uv_size": [8, -2]}
							}
						},
						{
							"origin": [-0.376, -1.21757, 8.25451],
							"size": [0.802, 1.51218, 0.582],
							"uv": {
								"north": {"uv": [69, 76], "uv_size": [3, 5]},
								"east": {"uv": [72, 82], "uv_size": [2, 5]},
								"south": {"uv": [73, 76], "uv_size": [3, 5]},
								"west": {"uv": [35, 83], "uv_size": [2, 5]},
								"up": {"uv": [4, 90], "uv_size": [3, 2]},
								"down": {"uv": [22, 92], "uv_size": [3, -2]}
							}
						},
						{
							"origin": [-1.1035, -0.18181, 8.00254],
							"size": [2.257, 0.34818, 0.7566],
							"pivot": [0.025, -0.00772, 8.29354],
							"rotation": [52.5, 0, 0],
							"uv": {
								"north": {"uv": [85, 14], "uv_size": [8, 1]},
								"east": {"uv": [98, 72], "uv_size": [3, 1]},
								"south": {"uv": [87, 53], "uv_size": [8, 1]},
								"west": {"uv": [98, 87], "uv_size": [3, 1]},
								"up": {"uv": [67, 8], "uv_size": [8, 3]},
								"down": {"uv": [67, 15], "uv_size": [8, -3]}
							}
						},
						{
							"origin": [0.12465, -0.47024, 8.43455],
							"size": [1.093, 0.34818, 0.82935],
							"pivot": [0.08915, -0.29615, 8.81284],
							"rotation": [48.458, 23.37058, -19.36497],
							"uv": {
								"north": {"uv": [92, 91], "uv_size": [4, 1]},
								"east": {"uv": [99, 24], "uv_size": [3, 1]},
								"south": {"uv": [93, 2], "uv_size": [4, 1]},
								"west": {"uv": [99, 37], "uv_size": [3, 1]},
								"up": {"uv": [7, 78], "uv_size": [4, 3]},
								"down": {"uv": [78, 27], "uv_size": [4, -3]}
							}
						},
						{
							"origin": [-1.16764, -0.5395, 8.4687],
							"size": [1.093, 0.34818, 0.82935],
							"pivot": [-0.03914, -0.36541, 8.7597],
							"rotation": [48.458, -23.37058, 19.36497],
							"uv": {
								"north": {"uv": [93, 4], "uv_size": [4, 1]},
								"east": {"uv": [99, 39], "uv_size": [3, 1]},
								"south": {"uv": [93, 6], "uv_size": [4, 1]},
								"west": {"uv": [99, 41], "uv_size": [3, 1]},
								"up": {"uv": [55, 78], "uv_size": [4, 3]},
								"down": {"uv": [78, 72], "uv_size": [4, -3]}
							}
						},
						{
							"origin": [-0.4972, -1.08079, 2.23211],
							"size": [1.04441, 0.12993, 6.4589],
							"uv": {
								"north": {"uv": [93, 8], "uv_size": [4, 1]},
								"east": {"uv": [35, 21], "uv_size": [22, 1]},
								"south": {"uv": [93, 18], "uv_size": [4, 1]},
								"west": {"uv": [67, 16], "uv_size": [22, 1]},
								"up": {"uv": [0, 30], "uv_size": [4, 22]},
								"down": {"uv": [30, 22], "uv_size": [4, -22]}
							}
						},
						{
							"origin": [-0.4972, -2.05768, 2.81411],
							"size": [1.04441, 0.23382, 5.8769],
							"uv": {
								"north": {"uv": [22, 93], "uv_size": [4, 1]},
								"east": {"uv": [69, 74], "uv_size": [20, 1]},
								"south": {"uv": [40, 93], "uv_size": [4, 1]},
								"west": {"uv": [76, 0], "uv_size": [20, 1]},
								"up": {"uv": [13, 30], "uv_size": [4, 20]},
								"down": {"uv": [30, 51], "uv_size": [4, -20]}
							}
						},
						{
							"origin": [-0.4972, -1.82386, 2.81411],
							"size": [1.04441, 0.20268, 3.91265],
							"uv": {
								"north": {"uv": [69, 93], "uv_size": [4, 1]},
								"east": {"uv": [78, 20], "uv_size": [13, 1]},
								"south": {"uv": [74, 93], "uv_size": [4, 1]},
								"west": {"uv": [78, 22], "uv_size": [13, 1]},
								"up": {"uv": [59, 55], "uv_size": [4, 13]},
								"down": {"uv": [5, 73], "uv_size": [4, -13]}
							}
						},
						{
							"origin": [-0.4972, -1.62118, 2.81411],
							"size": [1.04441, 0.33771, 1.08995],
							"uv": {
								"north": {"uv": [93, 76], "uv_size": [4, 1]},
								"east": {"uv": [93, 78], "uv_size": [4, 1]},
								"south": {"uv": [79, 93], "uv_size": [4, 1]},
								"west": {"uv": [93, 80], "uv_size": [4, 1]},
								"up": {"uv": [76, 5], "uv_size": [4, 4]},
								"down": {"uv": [76, 14], "uv_size": [4, -4]}
							}
						},
						{
							"origin": [-0.4972, -2.05768, 2.31941],
							"size": [1.04441, 0.6111, 0.18785],
							"uv": {
								"north": {"uv": [87, 86], "uv_size": [4, 2]},
								"east": {"uv": [75, 82], "uv_size": [1, 2]},
								"south": {"uv": [88, 2], "uv_size": [4, 2]},
								"west": {"uv": [17, 86], "uv_size": [1, 2]},
								"up": {"uv": [92, 93], "uv_size": [4, 1]},
								"down": {"uv": [94, 14], "uv_size": [4, -1]}
							}
						},
						{
							"origin": [-0.4972, -1.58196, 2.35244],
							"size": [1.04441, 0.2037, 0.10055],
							"pivot": [0.025, -1.68381, 2.44637],
							"rotation": [25, 0, 0],
							"uv": {
								"north": {"uv": [14, 94], "uv_size": [4, 1]},
								"east": {"uv": [58, 21], "uv_size": [1, 1]},
								"south": {"uv": [94, 24], "uv_size": [4, 1]},
								"west": {"uv": [33, 80], "uv_size": [1, 1]},
								"up": {"uv": [94, 31], "uv_size": [4, 1]},
								"down": {"uv": [94, 34], "uv_size": [4, -1]}
							}
						},
						{
							"origin": [-0.4972, -2.04598, 2.26662],
							"size": [1.04441, 0.2328, 0.10055],
							"pivot": [0.025, -1.94413, 2.31689],
							"rotation": [-25, 0, 0],
							"uv": {
								"north": {"uv": [94, 35], "uv_size": [4, 1]},
								"east": {"uv": [53, 85], "uv_size": [1, 1]},
								"south": {"uv": [94, 37], "uv_size": [4, 1]},
								"west": {"uv": [57, 87], "uv_size": [1, 1]},
								"up": {"uv": [94, 39], "uv_size": [4, 1]},
								"down": {"uv": [94, 42], "uv_size": [4, -1]}
							}
						},
						{
							"origin": [-0.4972, -2.05768, 2.50726],
							"size": [1.04441, 0.13401, 0.30685],
							"uv": {
								"north": {"uv": [94, 43], "uv_size": [4, 1]},
								"east": {"uv": [8, 90], "uv_size": [1, 1]},
								"south": {"uv": [94, 45], "uv_size": [4, 1]},
								"west": {"uv": [30, 90], "uv_size": [1, 1]},
								"up": {"uv": [94, 47], "uv_size": [4, 1]},
								"down": {"uv": [94, 56], "uv_size": [4, -1]}
							}
						},
						{
							"origin": [-0.56995, -2.11588, 2.58001],
							"size": [1.18991, 0.1455, 0.1455],
							"pivot": [0.025, -2.04888, 2.66069],
							"rotation": [-45, 0, 0],
							"uv": {
								"north": {"uv": [57, 94], "uv_size": [4, 1]},
								"east": {"uv": [84, 93], "uv_size": [1, 1]},
								"south": {"uv": [62, 94], "uv_size": [4, 1]},
								"west": {"uv": [40, 106], "uv_size": [1, 1]},
								"up": {"uv": [94, 68], "uv_size": [4, 1]},
								"down": {"uv": [94, 71], "uv_size": [4, -1]}
							}
						},
						{
							"origin": [-0.56995, -1.98049, 4.84892],
							"size": [1.18991, 0.21825, 0.21825],
							"pivot": [0.025, -1.87137, 4.95805],
							"rotation": [-45, 0, 0],
							"uv": {
								"north": {"uv": [19, 95], "uv_size": [4, 1]},
								"east": {"uv": [42, 106], "uv_size": [1, 1]},
								"south": {"uv": [95, 20], "uv_size": [4, 1]},
								"west": {"uv": [44, 106], "uv_size": [1, 1]},
								"up": {"uv": [95, 22], "uv_size": [4, 1]},
								"down": {"uv": [24, 96], "uv_size": [4, -1]}
							}
						},
						{
							"origin": [-0.4972, -1.44658, 2.23211],
							"size": [1.04441, 0.16311, 0.27515],
							"uv": {
								"north": {"uv": [40, 95], "uv_size": [4, 1]},
								"east": {"uv": [46, 106], "uv_size": [1, 1]},
								"south": {"uv": [45, 95], "uv_size": [4, 1]},
								"west": {"uv": [106, 55], "uv_size": [1, 1]},
								"up": {"uv": [95, 49], "uv_size": [4, 1]},
								"down": {"uv": [50, 96], "uv_size": [4, -1]}
							}
						},
						{
							"origin": [-0.4972, -1.80634, 3.87951],
							"size": [1.04441, 0.36681, 0.10055],
							"pivot": [0.025, -1.60839, 3.43508],
							"rotation": [17.5, 0, 0],
							"uv": {
								"north": {"uv": [95, 51], "uv_size": [4, 1]},
								"east": {"uv": [106, 57], "uv_size": [1, 1]},
								"south": {"uv": [95, 59], "uv_size": [4, 1]},
								"west": {"uv": [106, 61], "uv_size": [1, 1]},
								"up": {"uv": [67, 95], "uv_size": [4, 1]},
								"down": {"uv": [72, 96], "uv_size": [4, -1]}
							}
						},
						{
							"origin": [-0.4972, -1.28348, 2.23211],
							"size": [1.04441, 0.20268, 4.49465],
							"uv": {
								"north": {"uv": [77, 95], "uv_size": [4, 1]},
								"east": {"uv": [76, 67], "uv_size": [15, 1]},
								"south": {"uv": [82, 95], "uv_size": [4, 1]},
								"west": {"uv": [77, 76], "uv_size": [15, 1]},
								"up": {"uv": [35, 31], "uv_size": [4, 15]},
								"down": {"uv": [40, 46], "uv_size": [4, -15]}
							}
						},
						{
							"origin": [-0.42445, -1.89458, 3.74531],
							"size": [0.89891, 0.81378, 4.93115],
							"uv": {
								"north": {"uv": [87, 45], "uv_size": [3, 3]},
								"east": {"uv": [60, 21], "uv_size": [17, 3]},
								"south": {"uv": [87, 49], "uv_size": [3, 3]},
								"west": {"uv": [60, 25], "uv_size": [17, 3]},
								"up": {"uv": [44, 61], "uv_size": [3, 17]},
								"down": {"uv": [48, 78], "uv_size": [3, -17]}
							}
						},
						{
							"origin": [-0.4972, -1.74908, 8.11031],
							"size": [1.04441, 0.45003, 0.12965],
							"uv": {
								"north": {"uv": [88, 5], "uv_size": [4, 2]},
								"east": {"uv": [50, 102], "uv_size": [1, 2]},
								"south": {"uv": [88, 8], "uv_size": [4, 2]},
								"west": {"uv": [54, 102], "uv_size": [1, 2]},
								"up": {"uv": [95, 82], "uv_size": [4, 1]},
								"down": {"uv": [87, 96], "uv_size": [4, -1]}
							}
						},
						{
							"origin": [-0.42736, -1.82183, -0.24139],
							"size": [0.90472, 0.87096, 0.377],
							"uv": {
								"north": {"uv": [53, 87], "uv_size": [3, 3]},
								"east": {"uv": [30, 99], "uv_size": [1, 3]},
								"south": {"uv": [87, 82], "uv_size": [3, 3]},
								"west": {"uv": [99, 43], "uv_size": [1, 3]},
								"up": {"uv": [99, 47], "uv_size": [3, 1]},
								"down": {"uv": [99, 56], "uv_size": [3, -1]}
							}
						},
						{
							"origin": [-0.42736, -1.37078, 0.06286],
							"size": [0.90472, 0.41991, 2.22485],
							"uv": {
								"north": {"uv": [57, 99], "uv_size": [3, 1]},
								"east": {"uv": [88, 11], "uv_size": [8, 1]},
								"south": {"uv": [61, 99], "uv_size": [3, 1]},
								"west": {"uv": [88, 57], "uv_size": [8, 1]},
								"up": {"uv": [52, 68], "uv_size": [3, 8]},
								"down": {"uv": [56, 77], "uv_size": [3, -8]}
							}
						},
						{
							"origin": [-0.27895, -2.01098, 1.02316],
							"size": [0.60791, 0.68181, 1.32275],
							"uv": {
								"north": {"uv": [27, 79], "uv_size": [2, 2]},
								"east": {"uv": [83, 24], "uv_size": [5, 2]},
								"south": {"uv": [4, 93], "uv_size": [2, 2]},
								"west": {"uv": [83, 69], "uv_size": [5, 2]},
								"up": {"uv": [38, 83], "uv_size": [2, 5]},
								"down": {"uv": [23, 89], "uv_size": [2, -5]}
							}
						},
						{
							"origin": [-0.30805, -1.79273, 1.67791],
							"size": [0.66611, 0.24531, 0.44975],
							"uv": {
								"north": {"uv": [103, 55], "uv_size": [2, 1]},
								"east": {"uv": [63, 103], "uv_size": [2, 1]},
								"south": {"uv": [66, 103], "uv_size": [2, 1]},
								"west": {"uv": [103, 67], "uv_size": [2, 1]},
								"up": {"uv": [35, 94], "uv_size": [2, 2]},
								"down": {"uv": [92, 97], "uv_size": [2, -2]}
							}
						},
						{
							"origin": [-0.42736, -1.98188, 0.73346],
							"size": [0.90472, 0.62361, 0.30425],
							"uv": {
								"north": {"uv": [26, 90], "uv_size": [3, 2]},
								"east": {"uv": [32, 103], "uv_size": [1, 2]},
								"south": {"uv": [40, 90], "uv_size": [3, 2]},
								"west": {"uv": [69, 103], "uv_size": [1, 2]},
								"up": {"uv": [65, 99], "uv_size": [3, 1]},
								"down": {"uv": [99, 69], "uv_size": [3, -1]}
							}
						},
						{
							"origin": [-0.42445, -2.00148, -0.18363],
							"size": [0.89891, 0.21621, 0.5516],
							"pivot": [0.025, -1.89337, 0.0558],
							"rotation": [-45, 0, 0],
							"uv": {
								"north": {"uv": [69, 99], "uv_size": [3, 1]},
								"east": {"uv": [103, 69], "uv_size": [2, 1]},
								"south": {"uv": [99, 70], "uv_size": [3, 1]},
								"west": {"uv": [71, 103], "uv_size": [2, 1]},
								"up": {"uv": [44, 90], "uv_size": [3, 2]},
								"down": {"uv": [78, 92], "uv_size": [3, -2]}
							}
						},
						{
							"origin": [-0.42445, -1.53588, 0.06372],
							"size": [0.89891, 0.09981, 0.18785],
							"pivot": [0.025, -1.42777, 0.0558],
							"rotation": [45, 0, 0],
							"uv": {
								"north": {"uv": [73, 99], "uv_size": [3, 1]},
								"east": {"uv": [106, 63], "uv_size": [1, 1]},
								"south": {"uv": [77, 99], "uv_size": [3, 1]},
								"west": {"uv": [106, 67], "uv_size": [1, 1]},
								"up": {"uv": [81, 99], "uv_size": [3, 1]},
								"down": {"uv": [100, 3], "uv_size": [3, -1]}
							}
						},
						{
							"origin": [-0.42445, -1.53588, 0.93672],
							"size": [0.89891, 0.12891, 0.24605],
							"pivot": [0.025, -1.42777, 0.987],
							"rotation": [45, 0, 0],
							"uv": {
								"north": {"uv": [100, 4], "uv_size": [3, 1]},
								"east": {"uv": [68, 106], "uv_size": [1, 1]},
								"south": {"uv": [100, 15], "uv_size": [3, 1]},
								"west": {"uv": [106, 69], "uv_size": [1, 1]},
								"up": {"uv": [100, 17], "uv_size": [3, 1]},
								"down": {"uv": [100, 20], "uv_size": [3, -1]}
							}
						},
						{
							"origin": [-0.42445, -1.91418, 0.93672],
							"size": [0.89891, 0.12891, 0.27515],
							"pivot": [0.025, -1.89337, 0.987],
							"rotation": [-45, 0, 0],
							"uv": {
								"north": {"uv": [100, 21], "uv_size": [3, 1]},
								"east": {"uv": [106, 71], "uv_size": [1, 1]},
								"south": {"uv": [40, 100], "uv_size": [3, 1]},
								"west": {"uv": [106, 73], "uv_size": [1, 1]},
								"up": {"uv": [44, 100], "uv_size": [3, 1]},
								"down": {"uv": [48, 101], "uv_size": [3, -1]}
							}
						},
						{
							"origin": [-0.42445, -1.51208, 0.59677],
							"size": [0.89891, 0.15801, 0.36245],
							"pivot": [0.025, -1.40397, 0.778],
							"rotation": [-45, 0, 0],
							"uv": {
								"north": {"uv": [100, 49], "uv_size": [3, 1]},
								"east": {"uv": [80, 106], "uv_size": [1, 1]},
								"south": {"uv": [100, 51], "uv_size": [3, 1]},
								"west": {"uv": [82, 106], "uv_size": [1, 1]},
								"up": {"uv": [100, 59], "uv_size": [3, 1]},
								"down": {"uv": [100, 83], "uv_size": [3, -1]}
							}
						},
						{
							"origin": [-0.42445, -2.00148, 0.55842],
							"size": [0.89891, 0.25986, 0.42065],
							"pivot": [0.025, -1.89337, 0.8706],
							"rotation": [45, 0, 0],
							"uv": {
								"north": {"uv": [100, 89], "uv_size": [3, 1]},
								"east": {"uv": [84, 106], "uv_size": [1, 1]},
								"south": {"uv": [100, 91], "uv_size": [3, 1]},
								"west": {"uv": [86, 106], "uv_size": [1, 1]},
								"up": {"uv": [98, 100], "uv_size": [3, 1]},
								"down": {"uv": [101, 7], "uv_size": [3, -1]}
							}
						},
						{
							"origin": [-0.42736, -2.19056, 0.20009],
							"size": [0.90472, 0.21621, 8.42315],
							"uv": {
								"north": {"uv": [101, 8], "uv_size": [3, 1]},
								"east": {"uv": [60, 29], "uv_size": [29, 1]},
								"south": {"uv": [101, 26], "uv_size": [3, 1]},
								"west": {"uv": [63, 18], "uv_size": [29, 1]},
								"up": {"uv": [5, 30], "uv_size": [3, 29]},
								"down": {"uv": [9, 59], "uv_size": [3, -29]}
							}
						},
						{
							"origin": [-0.27895, -2.33606, 6.45659],
							"size": [0.60791, 0.21621, 2.16665],
							"uv": {
								"north": {"uv": [74, 103], "uv_size": [2, 1]},
								"east": {"uv": [87, 89], "uv_size": [7, 1]},
								"south": {"uv": [77, 103], "uv_size": [2, 1]},
								"west": {"uv": [90, 16], "uv_size": [7, 1]},
								"up": {"uv": [52, 77], "uv_size": [2, 7]},
								"down": {"uv": [4, 85], "uv_size": [2, -7]}
							}
						},
						{
							"origin": [-0.13345, -2.62706, 6.48569],
							"size": [0.31691, 0.36171, 0.7844],
							"uv": {
								"north": {"uv": [106, 86], "uv_size": [1, 1]},
								"east": {"uv": [101, 43], "uv_size": [3, 1]},
								"south": {"uv": [88, 106], "uv_size": [1, 1]},
								"west": {"uv": [101, 45], "uv_size": [3, 1]},
								"up": {"uv": [52, 100], "uv_size": [1, 3]},
								"down": {"uv": [57, 104], "uv_size": [1, -3]}
							}
						},
						{
							"origin": [-0.13345, -2.62706, 7.21319],
							"size": [0.31691, 0.49266, 0.76985],
							"pivot": [0.025, -2.4462, 7.19072],
							"rotation": [-22.5, 0, 0],
							"uv": {
								"north": {"uv": [80, 103], "uv_size": [1, 2]},
								"east": {"uv": [82, 90], "uv_size": [3, 2]},
								"south": {"uv": [91, 103], "uv_size": [1, 2]},
								"west": {"uv": [18, 91], "uv_size": [3, 2]},
								"up": {"uv": [59, 101], "uv_size": [1, 3]},
								"down": {"uv": [61, 104], "uv_size": [1, -3]}
							}
						},
						{
							"origin": [-0.27895, -2.33606, 7.67879],
							"size": [0.60791, 0.37626, 0.91535],
							"pivot": [0.025, -2.22795, 7.65632],
							"rotation": [-35, 0, 0],
							"uv": {
								"north": {"uv": [93, 103], "uv_size": [2, 1]},
								"east": {"uv": [101, 53], "uv_size": [3, 1]},
								"south": {"uv": [0, 104], "uv_size": [2, 1]},
								"west": {"uv": [63, 101], "uv_size": [3, 1]},
								"up": {"uv": [91, 45], "uv_size": [2, 3]},
								"down": {"uv": [48, 94], "uv_size": [2, -3]}
							}
						},
						{
							"origin": [-0.27895, -3.29282, 7.49904],
							"size": [0.60791, 0.23077, 1.81745],
							"pivot": [0.025, -3.17744, 8.06585],
							"rotation": [-97.5, 0, 0],
							"uv": {
								"north": {"uv": [104, 2], "uv_size": [2, 1]},
								"east": {"uv": [90, 29], "uv_size": [6, 1]},
								"south": {"uv": [3, 104], "uv_size": [2, 1]},
								"west": {"uv": [90, 74], "uv_size": [6, 1]},
								"up": {"uv": [77, 78], "uv_size": [2, 6]},
								"down": {"uv": [16, 85], "uv_size": [2, -6]}
							}
						},
						{
							"origin": [-0.27895, -3.96659, 8.11834],
							"size": [0.60791, 0.25986, 0.668],
							"pivot": [0.025, -3.85121, 8.02311],
							"rotation": [-132.5, 0, 0],
							"uv": {
								"north": {"uv": [104, 4], "uv_size": [2, 1]},
								"east": {"uv": [6, 104], "uv_size": [2, 1]},
								"south": {"uv": [9, 104], "uv_size": [2, 1]},
								"west": {"uv": [12, 104], "uv_size": [2, 1]},
								"up": {"uv": [95, 95], "uv_size": [2, 2]},
								"down": {"uv": [0, 98], "uv_size": [2, -2]}
							}
						},
						{
							"origin": [-0.27895, -4.67892, 6.5973],
							"size": [0.60791, 0.55086, 0.44975],
							"pivot": [0.025, -4.24344, 7.38963],
							"rotation": [-12, 0, 0],
							"uv": {
								"north": {"uv": [3, 96], "uv_size": [2, 2]},
								"east": {"uv": [6, 96], "uv_size": [2, 2]},
								"south": {"uv": [9, 96], "uv_size": [2, 2]},
								"west": {"uv": [12, 96], "uv_size": [2, 2]},
								"up": {"uv": [15, 96], "uv_size": [2, 2]},
								"down": {"uv": [29, 98], "uv_size": [2, -2]}
							}
						},
						{
							"origin": [-0.27895, -4.48143, 7.03722],
							"size": [0.60791, 0.25987, 0.53705],
							"pivot": [0.025, -4.33695, 7.82955],
							"rotation": [-12, 0, 0],
							"uv": {
								"north": {"uv": [104, 14], "uv_size": [2, 1]},
								"east": {"uv": [15, 104], "uv_size": [2, 1]},
								"south": {"uv": [104, 16], "uv_size": [2, 1]},
								"west": {"uv": [18, 104], "uv_size": [2, 1]},
								"up": {"uv": [57, 96], "uv_size": [2, 2]},
								"down": {"uv": [60, 98], "uv_size": [2, -2]}
							}
						},
						{
							"origin": [-0.27895, -3.61739, 5.39749],
							"size": [0.60791, 0.23076, 3.4325],
							"pivot": [0.025, -3.50201, 6.45171],
							"rotation": [-80, 0, 0],
							"uv": {
								"north": {"uv": [104, 18], "uv_size": [2, 1]},
								"east": {"uv": [80, 78], "uv_size": [12, 1]},
								"south": {"uv": [104, 20], "uv_size": [2, 1]},
								"west": {"uv": [80, 80], "uv_size": [12, 1]},
								"up": {"uv": [69, 57], "uv_size": [2, 12]},
								"down": {"uv": [60, 81], "uv_size": [2, -12]}
							}
						},
						{
							"origin": [-0.27895, -5.86419, 6.75107],
							"size": [0.60791, 0.23077, 1.0754],
							"uv": {
								"north": {"uv": [21, 104], "uv_size": [2, 1]},
								"east": {"uv": [95, 89], "uv_size": [4, 1]},
								"south": {"uv": [24, 104], "uv_size": [2, 1]},
								"west": {"uv": [96, 53], "uv_size": [4, 1]},
								"up": {"uv": [32, 87], "uv_size": [2, 4]},
								"down": {"uv": [88, 63], "uv_size": [2, -4]}
							}
						},
						{
							"origin": [-0.27895, -5.34039, 6.75107],
							"size": [0.60791, 0.23077, 1.0754],
							"uv": {
								"north": {"uv": [34, 104], "uv_size": [2, 1]},
								"east": {"uv": [97, 0], "uv_size": [4, 1]},
								"south": {"uv": [37, 104], "uv_size": [2, 1]},
								"west": {"uv": [97, 10], "uv_size": [4, 1]},
								"up": {"uv": [72, 88], "uv_size": [2, 4]},
								"down": {"uv": [75, 92], "uv_size": [2, -4]}
							}
						},
						{
							"origin": [-0.39535, -5.26764, 6.96932],
							"size": [0.84071, 0.23077, 1.08995],
							"uv": {
								"north": {"uv": [101, 65], "uv_size": [3, 1]},
								"east": {"uv": [18, 97], "uv_size": [4, 1]},
								"south": {"uv": [67, 101], "uv_size": [3, 1]},
								"west": {"uv": [23, 97], "uv_size": [4, 1]},
								"up": {"uv": [23, 79], "uv_size": [3, 4]},
								"down": {"uv": [43, 83], "uv_size": [3, -4]}
							}
						},
						{
							"origin": [-0.39535, -4.54014, 6.96932],
							"size": [0.84071, 0.23077, 1.08995],
							"uv": {
								"north": {"uv": [71, 101], "uv_size": [3, 1]},
								"east": {"uv": [97, 29], "uv_size": [4, 1]},
								"south": {"uv": [75, 101], "uv_size": [3, 1]},
								"west": {"uv": [35, 97], "uv_size": [4, 1]},
								"up": {"uv": [47, 79], "uv_size": [3, 4]},
								"down": {"uv": [19, 84], "uv_size": [3, -4]}
							}
						},
						{
							"origin": [-0.39535, -5.00159, 6.70326],
							"size": [0.84071, 0.42615, 0.26606],
							"uv": {
								"north": {"uv": [101, 76], "uv_size": [3, 1]},
								"east": {"uv": [90, 106], "uv_size": [1, 1]},
								"south": {"uv": [101, 78], "uv_size": [3, 1]},
								"west": {"uv": [98, 106], "uv_size": [1, 1]},
								"up": {"uv": [79, 101], "uv_size": [3, 1]},
								"down": {"uv": [101, 81], "uv_size": [3, -1]}
							}
						},
						{
							"origin": [-0.39535, -5.03688, 7.50351],
							"size": [0.84071, 0.49673, 0.55576],
							"uv": {
								"north": {"uv": [91, 49], "uv_size": [3, 2]},
								"east": {"uv": [63, 96], "uv_size": [2, 2]},
								"south": {"uv": [51, 91], "uv_size": [3, 2]},
								"west": {"uv": [40, 97], "uv_size": [2, 2]},
								"up": {"uv": [91, 59], "uv_size": [3, 2]},
								"down": {"uv": [91, 84], "uv_size": [3, -2]}
							}
						},
						{
							"origin": [-0.39535, -4.6786, 6.57531],
							"size": [0.84071, 0.37627, 0.2606],
							"pivot": [0.025, -4.78147, 6.76381],
							"rotation": [-45, 0, 0],
							"uv": {
								"north": {"uv": [101, 84], "uv_size": [3, 1]},
								"east": {"uv": [106, 99], "uv_size": [1, 1]},
								"south": {"uv": [92, 101], "uv_size": [3, 1]},
								"west": {"uv": [100, 106], "uv_size": [1, 1]},
								"up": {"uv": [101, 93], "uv_size": [3, 1]},
								"down": {"uv": [101, 96], "uv_size": [3, -1]}
							}
						},
						{
							"origin": [-0.39535, -5.27469, 6.57531],
							"size": [0.84071, 0.37627, 0.2606],
							"pivot": [0.025, -4.79555, 6.76381],
							"rotation": [45, 0, 0],
							"uv": {
								"north": {"uv": [101, 97], "uv_size": [3, 1]},
								"east": {"uv": [102, 106], "uv_size": [1, 1]},
								"south": {"uv": [0, 102], "uv_size": [3, 1]},
								"west": {"uv": [107, 2], "uv_size": [1, 1]},
								"up": {"uv": [102, 0], "uv_size": [3, 1]},
								"down": {"uv": [4, 103], "uv_size": [3, -1]}
							}
						},
						{
							"origin": [-0.39535, -4.98369, 7.23006],
							"size": [0.84071, 0.08527, 0.18785],
							"pivot": [0.025, -4.79555, 7.49131],
							"rotation": [45, 0, 0],
							"uv": {
								"north": {"uv": [8, 102], "uv_size": [3, 1]},
								"east": {"uv": [107, 4], "uv_size": [1, 1]},
								"south": {"uv": [102, 10], "uv_size": [3, 1]},
								"west": {"uv": [107, 14], "uv_size": [1, 1]},
								"up": {"uv": [12, 102], "uv_size": [3, 1]},
								"down": {"uv": [102, 13], "uv_size": [3, -1]}
							}
						},
						{
							"origin": [-0.39535, -4.6786, 7.23006],
							"size": [0.84071, 0.08527, 0.18785],
							"pivot": [0.025, -4.78147, 7.49131],
							"rotation": [-45, 0, 0],
							"uv": {
								"north": {"uv": [16, 102], "uv_size": [3, 1]},
								"east": {"uv": [107, 16], "uv_size": [1, 1]},
								"south": {"uv": [20, 102], "uv_size": [3, 1]},
								"west": {"uv": [107, 18], "uv_size": [1, 1]},
								"up": {"uv": [24, 102], "uv_size": [3, 1]},
								"down": {"uv": [102, 29], "uv_size": [3, -1]}
							}
						},
						{
							"origin": [-0.27895, -5.52954, 6.83837],
							"size": [0.60791, 0.12892, 0.2606],
							"pivot": [0.025, -5.51601, 6.79407],
							"rotation": [-45, 0, 0],
							"uv": {
								"north": {"uv": [40, 104], "uv_size": [2, 1]},
								"east": {"uv": [107, 20], "uv_size": [1, 1]},
								"south": {"uv": [43, 104], "uv_size": [2, 1]},
								"west": {"uv": [107, 22], "uv_size": [1, 1]},
								"up": {"uv": [46, 104], "uv_size": [2, 1]},
								"down": {"uv": [104, 50], "uv_size": [2, -1]}
							}
						},
						{
							"origin": [-0.27895, -5.55864, 6.83837],
							"size": [0.60791, 0.14347, 0.2315],
							"pivot": [0.025, -5.44326, 6.79407],
							"rotation": [45, 0, 0],
							"uv": {
								"north": {"uv": [104, 51], "uv_size": [2, 1]},
								"east": {"uv": [26, 107], "uv_size": [1, 1]},
								"south": {"uv": [104, 59], "uv_size": [2, 1]},
								"west": {"uv": [28, 107], "uv_size": [1, 1]},
								"up": {"uv": [82, 104], "uv_size": [2, 1]},
								"down": {"uv": [104, 83], "uv_size": [2, -1]}
							}
						},
						{
							"origin": [-0.2062, -3.20274, 5.89059],
							"size": [0.46241, 0.291, 0.30425],
							"pivot": [0.025, -3.24537, 5.96996],
							"rotation": [-80, 0, 0],
							"uv": {
								"north": {"uv": [85, 104], "uv_size": [2, 1]},
								"east": {"uv": [107, 36], "uv_size": [1, 1]},
								"south": {"uv": [88, 104], "uv_size": [2, 1]},
								"west": {"uv": [107, 38], "uv_size": [1, 1]},
								"up": {"uv": [104, 88], "uv_size": [2, 1]},
								"down": {"uv": [104, 91], "uv_size": [2, -1]}
							}
						},
						{
							"origin": [-0.0607, -3.20274, 6.18159],
							"size": [0.17141, 0.291, 0.2606],
							"pivot": [0.025, -3.24537, 5.96996],
							"rotation": [-80, 0, 0],
							"uv": {
								"north": {"uv": [107, 40], "uv_size": [1, 1]},
								"east": {"uv": [107, 46], "uv_size": [1, 1]},
								"south": {"uv": [48, 107], "uv_size": [1, 1]},
								"west": {"uv": [107, 48], "uv_size": [1, 1]},
								"up": {"uv": [50, 107], "uv_size": [1, 1]},
								"down": {"uv": [107, 51], "uv_size": [1, -1]}
							}
						},
						{
							"origin": [-0.0607, -5.73604, 6.54716],
							"size": [0.17141, 0.17967, 0.34507],
							"pivot": [0.025, -5.49817, 6.55822],
							"rotation": [-25, 0, 0],
							"uv": {
								"north": {"uv": [52, 107], "uv_size": [1, 1]},
								"east": {"uv": [54, 107], "uv_size": [1, 1]},
								"south": {"uv": [56, 107], "uv_size": [1, 1]},
								"west": {"uv": [58, 107], "uv_size": [1, 1]},
								"up": {"uv": [107, 59], "uv_size": [1, 1]},
								"down": {"uv": [60, 108], "uv_size": [1, -1]}
							}
						},
						{
							"origin": [-0.0607, -5.61501, 6.36467],
							"size": [0.17141, 0.291, 0.4061],
							"pivot": [0.025, -5.46951, 6.55317],
							"rotation": [-80, 0, 0],
							"uv": {
								"north": {"uv": [62, 107], "uv_size": [1, 1]},
								"east": {"uv": [64, 107], "uv_size": [1, 1]},
								"south": {"uv": [70, 107], "uv_size": [1, 1]},
								"west": {"uv": [72, 107], "uv_size": [1, 1]},
								"up": {"uv": [107, 82], "uv_size": [1, 1]},
								"down": {"uv": [107, 89], "uv_size": [1, -1]}
							}
						},
						{
							"origin": [-0.2062, -3.4144, 5.97839],
							"size": [0.46241, 0.68181, 0.21695],
							"pivot": [0.025, -3.1899, 6.02866],
							"rotation": [-30, 0, 0],
							"uv": {
								"north": {"uv": [43, 97], "uv_size": [2, 2]},
								"east": {"uv": [52, 104], "uv_size": [1, 2]},
								"south": {"uv": [46, 97], "uv_size": [2, 2]},
								"west": {"uv": [96, 104], "uv_size": [1, 2]},
								"up": {"uv": [98, 104], "uv_size": [2, 1]},
								"down": {"uv": [101, 105], "uv_size": [2, -1]}
							}
						},
						{
							"origin": [-0.2062, -3.61739, 5.84984],
							"size": [0.46241, 0.15801, 2.39815],
							"pivot": [0.025, -3.50201, 6.01521],
							"rotation": [-80, 0, 0],
							"uv": {
								"north": {"uv": [104, 101], "uv_size": [2, 1]},
								"east": {"uv": [88, 64], "uv_size": [8, 1]},
								"south": {"uv": [104, 103], "uv_size": [2, 1]},
								"west": {"uv": [78, 88], "uv_size": [8, 1]},
								"up": {"uv": [20, 71], "uv_size": [2, 8]},
								"down": {"uv": [63, 80], "uv_size": [2, -8]}
							}
						},
						{
							"origin": [-0.27895, -2.33606, 5.32169],
							"size": [0.60791, 0.47811, 1.14815],
							"pivot": [0.025, -2.22795, 5.70662],
							"rotation": [-22.5, 0, 0],
							"uv": {
								"north": {"uv": [49, 97], "uv_size": [2, 2]},
								"east": {"uv": [10, 89], "uv_size": [4, 2]},
								"south": {"uv": [52, 97], "uv_size": [2, 2]},
								"west": {"uv": [89, 24], "uv_size": [4, 2]},
								"up": {"uv": [15, 89], "uv_size": [2, 4]},
								"down": {"uv": [35, 93], "uv_size": [2, -4]}
							}
						},
						{
							"origin": [-0.42445, -2.40677, 8.27534],
							"size": [0.89891, 0.21622, 0.3479],
							"uv": {
								"north": {"uv": [102, 30], "uv_size": [3, 1]},
								"east": {"uv": [107, 90], "uv_size": [1, 1]},
								"south": {"uv": [102, 32], "uv_size": [3, 1]},
								"west": {"uv": [92, 107], "uv_size": [1, 1]},
								"up": {"uv": [34, 102], "uv_size": [3, 1]},
								"down": {"uv": [102, 35], "uv_size": [3, -1]}
							}
						},
						{
							"origin": [-0.42445, -4.46176, 8.26272],
							"size": [0.89891, 2.07862, 0.3479],
							"pivot": [0.025, -2.49125, 8.43667],
							"rotation": [-7.5, 0, 0],
							"uv": {
								"north": {"uv": [16, 71], "uv_size": [3, 7]},
								"east": {"uv": [16, 51], "uv_size": [1, 7]},
								"south": {"uv": [72, 61], "uv_size": [3, 7]},
								"west": {"uv": [38, 89], "uv_size": [1, 7]},
								"up": {"uv": [38, 102], "uv_size": [3, 1]},
								"down": {"uv": [42, 103], "uv_size": [3, -1]}
							}
						},
						{
							"origin": [-0.42445, -5.90691, 7.97957],
							"size": [0.89891, 1.49662, 0.3479],
							"pivot": [0.025, -4.5184, 8.15352],
							"rotation": [-17.5, 0, 0],
							"uv": {
								"north": {"uv": [35, 77], "uv_size": [3, 5]},
								"east": {"uv": [55, 91], "uv_size": [1, 5]},
								"south": {"uv": [39, 77], "uv_size": [3, 5]},
								"west": {"uv": [33, 92], "uv_size": [1, 5]},
								"up": {"uv": [46, 102], "uv_size": [3, 1]},
								"down": {"uv": [102, 58], "uv_size": [3, -1]}
							}
						},
						{
							"origin": [-0.42445, -2.23217, 8.27534],
							"size": [0.89891, 0.25987, 0.1442],
							"pivot": [0.025, -2.29867, 8.44929],
							"rotation": [45, 0, 0],
							"uv": {
								"north": {"uv": [102, 61], "uv_size": [3, 1]},
								"east": {"uv": [107, 92], "uv_size": [1, 1]},
								"south": {"uv": [102, 63], "uv_size": [3, 1]},
								"west": {"uv": [94, 107], "uv_size": [1, 1]},
								"up": {"uv": [102, 72], "uv_size": [3, 1]},
								"down": {"uv": [102, 75], "uv_size": [3, -1]}
							}
						},
						{
							"origin": [-0.07825, -1.84108, 1.00034],
							"size": [0.60791, 0.21622, 1.43915],
							"pivot": [0.0802, -1.73297, 4.41167],
							"rotation": [0, 0, 45],
							"uv": {
								"north": {"uv": [105, 6], "uv_size": [2, 1]},
								"east": {"uv": [91, 62], "uv_size": [5, 1]},
								"south": {"uv": [105, 8], "uv_size": [2, 1]},
								"west": {"uv": [92, 27], "uv_size": [5, 1]},
								"up": {"uv": [41, 84], "uv_size": [2, 5]},
								"down": {"uv": [44, 89], "uv_size": [2, -5]}
							}
						},
						{
							"origin": [-0.12087, -1.61737, 0.93586],
							"size": [0.60791, 0.21621, 1.5119],
							"pivot": [0.18308, -1.50926, 1.58269],
							"rotation": [0, 0, -45],
							"uv": {
								"north": {"uv": [105, 25], "uv_size": [2, 1]},
								"east": {"uv": [57, 92], "uv_size": [5, 1]},
								"south": {"uv": [27, 105], "uv_size": [2, 1]},
								"west": {"uv": [63, 92], "uv_size": [5, 1]},
								"up": {"uv": [47, 84], "uv_size": [2, 5]},
								"down": {"uv": [85, 7], "uv_size": [2, -5]}
							}
						},
						{
							"origin": [-0.47965, -1.84108, 1.00034],
							"size": [0.60791, 0.21622, 1.43915],
							"pivot": [-0.0302, -1.73297, 4.41167],
							"rotation": [0, 0, -45],
							"uv": {
								"north": {"uv": [105, 42], "uv_size": [2, 1]},
								"east": {"uv": [92, 66], "uv_size": [5, 1]},
								"south": {"uv": [105, 44], "uv_size": [2, 1]},
								"west": {"uv": [92, 72], "uv_size": [5, 1]},
								"up": {"uv": [85, 8], "uv_size": [2, 5]},
								"down": {"uv": [19, 90], "uv_size": [2, -5]}
							}
						},
						{
							"origin": [-0.43704, -1.61737, 0.93586],
							"size": [0.60791, 0.21621, 1.5119],
							"pivot": [-0.13308, -1.50926, 1.58269],
							"rotation": [0, 0, 45],
							"uv": {
								"north": {"uv": [49, 105], "uv_size": [2, 1]},
								"east": {"uv": [92, 85], "uv_size": [5, 1]},
								"south": {"uv": [105, 53], "uv_size": [2, 1]},
								"west": {"uv": [92, 87], "uv_size": [5, 1]},
								"up": {"uv": [50, 85], "uv_size": [2, 5]},
								"down": {"uv": [85, 65], "uv_size": [2, -5]}
							}
						},
						{
							"origin": [-0.4972, -1.87691, 6.62084],
							"size": [1.04441, 0.17358, 0.30425],
							"pivot": [0.025, -1.79012, 6.77296],
							"rotation": [-45, 0, 0],
							"uv": {
								"north": {"uv": [97, 57], "uv_size": [4, 1]},
								"east": {"uv": [96, 107], "uv_size": [1, 1]},
								"south": {"uv": [97, 61], "uv_size": [4, 1]},
								"west": {"uv": [107, 101], "uv_size": [1, 1]},
								"up": {"uv": [97, 63], "uv_size": [4, 1]},
								"down": {"uv": [66, 98], "uv_size": [4, -1]}
							}
						},
						{
							"origin": [-0.4972, -1.20133, 6.62084],
							"size": [1.04441, 0.17358, 0.30425],
							"pivot": [0.025, -1.11454, 6.77296],
							"rotation": [45, 0, 0],
							"uv": {
								"north": {"uv": [71, 97], "uv_size": [4, 1]},
								"east": {"uv": [107, 103], "uv_size": [1, 1]},
								"south": {"uv": [97, 74], "uv_size": [4, 1]},
								"west": {"uv": [104, 107], "uv_size": [1, 1]},
								"up": {"uv": [76, 97], "uv_size": [4, 1]},
								"down": {"uv": [81, 98], "uv_size": [4, -1]}
							}
						},
						{
							"origin": [-1.06254, 0.21131, -0.24139],
							"size": [0.511, 0.27543, 8.4959],
							"pivot": [-0.07954, 0.02165, 4.29756],
							"rotation": [0, 0, -45],
							"uv": {
								"north": {"uv": [54, 105], "uv_size": [2, 1]},
								"east": {"uv": [64, 31], "uv_size": [29, 1]},
								"south": {"uv": [57, 105], "uv_size": [2, 1]},
								"west": {"uv": [64, 33], "uv_size": [29, 1]},
								"up": {"uv": [45, 31], "uv_size": [2, 29]},
								"down": {"uv": [35, 76], "uv_size": [2, -29]}
							}
						},
						{
							"origin": [-1.04476, -1.38094, 7.9642],
							"size": [0.802, 1.22118, 0.3479],
							"pivot": [-0.78926, -0.29748, 8.13815],
							"rotation": [20, 0, -45],
							"uv": {
								"north": {"uv": [81, 5], "uv_size": [3, 4]},
								"east": {"uv": [16, 59], "uv_size": [1, 4]},
								"south": {"uv": [81, 10], "uv_size": [3, 4]},
								"west": {"uv": [55, 97], "uv_size": [1, 4]},
								"up": {"uv": [83, 102], "uv_size": [3, 1]},
								"down": {"uv": [102, 87], "uv_size": [3, -1]}
							}
						},
						{
							"origin": [-0.80378, -1.04175, 8.33625],
							"size": [0.802, 1.22118, 0.3479],
							"pivot": [-0.40278, -0.43116, 8.51019],
							"rotation": [22.79588, -28.02432, -56.17023],
							"uv": {
								"north": {"uv": [12, 81], "uv_size": [3, 4]},
								"east": {"uv": [86, 97], "uv_size": [1, 4]},
								"south": {"uv": [63, 81], "uv_size": [3, 4]},
								"west": {"uv": [88, 97], "uv_size": [1, 4]},
								"up": {"uv": [87, 102], "uv_size": [3, 1]},
								"down": {"uv": [96, 103], "uv_size": [3, -1]}
							}
						},
						{
							"origin": [-0.02145, -1.22228, 8.12594],
							"size": [0.802, 1.22118, 0.3479],
							"pivot": [0.52505, -0.61168, 8.29989],
							"rotation": [20, 0, 45],
							"uv": {
								"north": {"uv": [7, 82], "uv_size": [3, 4]},
								"east": {"uv": [90, 97], "uv_size": [1, 4]},
								"south": {"uv": [27, 82], "uv_size": [3, 4]},
								"west": {"uv": [98, 2], "uv_size": [1, 4]},
								"up": {"uv": [102, 99], "uv_size": [3, 1]},
								"down": {"uv": [100, 103], "uv_size": [3, -1]}
							}
						},
						{
							"origin": [0.05178, -1.04175, 8.33625],
							"size": [0.802, 1.22118, 0.3479],
							"pivot": [0.45278, -0.43116, 8.51019],
							"rotation": [22.79588, 28.02432, 56.17023],
							"uv": {
								"north": {"uv": [31, 82], "uv_size": [3, 4]},
								"east": {"uv": [98, 15], "uv_size": [1, 4]},
								"south": {"uv": [55, 82], "uv_size": [3, 4]},
								"west": {"uv": [32, 98], "uv_size": [1, 4]},
								"up": {"uv": [103, 23], "uv_size": [3, 1]},
								"down": {"uv": [28, 104], "uv_size": [3, -1]}
							}
						},
						{
							"origin": [-1.06254, -0.89119, -0.24139],
							"size": [1.136, 0.72318, 8.4959],
							"pivot": [-0.07954, 0.02165, 4.29756],
							"rotation": [0, 0, -45],
							"uv": {
								"north": {"uv": [60, 105], "uv_size": [2, 1]},
								"east": {"uv": [64, 35], "uv_size": [29, 1]},
								"south": {"uv": [63, 105], "uv_size": [2, 1]},
								"west": {"uv": [64, 37], "uv_size": [29, 1]},
								"up": {"uv": [38, 47], "uv_size": [2, 29]},
								"down": {"uv": [41, 76], "uv_size": [2, -29]}
							}
						},
						{
							"origin": [-1.06036, -0.22737, 0.04961],
							"size": [0.3655, 0.49368, 7.9139],
							"pivot": [-0.22286, 0.16497, 4.29756],
							"rotation": [0, 0, -45],
							"uv": {
								"north": {"uv": [30, 105], "uv_size": [1, 2]},
								"east": {"uv": [35, 18], "uv_size": [27, 2]},
								"south": {"uv": [66, 105], "uv_size": [1, 2]},
								"west": {"uv": [59, 46], "uv_size": [27, 2]},
								"up": {"uv": [33, 52], "uv_size": [1, 27]},
								"down": {"uv": [67, 84], "uv_size": [1, -27]}
							}
						},
						{
							"origin": [-1.27932, -0.2578, -0.24139],
							"size": [0.511, 0.37932, 0.9299],
							"pivot": [-0.29632, 0.23843, 4.29756],
							"rotation": [0, 0, -45],
							"uv": {
								"north": {"uv": [105, 65], "uv_size": [2, 1]},
								"east": {"uv": [103, 36], "uv_size": [3, 1]},
								"south": {"uv": [71, 105], "uv_size": [2, 1]},
								"west": {"uv": [103, 38], "uv_size": [3, 1]},
								"up": {"uv": [86, 91], "uv_size": [2, 3]},
								"down": {"uv": [89, 94], "uv_size": [2, -3]}
							}
						},
						{
							"origin": [-0.88888, -0.64301, 7.81016],
							"size": [0.511, 0.43752, 0.1733],
							"pivot": [-0.63338, -0.45335, 7.98411],
							"rotation": [25, 0, -45],
							"uv": {
								"north": {"uv": [97, 91], "uv_size": [2, 2]},
								"east": {"uv": [74, 105], "uv_size": [1, 2]},
								"south": {"uv": [98, 7], "uv_size": [2, 2]},
								"west": {"uv": [76, 105], "uv_size": [1, 2]},
								"up": {"uv": [105, 76], "uv_size": [2, 1]},
								"down": {"uv": [105, 79], "uv_size": [2, -1]}
							}
						},
						{
							"origin": [-0.82492, -0.70697, 0.6199],
							"size": [0.511, 0.43752, 0.1733],
							"pivot": [-0.56942, -0.51731, 0.79385],
							"rotation": [25, 0, -45],
							"uv": {
								"north": {"uv": [98, 26], "uv_size": [2, 2]},
								"east": {"uv": [78, 105], "uv_size": [1, 2]},
								"south": {"uv": [98, 65], "uv_size": [2, 2]},
								"west": {"uv": [105, 92], "uv_size": [1, 2]},
								"up": {"uv": [105, 80], "uv_size": [2, 1]},
								"down": {"uv": [105, 85], "uv_size": [2, -1]}
							}
						},
						{
							"origin": [-0.84946, -0.68243, 7.90661],
							"size": [0.511, 0.37932, 0.3479],
							"pivot": [-0.59396, -0.49277, 8.08056],
							"rotation": [0, 0, -45],
							"uv": {
								"north": {"uv": [93, 105], "uv_size": [2, 1]},
								"east": {"uv": [107, 105], "uv_size": [1, 1]},
								"south": {"uv": [105, 95], "uv_size": [2, 1]},
								"west": {"uv": [106, 107], "uv_size": [1, 1]},
								"up": {"uv": [105, 97], "uv_size": [2, 1]},
								"down": {"uv": [104, 106], "uv_size": [2, -1]}
							}
						},
						{
							"origin": [0.40133, -0.68775, -0.24139],
							"size": [0.511, 0.37932, 0.9299],
							"pivot": [0.65683, -0.47991, 4.15206],
							"rotation": [0, 0, 45],
							"uv": {
								"north": {"uv": [0, 106], "uv_size": [2, 1]},
								"east": {"uv": [103, 40], "uv_size": [3, 1]},
								"south": {"uv": [106, 0], "uv_size": [2, 1]},
								"west": {"uv": [103, 47], "uv_size": [3, 1]},
								"up": {"uv": [8, 92], "uv_size": [2, 3]},
								"down": {"uv": [11, 95], "uv_size": [2, -3]}
							}
						},
						{
							"origin": [0.40133, 0.70174, 0.91219],
							"size": [0.511, 0.43752, 0.1733],
							"pivot": [0.65683, -0.47991, 4.15206],
							"rotation": [25, 0, 45],
							"uv": {
								"north": {"uv": [98, 76], "uv_size": [2, 2]},
								"east": {"uv": [3, 106], "uv_size": [1, 2]},
								"south": {"uv": [98, 79], "uv_size": [2, 2]},
								"west": {"uv": [5, 106], "uv_size": [1, 2]},
								"up": {"uv": [7, 106], "uv_size": [2, 1]},
								"down": {"uv": [10, 107], "uv_size": [2, -1]}
							}
						},
						{
							"origin": [-0.22367, -1.56094, -0.24139],
							"size": [1.136, 0.87318, 8.4959],
							"pivot": [0.65683, -0.47991, 4.15206],
							"rotation": [0, 0, 45],
							"uv": {
								"north": {"uv": [106, 10], "uv_size": [2, 1]},
								"east": {"uv": [64, 39], "uv_size": [29, 1]},
								"south": {"uv": [106, 12], "uv_size": [2, 1]},
								"west": {"uv": [64, 41], "uv_size": [29, 1]},
								"up": {"uv": [48, 31], "uv_size": [2, 29]},
								"down": {"uv": [13, 80], "uv_size": [2, -29]}
							}
						},
						{
							"origin": [0.40133, -0.30844, -0.24139],
							"size": [0.511, 0.27543, 8.4959],
							"pivot": [0.65683, -0.47991, 4.15206],
							"rotation": [0, 0, 45],
							"uv": {
								"north": {"uv": [13, 106], "uv_size": [2, 1]},
								"east": {"uv": [64, 43], "uv_size": [29, 1]},
								"south": {"uv": [16, 106], "uv_size": [2, 1]},
								"west": {"uv": [64, 55], "uv_size": [29, 1]},
								"up": {"uv": [51, 31], "uv_size": [2, 29]},
								"down": {"uv": [30, 81], "uv_size": [2, -29]}
							}
						},
						{
							"origin": [0.36308, -0.66574, 0.04961],
							"size": [0.3655, 0.49368, 7.9139],
							"pivot": [0.47308, -0.45789, 4.15206],
							"rotation": [0, 0, 45],
							"uv": {
								"north": {"uv": [19, 106], "uv_size": [1, 2]},
								"east": {"uv": [59, 49], "uv_size": [27, 2]},
								"south": {"uv": [21, 106], "uv_size": [1, 2]},
								"west": {"uv": [59, 52], "uv_size": [27, 2]},
								"up": {"uv": [0, 68], "uv_size": [1, 27]},
								"down": {"uv": [2, 95], "uv_size": [1, -27]}
							}
						},
						{
							"origin": [0.40133, -0.68775, 7.90661],
							"size": [0.511, 0.37932, 0.3479],
							"pivot": [0.65683, -0.47991, 4.15206],
							"rotation": [0, 0, 45],
							"uv": {
								"north": {"uv": [23, 106], "uv_size": [2, 1]},
								"east": {"uv": [0, 108], "uv_size": [1, 1]},
								"south": {"uv": [106, 27], "uv_size": [2, 1]},
								"west": {"uv": [108, 6], "uv_size": [1, 1]},
								"up": {"uv": [106, 29], "uv_size": [2, 1]},
								"down": {"uv": [106, 32], "uv_size": [2, -1]}
							}
						},
						{
							"origin": [0.40133, -2.25503, 7.467],
							"size": [0.511, 0.43752, 0.1733],
							"pivot": [0.65683, -0.47991, 4.15206],
							"rotation": [25, 0, 45],
							"uv": {
								"north": {"uv": [98, 84], "uv_size": [2, 2]},
								"east": {"uv": [32, 106], "uv_size": [1, 2]},
								"south": {"uv": [92, 98], "uv_size": [2, 2]},
								"west": {"uv": [106, 33], "uv_size": [1, 2]},
								"up": {"uv": [34, 106], "uv_size": [2, 1]},
								"down": {"uv": [37, 107], "uv_size": [2, -1]}
							}
						},
						{
							"origin": [-0.90822, -0.30962, -0.24139],
							"size": [0.511, 0.62463, 9.0779],
							"pivot": [0.07478, 0.37372, 4.29756],
							"rotation": [0, 0, 45],
							"uv": {
								"north": {"uv": [98, 94], "uv_size": [2, 2]},
								"east": {"uv": [35, 0], "uv_size": [31, 2]},
								"south": {"uv": [95, 98], "uv_size": [2, 2]},
								"west": {"uv": [35, 3], "uv_size": [31, 2]},
								"up": {"uv": [18, 32], "uv_size": [2, 31]},
								"down": {"uv": [21, 63], "uv_size": [2, -31]}
							}
						},
						{
							"origin": [0.49649, 0.31347, -0.24139],
							"size": [0.511, 0.62463, 9.0779],
							"pivot": [0.752, 0.62579, 4.29756],
							"rotation": [0, 0, -45],
							"uv": {
								"north": {"uv": [98, 97], "uv_size": [2, 2]},
								"east": {"uv": [35, 6], "uv_size": [31, 2]},
								"south": {"uv": [0, 99], "uv_size": [2, 2]},
								"west": {"uv": [35, 9], "uv_size": [31, 2]},
								"up": {"uv": [24, 32], "uv_size": [2, 31]},
								"down": {"uv": [27, 63], "uv_size": [2, -31]}
							}
						},
						{
							"origin": [-0.66182, 0.58561, -0.24139],
							"size": [1.37364, 0.44168, 9.0779],
							"uv": {
								"north": {"uv": [75, 85], "uv_size": [5, 2]},
								"east": {"uv": [35, 12], "uv_size": [31, 2]},
								"south": {"uv": [81, 85], "uv_size": [5, 2]},
								"west": {"uv": [35, 15], "uv_size": [31, 2]},
								"up": {"uv": [18, 0], "uv_size": [5, 31]},
								"down": {"uv": [24, 31], "uv_size": [5, -31]}
							}
						},
						{
							"origin": [-0.98097, -0.30962, 8.77831],
							"size": [0.511, 0.69738, 0.4947],
							"pivot": [0.00203, 0.37372, 4.73406],
							"rotation": [0, 0, 45],
							"uv": {
								"north": {"uv": [3, 99], "uv_size": [2, 2]},
								"east": {"uv": [6, 99], "uv_size": [2, 2]},
								"south": {"uv": [9, 99], "uv_size": [2, 2]},
								"west": {"uv": [12, 99], "uv_size": [2, 2]},
								"up": {"uv": [99, 12], "uv_size": [2, 2]},
								"down": {"uv": [15, 101], "uv_size": [2, -2]}
							}
						},
						{
							"origin": [0.56924, 0.31347, 8.77831],
							"size": [0.511, 0.69738, 0.4947],
							"pivot": [0.82475, 0.62579, 4.73406],
							"rotation": [0, 0, -45],
							"uv": {
								"north": {"uv": [18, 99], "uv_size": [2, 2]},
								"east": {"uv": [21, 99], "uv_size": [2, 2]},
								"south": {"uv": [24, 99], "uv_size": [2, 2]},
								"west": {"uv": [27, 99], "uv_size": [2, 2]},
								"up": {"uv": [99, 31], "uv_size": [2, 2]},
								"down": {"uv": [34, 101], "uv_size": [2, -2]}
							}
						},
						{
							"origin": [-0.68313, 0.58561, 8.77831],
							"size": [1.41626, 0.49312, 0.4947],
							"uv": {
								"north": {"uv": [11, 86], "uv_size": [5, 2]},
								"east": {"uv": [99, 34], "uv_size": [2, 2]},
								"south": {"uv": [62, 86], "uv_size": [5, 2]},
								"west": {"uv": [37, 99], "uv_size": [2, 2]},
								"up": {"uv": [4, 87], "uv_size": [5, 2]},
								"down": {"uv": [26, 89], "uv_size": [5, -2]}
							}
						},
						{
							"origin": [-1.17625, -0.34457, 8.77831],
							"size": [2.4025, 0.93018, 0.4947],
							"uv": {
								"north": {"uv": [69, 70], "uv_size": [8, 3]},
								"east": {"uv": [92, 20], "uv_size": [2, 3]},
								"south": {"uv": [72, 57], "uv_size": [8, 3]},
								"west": {"uv": [30, 92], "uv_size": [2, 3]},
								"up": {"uv": [76, 61], "uv_size": [8, 2]},
								"down": {"uv": [76, 66], "uv_size": [8, -2]}
							}
						},
						{
							"origin": [-0.04821, -4.33393, 8.73362],
							"size": [1.2385, 4.13118, 0.4947],
							"pivot": [-0.01096, -0.66784, 8.98097],
							"rotation": [-7.47178, 0.65182, 4.95744],
							"uv": {
								"north": {"uv": [0, 53], "uv_size": [4, 14]},
								"east": {"uv": [10, 60], "uv_size": [2, 14]},
								"south": {"uv": [54, 31], "uv_size": [4, 14]},
								"west": {"uv": [23, 64], "uv_size": [2, 14]},
								"up": {"uv": [57, 89], "uv_size": [4, 2]},
								"down": {"uv": [62, 91], "uv_size": [4, -2]}
							}
						},
						{
							"origin": [-1.00079, -4.3142, 8.52551],
							"size": [1.2385, 4.13118, 0.4947],
							"pivot": [0.20046, -2.24861, 8.77286],
							"rotation": [-7.47178, -0.65182, -4.95744],
							"uv": {
								"north": {"uv": [54, 46], "uv_size": [4, 14]},
								"east": {"uv": [26, 64], "uv_size": [2, 14]},
								"south": {"uv": [59, 31], "uv_size": [4, 14]},
								"west": {"uv": [64, 57], "uv_size": [2, 14]},
								"up": {"uv": [67, 89], "uv_size": [4, 2]},
								"down": {"uv": [89, 71], "uv_size": [4, -2]}
							}
						},
						{
							"origin": [-0.81619, -5.99362, 8.09916],
							"size": [1.68239, 1.7564, 0.5094],
							"pivot": [0.025, -4.72828, 8.34651],
							"rotation": [-20, 0, 0],
							"uv": {
								"north": {"uv": [52, 61], "uv_size": [6, 6]},
								"east": {"uv": [59, 82], "uv_size": [2, 6]},
								"south": {"uv": [16, 64], "uv_size": [6, 6]},
								"west": {"uv": [69, 82], "uv_size": [2, 6]},
								"up": {"uv": [81, 57], "uv_size": [6, 2]},
								"down": {"uv": [80, 84], "uv_size": [6, -2]}
							}
						}
					]
				}
			]
		}
	]
}