{
	"format_version": "1.12.0",
	"minecraft:geometry": [
		{
			"description": {
				"identifier": "geometry.stock_carbon_bone_c5",
				"texture_width": 128,
				"texture_height": 128,
				"visible_bounds_width": 3,
				"visible_bounds_height": 1.5,
				"visible_bounds_offset": [0, 0.25, 0]
			},
			"bones": [
				{
					"name": "stock",
					"pivot": [-0.025, -1.60984, 4.94923],
					"cubes": [
						{
							"origin": [-0.35077, -0.25243, -0.25724],
							"size": [0.65153, 1.28263, 8.66505],
							"uv": {
								"north": {"uv": [73, 62], "uv_size": [3, 5]},
								"up": {"uv": [0, 34], "uv_size": [3, 35]},
								"down": {"uv": [4, 69], "uv_size": [3, -35]}
							}
						},
						{
							"origin": [-0.41089, 0.28871, 8.40095],
							"size": [0.77179, 0.74149, 0.72838],
							"uv": {
								"south": {"uv": [65, 79], "uv_size": [3, 3]},
								"up": {"uv": [79, 67], "uv_size": [3, 3]}
							}
						},
						{
							"origin": [0.20861, 0.02619, 8.40095],
							"size": [0.41103, 0.8858, 0.72838],
							"pivot": [0.29387, 0.54124, 8.76513],
							"rotation": [0, 0, -33.5],
							"uv": {
								"east": {"uv": [8, 74], "uv_size": [3, 4]},
								"south": {"uv": [69, 79], "uv_size": [2, 4]},
								"west": {"uv": [61, 75], "uv_size": [3, 4]}
							}
						},
						{
							"origin": [-0.70946, 0.03818, 8.40095],
							"size": [0.41103, 0.8858, 0.72838],
							"pivot": [-0.38369, 0.48107, 8.76513],
							"rotation": [0, 0, 33.5],
							"uv": {
								"east": {"uv": [30, 76], "uv_size": [3, 4]},
								"south": {"uv": [79, 71], "uv_size": [2, 4]},
								"west": {"uv": [34, 76], "uv_size": [3, 4]}
							}
						},
						{
							"origin": [-0.89979, -3.37899, 8.40095],
							"size": [1.74959, 3.67055, 0.72838],
							"uv": {
								"north": {"uv": [20, 38], "uv_size": [7, 15]},
								"east": {"uv": [54, 59], "uv_size": [3, 15]},
								"south": {"uv": [28, 38], "uv_size": [7, 15]},
								"west": {"uv": [58, 59], "uv_size": [3, 15]},
								"up": {"uv": [57, 24], "uv_size": [7, 3]},
								"down": {"uv": [4, 73], "uv_size": [7, -3]}
							}
						},
						{
							"origin": [-0.59916, -5.41205, 7.86592],
							"size": [1.14833, 2.22752, 0.72838],
							"pivot": [-0.025, -5.01981, 8.23011],
							"rotation": [-17.5, 0, 0],
							"uv": {
								"north": {"uv": [8, 60], "uv_size": [5, 9]},
								"east": {"uv": [65, 59], "uv_size": [3, 9]},
								"south": {"uv": [14, 60], "uv_size": [5, 9]},
								"west": {"uv": [66, 9], "uv_size": [3, 9]},
								"up": {"uv": [73, 68], "uv_size": [5, 3]},
								"down": {"uv": [73, 75], "uv_size": [5, -3]}
							}
						},
						{
							"origin": [-0.59916, -5.58483, 7.68735],
							"size": [1.14833, 0.54398, 0.18724],
							"pivot": [-0.025, -5.43309, 7.7509],
							"rotation": [-45, 0, 0],
							"uv": {
								"north": {"uv": [76, 52], "uv_size": [5, 2]},
								"east": {"uv": [34, 68], "uv_size": [1, 2]},
								"south": {"uv": [54, 78], "uv_size": [5, 2]},
								"west": {"uv": [6, 80], "uv_size": [1, 2]},
								"up": {"uv": [57, 22], "uv_size": [5, 1]},
								"down": {"uv": [83, 18], "uv_size": [5, -1]}
							}
						},
						{
							"origin": [-0.59916, -5.44308, 7.19006],
							"size": [1.14833, 0.35157, 0.18724],
							"pivot": [-0.025, -5.29135, 7.31374],
							"rotation": [25, 0, 0],
							"uv": {
								"north": {"uv": [81, 84], "uv_size": [5, 1]},
								"east": {"uv": [8, 58], "uv_size": [1, 1]},
								"south": {"uv": [0, 85], "uv_size": [5, 1]},
								"west": {"uv": [34, 71], "uv_size": [1, 1]},
								"up": {"uv": [85, 11], "uv_size": [5, 1]},
								"down": {"uv": [19, 86], "uv_size": [5, -1]}
							}
						},
						{
							"origin": [-0.59916, -5.59767, 7.29455],
							"size": [1.14833, 0.2193, 0.48787],
							"pivot": [-0.025, -5.44594, 7.65874],
							"rotation": [-17.5, 0, 0],
							"uv": {
								"north": {"uv": [85, 36], "uv_size": [5, 1]},
								"east": {"uv": [13, 86], "uv_size": [2, 1]},
								"south": {"uv": [37, 85], "uv_size": [5, 1]},
								"west": {"uv": [16, 86], "uv_size": [2, 1]},
								"up": {"uv": [79, 11], "uv_size": [5, 2]},
								"down": {"uv": [16, 81], "uv_size": [5, -2]}
							}
						},
						{
							"origin": [0.39086, -5.4361, 8.08962],
							"size": [0.30656, 2.25156, 0.72838],
							"pivot": [0.54414, -4.31032, 8.45382],
							"rotation": [-17.35932, 2.24944, 7.15656],
							"uv": {
								"north": {"uv": [8, 34], "uv_size": [1, 9]},
								"east": {"uv": [66, 19], "uv_size": [3, 9]},
								"south": {"uv": [44, 0], "uv_size": [1, 9]},
								"west": {"uv": [69, 59], "uv_size": [3, 9]},
								"up": {"uv": [44, 20], "uv_size": [1, 3]},
								"down": {"uv": [8, 57], "uv_size": [1, -3]}
							}
						},
						{
							"origin": [-0.74742, -5.4361, 8.08963],
							"size": [0.30656, 2.25156, 0.72838],
							"pivot": [-0.59414, -4.31032, 8.45382],
							"rotation": [-17.35932, -2.24944, -7.15656],
							"uv": {
								"north": {"uv": [8, 44], "uv_size": [1, 9]},
								"east": {"uv": [65, 69], "uv_size": [3, 9]},
								"south": {"uv": [44, 10], "uv_size": [1, 9]},
								"west": {"uv": [69, 69], "uv_size": [3, 9]},
								"up": {"uv": [34, 60], "uv_size": [1, 3]},
								"down": {"uv": [34, 67], "uv_size": [1, -3]}
							}
						},
						{
							"origin": [-0.35077, 1.21058, 6.4769],
							"size": [0.65153, 0.20036, 1.63027],
							"uv": {
								"east": {"uv": [57, 28], "uv_size": [7, 1]},
								"west": {"uv": [79, 48], "uv_size": [7, 1]},
								"up": {"uv": [70, 9], "uv_size": [3, 7]},
								"down": {"uv": [12, 77], "uv_size": [3, -7]}
							}
						},
						{
							"origin": [-0.35077, 0.56095, 7.6647],
							"size": [0.65153, 0.20035, 0.47585],
							"pivot": [-0.025, 0.66113, 8.5099],
							"rotation": [-55, 0, 0],
							"uv": {
								"east": {"uv": [86, 19], "uv_size": [2, 1]},
								"west": {"uv": [86, 21], "uv_size": [2, 1]},
								"up": {"uv": [19, 82], "uv_size": [3, 2]},
								"down": {"uv": [82, 21], "uv_size": [3, -2]}
							}
						},
						{
							"origin": [-0.35077, 1.05348, 6.18714],
							"size": [0.65153, 0.20036, 0.47585],
							"pivot": [-0.025, 1.15366, 6.41905],
							"rotation": [55, 0, 0],
							"uv": {
								"east": {"uv": [86, 23], "uv_size": [2, 1]},
								"west": {"uv": [86, 25], "uv_size": [2, 1]},
								"up": {"uv": [82, 22], "uv_size": [3, 2]},
								"down": {"uv": [23, 84], "uv_size": [3, -2]}
							}
						},
						{
							"origin": [-1.54603, -0.98413, 0.22377],
							"size": [3.04206, 0.49242, 8.18404],
							"uv": {
								"north": {"uv": [63, 50], "uv_size": [12, 2]},
								"east": {"uv": [50, 30], "uv_size": [33, 2]},
								"south": {"uv": [63, 53], "uv_size": [12, 2]},
								"west": {"uv": [56, 33], "uv_size": [33, 2]}
							}
						},
						{
							"origin": [-1.1128, -1.41736, 0.22377],
							"size": [2.17561, 0.49242, 8.18404],
							"uv": {
								"north": {"uv": [72, 36], "uv_size": [9, 2]},
								"south": {"uv": [72, 39], "uv_size": [9, 2]},
								"down": {"uv": [0, 33], "uv_size": [9, -33]}
							}
						},
						{
							"origin": [-0.21091, -2.13888, 1.12566],
							"size": [0.37182, 0.73293, 7.28215],
							"uv": {
								"north": {"uv": [82, 36], "uv_size": [2, 3]},
								"east": {"uv": [48, 42], "uv_size": [30, 3]},
								"west": {"uv": [48, 46], "uv_size": [30, 3]}
							}
						},
						{
							"origin": [-0.27104, -1.97052, 1.23389],
							"size": [0.49207, 0.39683, 0.39683],
							"pivot": [-0.025, -1.81419, 1.45034],
							"rotation": [-45, 0, 0],
							"uv": {
								"north": {"uv": [51, 82], "uv_size": [2, 2]},
								"east": {"uv": [6, 85], "uv_size": [2, 2]},
								"south": {"uv": [25, 85], "uv_size": [2, 2]},
								"west": {"uv": [85, 42], "uv_size": [2, 2]},
								"up": {"uv": [43, 85], "uv_size": [2, 2]},
								"down": {"uv": [85, 47], "uv_size": [2, -2]}
							}
						},
						{
							"origin": [-0.76186, -2.64541, 6.69434],
							"size": [1.47373, 0.39683, 0.39683],
							"pivot": [-0.025, -2.48908, 6.9108],
							"rotation": [-45, 0, 0],
							"uv": {
								"north": {"uv": [51, 82], "uv_size": [2, 2]},
								"east": {"uv": [6, 85], "uv_size": [2, 2]},
								"south": {"uv": [25, 85], "uv_size": [2, 2]},
								"west": {"uv": [85, 42], "uv_size": [2, 2]},
								"up": {"uv": [43, 85], "uv_size": [2, 2]},
								"down": {"uv": [85, 47], "uv_size": [2, -2]}
							}
						},
						{
							"origin": [-0.21091, -3.24458, 5.0459],
							"size": [0.37182, 1.10571, 3.36191],
							"uv": {
								"north": {"uv": [0, 79], "uv_size": [2, 5]},
								"east": {"uv": [48, 50], "uv_size": [14, 5]},
								"south": {"uv": [8, 79], "uv_size": [2, 5]},
								"west": {"uv": [20, 54], "uv_size": [14, 5]},
								"up": {"uv": [62, 59], "uv_size": [2, 14]},
								"down": {"uv": [63, 23], "uv_size": [2, -14]}
							}
						},
						{
							"origin": [-0.45141, -2.16231, 5.52691],
							"size": [0.85283, 0.14369, 2.8809],
							"uv": {
								"east": {"uv": [75, 28], "uv_size": [12, 1]},
								"west": {"uv": [76, 50], "uv_size": [12, 1]},
								"up": {"uv": [26, 60], "uv_size": [3, 12]},
								"down": {"uv": [30, 72], "uv_size": [3, -12]}
							}
						},
						{
							"origin": [-0.45141, -3.34393, 5.77815],
							"size": [0.85283, 0.14369, 0.47585],
							"pivot": [-0.025, -3.27209, 4.81355],
							"rotation": [57.5, 0, 0],
							"uv": {
								"east": {"uv": [28, 86], "uv_size": [2, 1]},
								"west": {"uv": [31, 86], "uv_size": [2, 1]},
								"up": {"uv": [82, 25], "uv_size": [3, 2]},
								"down": {"uv": [47, 84], "uv_size": [3, -2]}
							}
						},
						{
							"origin": [-0.63179, -4.499, 5.09276],
							"size": [1.21359, 2.12438, 0.47096],
							"pivot": [-0.025, -3.43507, 5.42688],
							"rotation": [-5, 0, 0],
							"uv": {
								"north": {"uv": [20, 60], "uv_size": [5, 9]},
								"east": {"uv": [48, 72], "uv_size": [2, 9]},
								"west": {"uv": [51, 72], "uv_size": [2, 9]},
								"up": {"uv": [22, 79], "uv_size": [5, 2]}
							}
						},
						{
							"origin": [-0.63853, -4.95114, 5.26152],
							"size": [1.22707, 2.17596, 2.89293],
							"pivot": [-0.025, -3.86316, 6.70798],
							"rotation": [-17.5, 0, 0],
							"uv": {
								"east": {"uv": [20, 24], "uv_size": [12, 9]},
								"west": {"uv": [33, 24], "uv_size": [12, 9]},
								"up": {"uv": [57, 9], "uv_size": [5, 12]},
								"down": {"uv": [48, 71], "uv_size": [5, -12]}
							}
						},
						{
							"origin": [-0.75205, -2.37938, 1.60667],
							"size": [1.45409, 0.25192, 3.43406],
							"uv": {
								"north": {"uv": [82, 40], "uv_size": [6, 1]},
								"east": {"uv": [56, 36], "uv_size": [14, 1]},
								"south": {"uv": [82, 52], "uv_size": [6, 1]},
								"west": {"uv": [74, 9], "uv_size": [14, 1]},
								"up": {"uv": [50, 0], "uv_size": [6, 14]},
								"down": {"uv": [50, 29], "uv_size": [6, -14]}
							}
						},
						{
							"origin": [-0.45388, -2.13888, 1.84718],
							"size": [0.85774, 0.4323, 1.99103],
							"uv": {
								"east": {"uv": [26, 73], "uv_size": [8, 2]},
								"west": {"uv": [73, 59], "uv_size": [8, 2]},
								"up": {"uv": [0, 70], "uv_size": [3, 8]}
							}
						},
						{
							"origin": [-0.31914, -2.13888, 2.29211],
							"size": [0.58828, 0.91331, 0.55316],
							"pivot": [-0.025, -1.92273, 2.56869],
							"rotation": [0, -45, 0],
							"uv": {
								"north": {"uv": [3, 80], "uv_size": [2, 4]},
								"east": {"uv": [80, 14], "uv_size": [2, 4]},
								"south": {"uv": [38, 80], "uv_size": [2, 4]},
								"west": {"uv": [41, 80], "uv_size": [2, 4]},
								"up": {"uv": [46, 85], "uv_size": [2, 2]},
								"down": {"uv": [49, 87], "uv_size": [2, -2]}
							}
						},
						{
							"origin": [-0.23496, -2.74014, 2.37629],
							"size": [0.41992, 0.91331, 0.38481],
							"pivot": [-0.025, -2.52399, 2.56869],
							"rotation": [0, -45, 0],
							"uv": {
								"north": {"uv": [44, 80], "uv_size": [2, 4]},
								"east": {"uv": [60, 80], "uv_size": [2, 4]},
								"south": {"uv": [28, 81], "uv_size": [2, 4]},
								"west": {"uv": [31, 81], "uv_size": [2, 4]},
								"down": {"uv": [60, 87], "uv_size": [2, -2]}
							}
						},
						{
							"origin": [-0.45141, -2.32517, 3.76783],
							"size": [0.85283, 0.40824, 1.24547],
							"pivot": [-0.025, -2.13307, 4.76334],
							"rotation": [-12.5, 0, 0],
							"uv": {
								"east": {"uv": [79, 42], "uv_size": [5, 2]},
								"south": {"uv": [82, 54], "uv_size": [3, 2]},
								"west": {"uv": [79, 45], "uv_size": [5, 2]},
								"up": {"uv": [4, 74], "uv_size": [3, 5]}
							}
						},
						{
							"origin": [-0.45141, -2.49038, 1.71321],
							"size": [0.85283, 0.45634, 0.16319],
							"pivot": [-0.025, -2.25018, 2.70873],
							"rotation": [-20, 0, 0],
							"uv": {
								"north": {"uv": [82, 57], "uv_size": [3, 2]},
								"east": {"uv": [63, 80], "uv_size": [1, 2]},
								"west": {"uv": [52, 85], "uv_size": [1, 2]}
							}
						},
						{
							"origin": [1.08791, -0.43155, 0.22377],
							"size": [0.63701, 0.61267, 8.18404],
							"pivot": [0.20389, -0.12522, 4.07528],
							"rotation": [0, 0, 45],
							"uv": {
								"north": {"uv": [82, 71], "uv_size": [3, 2]},
								"east": {"uv": [48, 56], "uv_size": [33, 2]},
								"south": {"uv": [11, 83], "uv_size": [3, 2]},
								"west": {"uv": [57, 0], "uv_size": [33, 2]},
								"up": {"uv": [36, 42], "uv_size": [3, 33]},
								"down": {"uv": [40, 75], "uv_size": [3, -33]}
							}
						},
						{
							"origin": [-1.4227, -1.28187, 0.22377],
							"size": [0.63701, 0.61267, 8.18404],
							"pivot": [-1.1042, -0.97553, 4.07528],
							"rotation": [0, 0, -45],
							"uv": {
								"north": {"uv": [83, 14], "uv_size": [3, 2]},
								"east": {"uv": [57, 3], "uv_size": [33, 2]},
								"south": {"uv": [63, 83], "uv_size": [3, 2]},
								"west": {"uv": [57, 6], "uv_size": [33, 2]},
								"up": {"uv": [44, 42], "uv_size": [3, 33]},
								"down": {"uv": [46, 33], "uv_size": [3, -33]}
							}
						},
						{
							"origin": [-1.02284, 0.06994, -0.25724],
							"size": [1.01229, 0.80162, 8.66505],
							"pivot": [-0.5167, 0.23024, 4.07528],
							"rotation": [0, 0, 50],
							"uv": {
								"north": {"uv": [38, 76], "uv_size": [4, 3]},
								"east": {"uv": [36, 38], "uv_size": [35, 3]},
								"south": {"uv": [43, 76], "uv_size": [4, 3]},
								"down": {"uv": [15, 59], "uv_size": [4, -35]}
							}
						},
						{
							"origin": [-1.23306, -0.84682, 0.22377],
							"size": [1.01229, 1.16238, 8.18404],
							"pivot": [-0.72691, -0.08525, 4.07528],
							"rotation": [0, 0, 30],
							"uv": {
								"north": {"uv": [16, 70], "uv_size": [4, 5]},
								"east": {"uv": [10, 0], "uv_size": [33, 5]},
								"south": {"uv": [70, 17], "uv_size": [4, 5]},
								"west": {"uv": [10, 6], "uv_size": [33, 5]}
							}
						},
						{
							"origin": [-0.42743, -0.84682, 0.22377],
							"size": [1.61049, 1.16238, 8.18404],
							"pivot": [0.67691, -0.08525, 4.07528],
							"rotation": [0, 0, -30],
							"uv": {
								"north": {"uv": [21, 70], "uv_size": [4, 5]},
								"east": {"uv": [10, 12], "uv_size": [33, 5]},
								"south": {"uv": [70, 23], "uv_size": [4, 5]},
								"west": {"uv": [10, 18], "uv_size": [33, 5]}
							}
						},
						{
							"origin": [0.41127, -0.00721, -0.26098],
							"size": [0.77179, 0.32277, 0.48475],
							"pivot": [0.67691, -0.08525, 3.59427],
							"rotation": [0, 0, -30],
							"uv": {
								"north": {"uv": [85, 38], "uv_size": [3, 1]},
								"east": {"uv": [34, 86], "uv_size": [2, 1]},
								"south": {"uv": [71, 85], "uv_size": [3, 1]},
								"west": {"uv": [54, 86], "uv_size": [2, 1]},
								"up": {"uv": [83, 67], "uv_size": [3, 2]},
								"down": {"uv": [84, 32], "uv_size": [3, -2]}
							}
						},
						{
							"origin": [-1.23306, -0.00721, -0.26098],
							"size": [0.77179, 0.32277, 0.48475],
							"pivot": [-0.72691, -0.08525, 3.59427],
							"rotation": [0, 0, 30],
							"uv": {
								"north": {"uv": [75, 85], "uv_size": [3, 1]},
								"east": {"uv": [86, 54], "uv_size": [2, 1]},
								"south": {"uv": [9, 86], "uv_size": [3, 1]},
								"west": {"uv": [86, 56], "uv_size": [2, 1]},
								"up": {"uv": [84, 60], "uv_size": [3, 2]},
								"down": {"uv": [84, 65], "uv_size": [3, -2]}
							}
						},
						{
							"origin": [-1.32217, -0.71119, -0.04789],
							"size": [0.76078, 0.9695, 0.43723],
							"pivot": [-0.94728, -0.22644, 0.17072],
							"rotation": [30, 0, 30],
							"uv": {
								"north": {"uv": [73, 76], "uv_size": [3, 4]},
								"east": {"uv": [34, 81], "uv_size": [2, 4]},
								"south": {"uv": [77, 62], "uv_size": [3, 4]},
								"west": {"uv": [54, 81], "uv_size": [2, 4]},
								"up": {"uv": [67, 84], "uv_size": [3, 2]},
								"down": {"uv": [84, 76], "uv_size": [3, -2]}
							}
						},
						{
							"origin": [0.52897, -0.77682, -0.04789],
							"size": [0.76078, 0.9695, 0.43723],
							"pivot": [0.78361, -0.29207, 0.17072],
							"rotation": [30, 0, -30],
							"uv": {
								"north": {"uv": [77, 76], "uv_size": [3, 4]},
								"east": {"uv": [57, 81], "uv_size": [2, 4]},
								"south": {"uv": [12, 78], "uv_size": [3, 4]},
								"west": {"uv": [81, 62], "uv_size": [2, 4]},
								"up": {"uv": [84, 77], "uv_size": [3, 2]},
								"down": {"uv": [84, 82], "uv_size": [3, -2]}
							}
						},
						{
							"origin": [-0.03945, 0.06994, -0.25724],
							"size": [1.01229, 0.80162, 8.66505],
							"pivot": [0.4667, 0.23024, 4.07528],
							"rotation": [0, 0, -50],
							"uv": {
								"north": {"uv": [74, 11], "uv_size": [4, 3]},
								"south": {"uv": [75, 15], "uv_size": [4, 3]},
								"west": {"uv": [20, 34], "uv_size": [35, 3]},
								"down": {"uv": [10, 59], "uv_size": [4, -35]}
							}
						}
					]
				},
				{
					"name": "bone91",
					"parent": "stock",
					"pivot": [-0.025, -2.53279, 6.7427],
					"cubes": [
						{
							"origin": [-0.70567, -2.86807, 6.70691],
							"size": [1.36135, 0.8189, 0.47279],
							"uv": {
								"east": {"uv": [72, 81], "uv_size": [2, 3]},
								"west": {"uv": [75, 81], "uv_size": [2, 3]},
								"up": {"uv": [75, 19], "uv_size": [6, 2]},
								"down": {"uv": [75, 24], "uv_size": [6, -2]}
							}
						},
						{
							"origin": [-0.70567, -2.89036, 6.74551],
							"size": [1.36135, 0.8189, 0.47279],
							"pivot": [-0.025, -2.43634, 6.9819],
							"rotation": [-60, 0, 0],
							"uv": {
								"east": {"uv": [81, 76], "uv_size": [2, 3]},
								"west": {"uv": [78, 81], "uv_size": [2, 3]},
								"up": {"uv": [75, 25], "uv_size": [6, 2]},
								"down": {"uv": [54, 77], "uv_size": [6, -2]}
							}
						},
						{
							"origin": [-0.70567, -2.89036, 6.66832],
							"size": [1.36135, 0.8189, 0.47279],
							"pivot": [-0.025, -2.43634, 6.90471],
							"rotation": [60, 0, 0],
							"uv": {
								"east": {"uv": [81, 80], "uv_size": [2, 3]},
								"west": {"uv": [16, 82], "uv_size": [2, 3]},
								"up": {"uv": [16, 76], "uv_size": [6, 2]},
								"down": {"uv": [23, 78], "uv_size": [6, -2]}
							}
						}
					]
				}
			]
		}
	]
}