{
	"format_version": "1.12.0",
	"minecraft:geometry": [
		{
			"description": {
				"identifier": "geometry.stock_carbon_bone_c5",
				"texture_width": 128,
				"texture_height": 128,
				"visible_bounds_width": 3,
				"visible_bounds_height": 1.5,
				"visible_bounds_offset": [0, 0.25, 0]
			},
			"bones": [
				{
					"name": "stock",
					"pivot": [0, 0.07458, 4.19478],
					"cubes": [
						{
							"origin": [-0.99906, -3.22484, 8.57345],
							"size": [0.69043, 2.28615, 0.2205],
							"pivot": [0.04441, -1.49377, 8.6837],
							"rotation": [0, 0, -5],
							"uv": {
								"north": {"uv": [16, 62], "uv_size": [2, 8]},
								"east": {"uv": [0, 70], "uv_size": [1, 8]},
								"south": {"uv": [66, 0], "uv_size": [2, 8]},
								"west": {"uv": [2, 70], "uv_size": [1, 8]},
								"up": {"uv": [78, 73], "uv_size": [2, 1]},
								"down": {"uv": [78, 76], "uv_size": [2, -1]}
							}
						},
						{
							"origin": [-0.4038, -4.11977, 8.57345],
							"size": [0.46993, 1.11015, 0.2205],
							"pivot": [0.05166, -4.15269, 8.6837],
							"rotation": [0, 0, -25],
							"uv": {
								"north": {"uv": [52, 38], "uv_size": [2, 4]},
								"east": {"uv": [43, 73], "uv_size": [1, 4]},
								"south": {"uv": [4, 70], "uv_size": [2, 4]},
								"west": {"uv": [45, 73], "uv_size": [1, 4]},
								"up": {"uv": [78, 77], "uv_size": [2, 1]},
								"down": {"uv": [0, 80], "uv_size": [2, -1]}
							}
						},
						{
							"origin": [-0.37504, -4.31534, 8.57345],
							"size": [0.75008, 3.31516, 0.2205],
							"uv": {
								"north": {"uv": [39, 57], "uv_size": [3, 11]},
								"east": {"uv": [37, 58], "uv_size": [1, 11]},
								"south": {"uv": [43, 57], "uv_size": [3, 11]},
								"west": {"uv": [19, 62], "uv_size": [1, 11]},
								"up": {"uv": [75, 60], "uv_size": [3, 1]},
								"down": {"uv": [75, 63], "uv_size": [3, -1]}
							}
						},
						{
							"origin": [0.30415, -3.32734, 8.57345],
							"size": [0.69042, 2.28616, 0.2205],
							"pivot": [1.12712, -1.59626, 8.6837],
							"rotation": [0, 0, 5],
							"uv": {
								"north": {"uv": [7, 66], "uv_size": [2, 8]},
								"east": {"uv": [10, 70], "uv_size": [1, 8]},
								"south": {"uv": [66, 9], "uv_size": [2, 8]},
								"west": {"uv": [12, 70], "uv_size": [1, 8]},
								"up": {"uv": [79, 0], "uv_size": [2, 1]},
								"down": {"uv": [79, 3], "uv_size": [2, -1]}
							}
						},
						{
							"origin": [-0.06613, -4.11977, 8.57345],
							"size": [0.46993, 1.11015, 0.2205],
							"pivot": [-0.05167, -4.15269, 8.6837],
							"rotation": [0, 0, 25],
							"uv": {
								"north": {"uv": [70, 22], "uv_size": [2, 4]},
								"east": {"uv": [73, 54], "uv_size": [1, 4]},
								"south": {"uv": [70, 27], "uv_size": [2, 4]},
								"west": {"uv": [58, 73], "uv_size": [1, 4]},
								"up": {"uv": [10, 79], "uv_size": [2, 1]},
								"down": {"uv": [13, 80], "uv_size": [2, -1]}
							}
						},
						{
							"origin": [-1.04346, -1.03175, 8.57345],
							"size": [2.08692, 1.69816, 0.2205],
							"uv": {
								"north": {"uv": [49, 53], "uv_size": [7, 6]},
								"east": {"uv": [31, 72], "uv_size": [1, 6]},
								"south": {"uv": [55, 38], "uv_size": [7, 6]},
								"west": {"uv": [73, 0], "uv_size": [1, 6]},
								"up": {"uv": [71, 44], "uv_size": [7, 1]},
								"down": {"uv": [71, 47], "uv_size": [7, -1]}
							}
						},
						{
							"origin": [-0.79167, 0.37152, 8.57345],
							"size": [0.54343, 1.06605, 0.2205],
							"pivot": [-0.48321, 0.88984, 8.6837],
							"rotation": [0, 0, 37.5],
							"uv": {
								"north": {"uv": [70, 32], "uv_size": [2, 4]},
								"east": {"uv": [73, 59], "uv_size": [1, 4]},
								"south": {"uv": [33, 70], "uv_size": [2, 4]},
								"west": {"uv": [60, 73], "uv_size": [1, 4]},
								"up": {"uv": [79, 15], "uv_size": [2, 1]},
								"down": {"uv": [16, 80], "uv_size": [2, -1]}
							}
						},
						{
							"origin": [0.24824, 0.37152, 8.57345],
							"size": [0.54343, 1.06605, 0.2205],
							"pivot": [0.48321, 0.88984, 8.6837],
							"rotation": [0, 0, -37.5],
							"uv": {
								"north": {"uv": [36, 70], "uv_size": [2, 4]},
								"east": {"uv": [62, 73], "uv_size": [1, 4]},
								"south": {"uv": [70, 37], "uv_size": [2, 4]},
								"west": {"uv": [64, 73], "uv_size": [1, 4]},
								"up": {"uv": [19, 79], "uv_size": [2, 1]},
								"down": {"uv": [22, 80], "uv_size": [2, -1]}
							}
						},
						{
							"origin": [-0.39449, 0.66641, 8.57345],
							"size": [0.78898, 0.84576, 0.2205],
							"uv": {
								"north": {"uv": [33, 66], "uv_size": [3, 3]},
								"east": {"uv": [36, 75], "uv_size": [1, 3]},
								"south": {"uv": [69, 0], "uv_size": [3, 3]},
								"west": {"uv": [76, 7], "uv_size": [1, 3]},
								"up": {"uv": [76, 11], "uv_size": [3, 1]},
								"down": {"uv": [76, 14], "uv_size": [3, -1]}
							}
						},
						{
							"origin": [-0.87836, -0.34045, -0.18389],
							"size": [1.79292, 0.74266, 8.75734],
							"pivot": [-0.0437, 0.03088, -0.36405],
							"rotation": [0, 0, -45],
							"uv": {
								"north": {"uv": [63, 36], "uv_size": [6, 3]},
								"east": {"uv": [21, 31], "uv_size": [30, 3]},
								"south": {"uv": [63, 40], "uv_size": [6, 3]},
								"west": {"uv": [35, 0], "uv_size": [30, 3]},
								"up": {"uv": [0, 0], "uv_size": [6, 30]},
								"down": {"uv": [7, 30], "uv_size": [6, -30]}
							}
						},
						{
							"origin": [-0.59712, -1.25132, 5.47561],
							"size": [0.32293, 1.03665, 0.15784],
							"pivot": [-0.43565, -0.76974, 5.59128],
							"rotation": [0, 0, -17.5],
							"uv": {
								"north": {"uv": [66, 73], "uv_size": [1, 4]},
								"east": {"uv": [68, 73], "uv_size": [1, 4]},
								"south": {"uv": [70, 73], "uv_size": [1, 4]},
								"west": {"uv": [72, 73], "uv_size": [1, 4]},
								"up": {"uv": [55, 60], "uv_size": [1, 1]},
								"down": {"uv": [27, 80], "uv_size": [1, -1]}
							}
						},
						{
							"origin": [0.27419, -1.25132, 5.47561],
							"size": [0.32293, 1.03665, 0.15784],
							"pivot": [0.43565, -0.76974, 5.59128],
							"rotation": [0, 0, 17.5],
							"uv": {
								"north": {"uv": [18, 74], "uv_size": [1, 4]},
								"east": {"uv": [20, 74], "uv_size": [1, 4]},
								"south": {"uv": [22, 74], "uv_size": [1, 4]},
								"west": {"uv": [24, 74], "uv_size": [1, 4]},
								"up": {"uv": [31, 79], "uv_size": [1, 1]},
								"down": {"uv": [49, 80], "uv_size": [1, -1]}
							}
						},
						{
							"origin": [0.27419, -1.25132, 2.24161],
							"size": [0.32293, 1.03665, 0.15784],
							"pivot": [0.43565, -0.76974, 2.35728],
							"rotation": [0, 0, 17.5],
							"uv": {
								"north": {"uv": [26, 74], "uv_size": [1, 4]},
								"east": {"uv": [47, 74], "uv_size": [1, 4]},
								"south": {"uv": [49, 74], "uv_size": [1, 4]},
								"west": {"uv": [51, 74], "uv_size": [1, 4]},
								"up": {"uv": [79, 50], "uv_size": [1, 1]},
								"down": {"uv": [51, 80], "uv_size": [1, -1]}
							}
						},
						{
							"origin": [-0.59712, -1.25132, 2.24161],
							"size": [0.32293, 1.03665, 0.15784],
							"pivot": [-0.43565, -0.76974, 2.35728],
							"rotation": [0, 0, -17.5],
							"uv": {
								"north": {"uv": [53, 74], "uv_size": [1, 4]},
								"east": {"uv": [74, 71], "uv_size": [1, 4]},
								"south": {"uv": [75, 0], "uv_size": [1, 4]},
								"west": {"uv": [4, 75], "uv_size": [1, 4]},
								"up": {"uv": [79, 52], "uv_size": [1, 1]},
								"down": {"uv": [53, 80], "uv_size": [1, -1]}
							}
						},
						{
							"origin": [-0.89646, -0.29675, -0.18389],
							"size": [1.79292, 0.74266, 8.75734],
							"uv": {
								"north": {"uv": [64, 44], "uv_size": [6, 3]},
								"east": {"uv": [35, 4], "uv_size": [30, 3]},
								"south": {"uv": [47, 64], "uv_size": [6, 3]},
								"west": {"uv": [35, 8], "uv_size": [30, 3]},
								"up": {"uv": [14, 0], "uv_size": [6, 30]},
								"down": {"uv": [21, 30], "uv_size": [6, -30]}
							}
						},
						{
							"origin": [-0.30314, -2.06075, 2.77267],
							"size": [0.60629, 0.74266, 0.60629],
							"pivot": [0, -1.68942, 3.07582],
							"rotation": [0, -45, 0],
							"uv": {
								"north": {"uv": [73, 7], "uv_size": [2, 3]},
								"east": {"uv": [73, 11], "uv_size": [2, 3]},
								"south": {"uv": [73, 22], "uv_size": [2, 3]},
								"west": {"uv": [73, 26], "uv_size": [2, 3]},
								"up": {"uv": [6, 75], "uv_size": [2, 2]},
								"down": {"uv": [33, 77], "uv_size": [2, -2]}
							}
						},
						{
							"origin": [-0.15614, -3.33965, 2.91967],
							"size": [0.34169, 0.74266, 0.34169],
							"pivot": [0, -2.96832, 3.07582],
							"rotation": [0, -45, 0],
							"uv": {
								"north": {"uv": [76, 22], "uv_size": [1, 3]},
								"east": {"uv": [76, 26], "uv_size": [1, 3]},
								"south": {"uv": [76, 30], "uv_size": [1, 3]},
								"west": {"uv": [76, 34], "uv_size": [1, 3]},
								"up": {"uv": [55, 79], "uv_size": [1, 1]},
								"down": {"uv": [79, 61], "uv_size": [1, -1]}
							}
						},
						{
							"origin": [-0.07733, 1.26504, 6.29495],
							"size": [0.15466, 0.23927, 2.2785],
							"uv": {
								"north": {"uv": [79, 62], "uv_size": [1, 1]},
								"east": {"uv": [70, 42], "uv_size": [8, 1]},
								"south": {"uv": [79, 69], "uv_size": [1, 1]},
								"west": {"uv": [47, 70], "uv_size": [8, 1]},
								"up": {"uv": [14, 70], "uv_size": [1, 8]},
								"down": {"uv": [56, 78], "uv_size": [1, -8]}
							}
						},
						{
							"origin": [-0.07733, 0.97104, 5.96071],
							"size": [0.15466, 0.53327, 0.33424],
							"uv": {
								"north": {"uv": [50, 28], "uv_size": [1, 2]},
								"east": {"uv": [47, 57], "uv_size": [1, 2]},
								"south": {"uv": [72, 78], "uv_size": [1, 2]},
								"west": {"uv": [25, 79], "uv_size": [1, 2]},
								"up": {"uv": [76, 79], "uv_size": [1, 1]},
								"down": {"uv": [78, 80], "uv_size": [1, -1]}
							}
						},
						{
							"origin": [-0.91456, -0.34045, -0.18389],
							"size": [1.79292, 0.74266, 8.75734],
							"pivot": [0.0437, 0.03088, -0.36405],
							"rotation": [0, 0, 45],
							"uv": {
								"north": {"uv": [64, 48], "uv_size": [6, 3]},
								"east": {"uv": [35, 12], "uv_size": [30, 3]},
								"south": {"uv": [54, 64], "uv_size": [6, 3]},
								"west": {"uv": [35, 16], "uv_size": [30, 3]},
								"up": {"uv": [28, 0], "uv_size": [6, 30]},
								"down": {"uv": [0, 61], "uv_size": [6, -30]}
							}
						},
						{
							"origin": [-0.95827, -0.35855, -0.18389],
							"size": [1.79293, 0.74265, 8.75734],
							"pivot": [0, 0.01278, -0.36405],
							"rotation": [0, 0, 90],
							"uv": {
								"north": {"uv": [61, 65], "uv_size": [6, 3]},
								"east": {"uv": [35, 20], "uv_size": [30, 3]},
								"south": {"uv": [0, 66], "uv_size": [6, 3]},
								"west": {"uv": [21, 35], "uv_size": [30, 3]},
								"up": {"uv": [7, 31], "uv_size": [6, 30]},
								"down": {"uv": [14, 61], "uv_size": [6, -30]}
							}
						},
						{
							"origin": [-0.95742, -0.3778, -0.1796],
							"size": [1.95429, 0.80949, 0.17866],
							"pivot": [-0.04764, 0.02695, -0.37598],
							"rotation": [0, 0, -45],
							"uv": {
								"north": {"uv": [29, 58], "uv_size": [7, 3]},
								"east": {"uv": [38, 76], "uv_size": [1, 3]},
								"south": {"uv": [47, 60], "uv_size": [7, 3]},
								"west": {"uv": [40, 76], "uv_size": [1, 3]},
								"up": {"uv": [71, 48], "uv_size": [7, 1]},
								"down": {"uv": [71, 51], "uv_size": [7, -1]}
							}
						},
						{
							"origin": [-0.97715, -0.33017, -0.1796],
							"size": [1.95429, 0.80949, 0.17866],
							"uv": {
								"north": {"uv": [61, 53], "uv_size": [7, 3]},
								"east": {"uv": [76, 71], "uv_size": [1, 3]},
								"south": {"uv": [61, 57], "uv_size": [7, 3]},
								"west": {"uv": [74, 76], "uv_size": [1, 3]},
								"up": {"uv": [58, 71], "uv_size": [7, 1]},
								"down": {"uv": [66, 72], "uv_size": [7, -1]}
							}
						},
						{
							"origin": [-0.99688, -0.3778, -0.1796],
							"size": [1.95429, 0.80949, 0.17866],
							"pivot": [0.04763, 0.02695, -0.37598],
							"rotation": [0, 0, 45],
							"uv": {
								"north": {"uv": [61, 61], "uv_size": [7, 3]},
								"east": {"uv": [76, 75], "uv_size": [1, 3]},
								"south": {"uv": [0, 62], "uv_size": [7, 3]},
								"west": {"uv": [77, 0], "uv_size": [1, 3]},
								"up": {"uv": [71, 69], "uv_size": [7, 1]},
								"down": {"uv": [72, 19], "uv_size": [7, -1]}
							}
						},
						{
							"origin": [-1.04451, -0.39753, -0.1796],
							"size": [1.95429, 0.80949, 0.17866],
							"pivot": [0, 0.00722, -0.37598],
							"rotation": [0, 0, 90],
							"uv": {
								"north": {"uv": [8, 62], "uv_size": [7, 3]},
								"east": {"uv": [77, 38], "uv_size": [1, 3]},
								"south": {"uv": [62, 28], "uv_size": [7, 3]},
								"west": {"uv": [6, 78], "uv_size": [1, 3]},
								"up": {"uv": [72, 20], "uv_size": [7, 1]},
								"down": {"uv": [47, 73], "uv_size": [7, -1]}
							}
						},
						{
							"origin": [-0.95827, -1.90205, -0.18389],
							"size": [0.92563, 0.88965, 8.75734],
							"pivot": [0, -1.45722, -0.36405],
							"rotation": [0, 0, 90],
							"uv": {
								"north": {"uv": [69, 4], "uv_size": [3, 3]},
								"east": {"uv": [35, 24], "uv_size": [30, 3]},
								"south": {"uv": [69, 8], "uv_size": [3, 3]},
								"west": {"uv": [21, 39], "uv_size": [30, 3]},
								"up": {"uv": [21, 43], "uv_size": [3, 30]},
								"down": {"uv": [25, 73], "uv_size": [3, -30]}
							}
						},
						{
							"origin": [-0.60981, -2.14452, 1.77121],
							"size": [1.21963, 0.30752, 4.12684],
							"pivot": [0, -1.99077, 3.83463],
							"rotation": [0, 0, 90],
							"uv": {
								"north": {"uv": [75, 5], "uv_size": [4, 1]},
								"east": {"uv": [35, 28], "uv_size": [14, 1]},
								"south": {"uv": [75, 54], "uv_size": [4, 1]},
								"west": {"uv": [68, 65], "uv_size": [14, 1]},
								"up": {"uv": [29, 43], "uv_size": [4, 14]},
								"down": {"uv": [34, 57], "uv_size": [4, -14]}
							}
						},
						{
							"origin": [-0.66427, -3.00455, 1.91821],
							"size": [0.92563, 0.88965, 2.28934],
							"pivot": [0, -2.55972, -0.51105],
							"rotation": [0, 0, 90],
							"uv": {
								"north": {"uv": [69, 12], "uv_size": [3, 3]},
								"east": {"uv": [55, 45], "uv_size": [8, 3]},
								"south": {"uv": [39, 69], "uv_size": [3, 3]},
								"west": {"uv": [55, 49], "uv_size": [8, 3]},
								"up": {"uv": [57, 53], "uv_size": [3, 8]},
								"down": {"uv": [58, 36], "uv_size": [3, -8]}
							}
						},
						{
							"origin": [-0.44377, -3.00455, 1.69771],
							"size": [0.70513, 0.88965, 0.2205],
							"pivot": [0, -2.55972, -0.51105],
							"rotation": [0, 0, 90],
							"uv": {
								"north": {"uv": [73, 30], "uv_size": [2, 3]},
								"east": {"uv": [78, 7], "uv_size": [1, 3]},
								"south": {"uv": [73, 34], "uv_size": [2, 3]},
								"west": {"uv": [8, 78], "uv_size": [1, 3]},
								"up": {"uv": [35, 79], "uv_size": [2, 1]},
								"down": {"uv": [79, 39], "uv_size": [2, -1]}
							}
						},
						{
							"origin": [-1.44025, -3.02993, 2.48739],
							"size": [0.18002, 0.89552, 0.31183],
							"pivot": [0, -2.58217, 3.26831],
							"rotation": [0, -45, 90],
							"uv": {
								"north": {"uv": [78, 22], "uv_size": [1, 3]},
								"east": {"uv": [78, 26], "uv_size": [1, 3]},
								"south": {"uv": [78, 30], "uv_size": [1, 3]},
								"west": {"uv": [33, 78], "uv_size": [1, 3]},
								"up": {"uv": [3, 80], "uv_size": [1, 1]},
								"down": {"uv": [80, 5], "uv_size": [1, -1]}
							}
						},
						{
							"origin": [-0.32933, -3.02993, 3.73836],
							"size": [0.19062, 0.89552, 1.92184],
							"pivot": [0, -2.58217, 3.26831],
							"rotation": [0, 30, 90],
							"uv": {
								"north": {"uv": [78, 34], "uv_size": [1, 3]},
								"east": {"uv": [29, 62], "uv_size": [7, 3]},
								"south": {"uv": [42, 78], "uv_size": [1, 3]},
								"west": {"uv": [62, 32], "uv_size": [7, 3]},
								"up": {"uv": [16, 71], "uv_size": [1, 7]},
								"down": {"uv": [29, 79], "uv_size": [1, -7]}
							}
						},
						{
							"origin": [-1.06433, -3.02993, 3.73836],
							"size": [0.735, 0.89552, 1.48084],
							"pivot": [0, -2.58217, 3.26831],
							"rotation": [0, 30, 90],
							"uv": {
								"north": {"uv": [43, 69], "uv_size": [3, 3]},
								"east": {"uv": [10, 66], "uv_size": [5, 3]},
								"south": {"uv": [69, 52], "uv_size": [3, 3]},
								"west": {"uv": [66, 18], "uv_size": [5, 3]},
								"up": {"uv": [66, 22], "uv_size": [3, 5]},
								"down": {"uv": [29, 71], "uv_size": [3, -5]}
							}
						},
						{
							"origin": [-0.3675, -3.4482, 5.12636],
							"size": [0.8526, 0.88966, 0.36364],
							"pivot": [0, -3.00338, 4.74957],
							"rotation": [0, 0, 90],
							"uv": {
								"north": {"uv": [69, 56], "uv_size": [3, 3]},
								"east": {"uv": [44, 78], "uv_size": [1, 3]},
								"south": {"uv": [69, 60], "uv_size": [3, 3]},
								"west": {"uv": [58, 78], "uv_size": [1, 3]},
								"up": {"uv": [60, 78], "uv_size": [3, 1]},
								"down": {"uv": [64, 79], "uv_size": [3, -1]}
							}
						},
						{
							"origin": [-0.67596, -2.62227, 5.89805],
							"size": [1.35192, 0.30752, 2.67154],
							"pivot": [0, -2.46852, 7.23382],
							"rotation": [0, 0, 90],
							"uv": {
								"north": {"uv": [55, 62], "uv_size": [5, 1]},
								"east": {"uv": [69, 16], "uv_size": [9, 1]},
								"south": {"uv": [73, 52], "uv_size": [5, 1]},
								"west": {"uv": [61, 69], "uv_size": [9, 1]},
								"up": {"uv": [49, 43], "uv_size": [5, 9]},
								"down": {"uv": [52, 37], "uv_size": [5, -9]}
							}
						},
						{
							"origin": [-0.58041, -3.3176, 4.72205],
							"size": [1.13142, 0.30166, 3.93574],
							"pivot": [0, -3.16677, 7.23382],
							"rotation": [0, 25, 90],
							"uv": {
								"north": {"uv": [75, 56], "uv_size": [4, 1]},
								"east": {"uv": [47, 68], "uv_size": [13, 1]},
								"south": {"uv": [75, 58], "uv_size": [4, 1]},
								"west": {"uv": [68, 67], "uv_size": [13, 1]},
								"up": {"uv": [39, 43], "uv_size": [4, 13]},
								"down": {"uv": [44, 56], "uv_size": [4, -13]}
							}
						},
						{
							"origin": [0.72789, -3.07441, 8.2915],
							"size": [0.61648, 0.30165, 0.42345],
							"pivot": [0, -2.92358, 6.74709],
							"rotation": [0, 0, 90],
							"uv": {
								"north": {"uv": [79, 40], "uv_size": [2, 1]},
								"east": {"uv": [80, 6], "uv_size": [1, 1]},
								"south": {"uv": [79, 42], "uv_size": [2, 1]},
								"west": {"uv": [80, 8], "uv_size": [1, 1]},
								"up": {"uv": [79, 44], "uv_size": [2, 1]},
								"down": {"uv": [46, 80], "uv_size": [2, -1]}
							}
						},
						{
							"origin": [-0.54667, -1.68202, 8.10305],
							"size": [0.80803, 0.30165, 0.46654],
							"pivot": [0, -1.53119, 3.76278],
							"rotation": [0, 0, 90],
							"uv": {
								"north": {"uv": [68, 78], "uv_size": [3, 1]},
								"east": {"uv": [79, 46], "uv_size": [2, 1]},
								"south": {"uv": [78, 71], "uv_size": [3, 1]},
								"west": {"uv": [79, 48], "uv_size": [2, 1]},
								"up": {"uv": [73, 38], "uv_size": [3, 2]},
								"down": {"uv": [39, 75], "uv_size": [3, -2]}
							}
						}
					]
				},
				{
					"name": "bone49",
					"parent": "stock",
					"pivot": [0, 0.07458, -0.05352]
				}
			]
		}
	]
}