{
	"format_version": "1.12.0",
	"minecraft:geometry": [
		{
			"description": {
				"identifier": "geometry.stock_carbon_bone_c5",
				"texture_width": 128,
				"texture_height": 128,
				"visible_bounds_width": 3,
				"visible_bounds_height": 1.5,
				"visible_bounds_offset": [0, 0.25, 0]
			},
			"bones": [
				{
					"name": "stock",
					"pivot": [0, 0.05698, 4.17992],
					"cubes": [
						{
							"origin": [-0.87507, -0.35649, -0.18237],
							"size": [1.78622, 0.73988, 8.72457],
							"pivot": [-0.04354, 0.01345, -0.36186],
							"rotation": [0, 0, -45],
							"uv": {
								"north": {"uv": [12, 71], "uv_size": [6, 3]},
								"east": {"uv": [21, 31], "uv_size": [30, 3]},
								"south": {"uv": [43, 71], "uv_size": [6, 3]},
								"west": {"uv": [35, 0], "uv_size": [30, 3]},
								"up": {"uv": [0, 0], "uv_size": [6, 30]},
								"down": {"uv": [7, 30], "uv_size": [6, -30]}
							}
						},
						{
							"origin": [-0.59488, -1.26395, 5.45596],
							"size": [0.32172, 1.03277, 0.15725],
							"pivot": [-0.43402, -0.78418, 5.57119],
							"rotation": [0, 0, -17.5],
							"uv": {
								"north": {"uv": [25, 83], "uv_size": [1, 4]},
								"east": {"uv": [27, 83], "uv_size": [1, 4]},
								"south": {"uv": [83, 39], "uv_size": [1, 4]},
								"west": {"uv": [41, 83], "uv_size": [1, 4]},
								"up": {"uv": [63, 40], "uv_size": [1, 1]},
								"down": {"uv": [53, 74], "uv_size": [1, -1]}
							}
						},
						{
							"origin": [0.27316, -1.26395, 5.45596],
							"size": [0.32172, 1.03277, 0.15725],
							"pivot": [0.43402, -0.78418, 5.57119],
							"rotation": [0, 0, 17.5],
							"uv": {
								"north": {"uv": [43, 83], "uv_size": [1, 4]},
								"east": {"uv": [45, 83], "uv_size": [1, 4]},
								"south": {"uv": [47, 83], "uv_size": [1, 4]},
								"west": {"uv": [62, 83], "uv_size": [1, 4]},
								"up": {"uv": [39, 84], "uv_size": [1, 1]},
								"down": {"uv": [23, 86], "uv_size": [1, -1]}
							}
						},
						{
							"origin": [0.27316, -1.26395, 2.23406],
							"size": [0.32172, 1.03277, 0.15725],
							"pivot": [0.43402, -0.78418, 2.34929],
							"rotation": [0, 0, 17.5],
							"uv": {
								"north": {"uv": [64, 83], "uv_size": [1, 4]},
								"east": {"uv": [66, 83], "uv_size": [1, 4]},
								"south": {"uv": [68, 83], "uv_size": [1, 4]},
								"west": {"uv": [70, 83], "uv_size": [1, 4]},
								"up": {"uv": [89, 36], "uv_size": [1, 1]},
								"down": {"uv": [89, 39], "uv_size": [1, -1]}
							}
						},
						{
							"origin": [-0.59488, -1.26395, 2.23406],
							"size": [0.32172, 1.03277, 0.15725],
							"pivot": [-0.43402, -0.78418, 2.34929],
							"rotation": [0, 0, -17.5],
							"uv": {
								"north": {"uv": [72, 83], "uv_size": [1, 4]},
								"east": {"uv": [74, 83], "uv_size": [1, 4]},
								"south": {"uv": [76, 83], "uv_size": [1, 4]},
								"west": {"uv": [78, 83], "uv_size": [1, 4]},
								"up": {"uv": [89, 40], "uv_size": [1, 1]},
								"down": {"uv": [89, 46], "uv_size": [1, -1]}
							}
						},
						{
							"origin": [-0.89311, -0.31295, -0.18237],
							"size": [1.78622, 0.73988, 8.72457],
							"uv": {
								"north": {"uv": [63, 71], "uv_size": [6, 3]},
								"east": {"uv": [35, 4], "uv_size": [30, 3]},
								"south": {"uv": [29, 72], "uv_size": [6, 3]},
								"west": {"uv": [35, 8], "uv_size": [30, 3]},
								"up": {"uv": [14, 0], "uv_size": [6, 30]},
								"down": {"uv": [21, 30], "uv_size": [6, -30]}
							}
						},
						{
							"origin": [-0.38053, 0.93187, 7.682],
							"size": [0.76107, 0.21968, 0.21968],
							"uv": {
								"north": {"uv": [19, 85], "uv_size": [3, 1]},
								"east": {"uv": [57, 89], "uv_size": [1, 1]},
								"south": {"uv": [85, 39], "uv_size": [3, 1]},
								"west": {"uv": [59, 89], "uv_size": [1, 1]},
								"up": {"uv": [85, 41], "uv_size": [3, 1]},
								"down": {"uv": [2, 87], "uv_size": [3, -1]}
							}
						},
						{
							"origin": [-0.5115, -1.80094, 7.682],
							"size": [1.023, 0.21968, 0.21968],
							"uv": {
								"north": {"uv": [86, 13], "uv_size": [3, 1]},
								"east": {"uv": [89, 72], "uv_size": [1, 1]},
								"south": {"uv": [86, 15], "uv_size": [3, 1]},
								"west": {"uv": [89, 74], "uv_size": [1, 1]},
								"up": {"uv": [86, 17], "uv_size": [3, 1]},
								"down": {"uv": [86, 23], "uv_size": [3, -1]}
							}
						},
						{
							"origin": [0.19141, 0.69496, 7.682],
							"size": [0.90752, 0.21968, 0.21968],
							"pivot": [0.57194, 0.8048, 7.79183],
							"rotation": [0, 0, 45],
							"uv": {
								"north": {"uv": [29, 86], "uv_size": [3, 1]},
								"east": {"uv": [89, 78], "uv_size": [1, 1]},
								"south": {"uv": [33, 86], "uv_size": [3, 1]},
								"west": {"uv": [89, 88], "uv_size": [1, 1]},
								"up": {"uv": [37, 86], "uv_size": [3, 1]},
								"down": {"uv": [49, 87], "uv_size": [3, -1]}
							}
						},
						{
							"origin": [-1.16941, -0.82754, 7.682],
							"size": [1.49332, 0.21968, 0.21968],
							"pivot": [-0.78888, -0.7177, 7.79183],
							"rotation": [0, 0, 70],
							"uv": {
								"north": {"uv": [82, 24], "uv_size": [5, 1]},
								"east": {"uv": [0, 90], "uv_size": [1, 1]},
								"south": {"uv": [82, 26], "uv_size": [5, 1]},
								"west": {"uv": [2, 90], "uv_size": [1, 1]},
								"up": {"uv": [29, 82], "uv_size": [5, 1]},
								"down": {"uv": [35, 83], "uv_size": [5, -1]}
							}
						},
						{
							"origin": [-1.09893, 0.69496, 7.682],
							"size": [0.90752, 0.21968, 0.21968],
							"pivot": [-0.57194, 0.8048, 7.79183],
							"rotation": [0, 0, -45],
							"uv": {
								"north": {"uv": [53, 86], "uv_size": [3, 1]},
								"east": {"uv": [4, 90], "uv_size": [1, 1]},
								"south": {"uv": [83, 86], "uv_size": [3, 1]},
								"west": {"uv": [90, 4], "uv_size": [1, 1]},
								"up": {"uv": [19, 87], "uv_size": [3, 1]},
								"down": {"uv": [57, 88], "uv_size": [3, -1]}
							}
						},
						{
							"origin": [-0.3239, -0.82754, 7.682],
							"size": [1.49332, 0.21968, 0.21968],
							"pivot": [0.78888, -0.7177, 7.79183],
							"rotation": [0, 0, -70],
							"uv": {
								"north": {"uv": [50, 82], "uv_size": [5, 1]},
								"east": {"uv": [6, 90], "uv_size": [1, 1]},
								"south": {"uv": [82, 50], "uv_size": [5, 1]},
								"west": {"uv": [90, 6], "uv_size": [1, 1]},
								"up": {"uv": [82, 52], "uv_size": [5, 1]},
								"down": {"uv": [82, 55], "uv_size": [5, -1]}
							}
						},
						{
							"origin": [-1.36616, -0.05376, 7.682],
							"size": [0.90752, 2.04449, 0.21968],
							"pivot": [-0.91241, 0.05608, 7.79183],
							"rotation": [0, 0, 90],
							"uv": {
								"north": {"uv": [66, 9], "uv_size": [3, 7]},
								"east": {"uv": [13, 81], "uv_size": [1, 7]},
								"south": {"uv": [66, 17], "uv_size": [3, 7]},
								"west": {"uv": [15, 81], "uv_size": [1, 7]},
								"up": {"uv": [87, 86], "uv_size": [3, 1]},
								"down": {"uv": [2, 89], "uv_size": [3, -1]}
							}
						},
						{
							"origin": [-0.28105, -1.31025, 7.0962],
							"size": [1.49332, 0.21968, 0.21968],
							"pivot": [0, -0.3247, 7.20603],
							"rotation": [1.71394, -4.69776, 69.92969],
							"uv": {
								"north": {"uv": [56, 82], "uv_size": [5, 1]},
								"east": {"uv": [90, 8], "uv_size": [1, 1]},
								"south": {"uv": [82, 56], "uv_size": [5, 1]},
								"west": {"uv": [10, 90], "uv_size": [1, 1]},
								"up": {"uv": [82, 58], "uv_size": [5, 1]},
								"down": {"uv": [82, 61], "uv_size": [5, -1]}
							}
						},
						{
							"origin": [-1.21227, -1.31025, 7.0962],
							"size": [1.49332, 0.21968, 0.21968],
							"pivot": [0, -0.3247, 7.20603],
							"rotation": [1.71394, 4.69776, -69.92969],
							"uv": {
								"north": {"uv": [82, 62], "uv_size": [5, 1]},
								"east": {"uv": [90, 10], "uv_size": [1, 1]},
								"south": {"uv": [82, 64], "uv_size": [5, 1]},
								"west": {"uv": [90, 12], "uv_size": [1, 1]},
								"up": {"uv": [82, 66], "uv_size": [5, 1]},
								"down": {"uv": [82, 69], "uv_size": [5, -1]}
							}
						},
						{
							"origin": [-0.5115, -1.80094, 7.0962],
							"size": [1.023, 0.21968, 0.21968],
							"pivot": [0, -0.3247, 7.20603],
							"rotation": [5, 0, 0],
							"uv": {
								"north": {"uv": [88, 2], "uv_size": [3, 1]},
								"east": {"uv": [90, 14], "uv_size": [1, 1]},
								"south": {"uv": [23, 88], "uv_size": [3, 1]},
								"west": {"uv": [90, 16], "uv_size": [1, 1]},
								"up": {"uv": [88, 24], "uv_size": [3, 1]},
								"down": {"uv": [88, 27], "uv_size": [3, -1]}
							}
						},
						{
							"origin": [-0.83453, -1.34694, 7.0962],
							"size": [0.90752, 2.04449, 0.21968],
							"pivot": [0, -0.3247, 7.20603],
							"rotation": [0, -5, 90],
							"uv": {
								"north": {"uv": [66, 55], "uv_size": [3, 7]},
								"east": {"uv": [17, 81], "uv_size": [1, 7]},
								"south": {"uv": [66, 63], "uv_size": [3, 7]},
								"west": {"uv": [81, 37], "uv_size": [1, 7]},
								"up": {"uv": [27, 88], "uv_size": [3, 1]},
								"down": {"uv": [88, 29], "uv_size": [3, -1]}
							}
						},
						{
							"origin": [-0.77478, 0.76857, 7.0962],
							"size": [0.90752, 0.21968, 0.21968],
							"pivot": [0, -0.3247, 7.20603],
							"rotation": [3.54002, -3.53329, 44.89078],
							"uv": {
								"north": {"uv": [31, 88], "uv_size": [3, 1]},
								"east": {"uv": [90, 18], "uv_size": [1, 1]},
								"south": {"uv": [35, 88], "uv_size": [3, 1]},
								"west": {"uv": [90, 20], "uv_size": [1, 1]},
								"up": {"uv": [39, 88], "uv_size": [3, 1]},
								"down": {"uv": [43, 89], "uv_size": [3, -1]}
							}
						},
						{
							"origin": [-0.13273, 0.76857, 7.0962],
							"size": [0.90752, 0.21968, 0.21968],
							"pivot": [0, -0.3247, 7.20603],
							"rotation": [3.54002, 3.53329, -44.89078],
							"uv": {
								"north": {"uv": [88, 43], "uv_size": [3, 1]},
								"east": {"uv": [22, 90], "uv_size": [1, 1]},
								"south": {"uv": [47, 88], "uv_size": [3, 1]},
								"west": {"uv": [90, 22], "uv_size": [1, 1]},
								"up": {"uv": [88, 48], "uv_size": [3, 1]},
								"down": {"uv": [88, 51], "uv_size": [3, -1]}
							}
						},
						{
							"origin": [-0.38053, 0.93187, 7.0962],
							"size": [0.76107, 0.21968, 0.21968],
							"pivot": [0, -0.3247, 7.20603],
							"rotation": [5, 0, 0],
							"uv": {
								"north": {"uv": [51, 88], "uv_size": [3, 1]},
								"east": {"uv": [24, 90], "uv_size": [1, 1]},
								"south": {"uv": [88, 52], "uv_size": [3, 1]},
								"west": {"uv": [26, 90], "uv_size": [1, 1]},
								"up": {"uv": [88, 54], "uv_size": [3, 1]},
								"down": {"uv": [88, 57], "uv_size": [3, -1]}
							}
						},
						{
							"origin": [-0.99532, -3.23009, 8.5422],
							"size": [0.68784, 2.2776, 1.53773],
							"pivot": [0.04424, -1.5055, 8.65204],
							"rotation": [0, 0, -5],
							"uv": {
								"north": {"uv": [18, 62], "uv_size": [2, 8]},
								"east": {"uv": [56, 59], "uv_size": [5, 8]},
								"south": {"uv": [50, 73], "uv_size": [2, 8]},
								"west": {"uv": [0, 62], "uv_size": [5, 8]},
								"up": {"uv": [16, 75], "uv_size": [2, 5]},
								"down": {"uv": [47, 80], "uv_size": [2, -5]}
							}
						},
						{
							"origin": [-0.40229, -4.12167, 8.5422],
							"size": [0.46817, 1.106, 1.53773],
							"pivot": [0.05147, -4.15447, 8.65204],
							"rotation": [0, 0, -25],
							"uv": {
								"north": {"uv": [19, 78], "uv_size": [2, 4]},
								"east": {"uv": [70, 20], "uv_size": [5, 4]},
								"south": {"uv": [22, 78], "uv_size": [2, 4]},
								"west": {"uv": [70, 48], "uv_size": [5, 4]},
								"up": {"uv": [33, 76], "uv_size": [2, 5]},
								"down": {"uv": [36, 81], "uv_size": [2, -5]}
							}
						},
						{
							"origin": [-0.37363, -4.31651, 8.5422],
							"size": [0.74727, 3.30275, 1.54065],
							"uv": {
								"north": {"uv": [62, 55], "uv_size": [3, 11]},
								"east": {"uv": [39, 43], "uv_size": [5, 11]},
								"south": {"uv": [63, 28], "uv_size": [3, 11]},
								"west": {"uv": [45, 43], "uv_size": [5, 11]},
								"up": {"uv": [12, 75], "uv_size": [3, 5]},
								"down": {"uv": [75, 30], "uv_size": [3, -5]}
							}
						},
						{
							"origin": [0.30302, -3.33221, 8.5422],
							"size": [0.68784, 2.2776, 1.53773],
							"pivot": [1.1229, -1.60761, 8.65204],
							"rotation": [0, 0, 5],
							"uv": {
								"north": {"uv": [26, 74], "uv_size": [2, 8]},
								"east": {"uv": [6, 62], "uv_size": [5, 8]},
								"south": {"uv": [74, 37], "uv_size": [2, 8]},
								"west": {"uv": [12, 62], "uv_size": [5, 8]},
								"up": {"uv": [39, 76], "uv_size": [2, 5]},
								"down": {"uv": [76, 53], "uv_size": [2, -5]}
							}
						},
						{
							"origin": [-0.06588, -4.12167, 8.5422],
							"size": [0.46817, 1.106, 1.53773],
							"pivot": [-0.05147, -4.15447, 8.65204],
							"rotation": [0, 0, 25],
							"uv": {
								"north": {"uv": [78, 78], "uv_size": [2, 4]},
								"east": {"uv": [70, 53], "uv_size": [5, 4]},
								"south": {"uv": [79, 24], "uv_size": [2, 4]},
								"west": {"uv": [70, 58], "uv_size": [5, 4]},
								"up": {"uv": [53, 76], "uv_size": [2, 5]},
								"down": {"uv": [76, 59], "uv_size": [2, -5]}
							}
						},
						{
							"origin": [-1.03956, -1.0452, 8.5422],
							"size": [2.07912, 1.6918, 1.54065],
							"uv": {
								"north": {"uv": [48, 57], "uv_size": [7, 6]},
								"east": {"uv": [45, 64], "uv_size": [5, 6]},
								"south": {"uv": [29, 58], "uv_size": [7, 6]},
								"west": {"uv": [29, 65], "uv_size": [5, 6]},
								"up": {"uv": [37, 62], "uv_size": [7, 5]},
								"down": {"uv": [62, 54], "uv_size": [7, -5]}
							}
						},
						{
							"origin": [-1.11278, -1.80674, 8.46898],
							"size": [2.22557, 0.35911, 1.68418],
							"uv": {
								"north": {"uv": [79, 29], "uv_size": [8, 1]},
								"east": {"uv": [67, 37], "uv_size": [6, 1]},
								"south": {"uv": [79, 48], "uv_size": [8, 1]},
								"west": {"uv": [82, 0], "uv_size": [6, 1]},
								"up": {"uv": [39, 55], "uv_size": [8, 6]},
								"down": {"uv": [56, 48], "uv_size": [8, -6]}
							}
						},
						{
							"origin": [-0.87523, -1.80674, 7.97904],
							"size": [1.20042, 0.35911, 0.14645],
							"pivot": [0.23755, -1.64184, 8.82112],
							"rotation": [0, 22.5, 0],
							"uv": {
								"north": {"uv": [83, 44], "uv_size": [4, 1]},
								"east": {"uv": [28, 90], "uv_size": [1, 1]},
								"south": {"uv": [83, 80], "uv_size": [4, 1]},
								"west": {"uv": [30, 90], "uv_size": [1, 1]},
								"up": {"uv": [83, 82], "uv_size": [4, 1]},
								"down": {"uv": [29, 85], "uv_size": [4, -1]}
							}
						},
						{
							"origin": [-0.03095, -1.80674, 8.03756],
							"size": [1.20042, 0.35911, 0.14645],
							"pivot": [0.05668, -1.64184, 8.11078],
							"rotation": [0, -22.5, 0],
							"uv": {
								"north": {"uv": [34, 84], "uv_size": [4, 1]},
								"east": {"uv": [32, 90], "uv_size": [1, 1]},
								"south": {"uv": [49, 84], "uv_size": [4, 1]},
								"west": {"uv": [34, 90], "uv_size": [1, 1]},
								"up": {"uv": [54, 84], "uv_size": [4, 1]},
								"down": {"uv": [83, 85], "uv_size": [4, -1]}
							}
						},
						{
							"origin": [-0.78871, 0.35281, 8.5422],
							"size": [0.54139, 1.06206, 1.53773],
							"pivot": [-0.4814, 0.8692, 8.65204],
							"rotation": [0, 0, 37.5],
							"uv": {
								"north": {"uv": [79, 50], "uv_size": [2, 4]},
								"east": {"uv": [70, 63], "uv_size": [5, 4]},
								"south": {"uv": [79, 55], "uv_size": [2, 4]},
								"west": {"uv": [70, 68], "uv_size": [5, 4]},
								"up": {"uv": [56, 76], "uv_size": [2, 5]},
								"down": {"uv": [59, 81], "uv_size": [2, -5]}
							}
						},
						{
							"origin": [0.24731, 0.35281, 8.5422],
							"size": [0.54139, 1.06206, 1.53773],
							"pivot": [0.4814, 0.8692, 8.65204],
							"rotation": [0, 0, -37.5],
							"uv": {
								"north": {"uv": [79, 60], "uv_size": [2, 4]},
								"east": {"uv": [0, 71], "uv_size": [5, 4]},
								"south": {"uv": [79, 65], "uv_size": [2, 4]},
								"west": {"uv": [6, 71], "uv_size": [5, 4]},
								"up": {"uv": [76, 60], "uv_size": [2, 5]},
								"down": {"uv": [76, 71], "uv_size": [2, -5]}
							}
						},
						{
							"origin": [-0.39301, 0.6466, 8.5422],
							"size": [0.78603, 0.84259, 1.54065],
							"uv": {
								"north": {"uv": [77, 37], "uv_size": [3, 3]},
								"east": {"uv": [57, 38], "uv_size": [5, 3]},
								"south": {"uv": [77, 41], "uv_size": [3, 3]},
								"west": {"uv": [75, 31], "uv_size": [5, 3]},
								"up": {"uv": [43, 75], "uv_size": [3, 5]},
								"down": {"uv": [62, 80], "uv_size": [3, -5]}
							}
						},
						{
							"origin": [-0.30201, -2.07035, 2.76313],
							"size": [0.60402, 0.73988, 0.60402],
							"pivot": [0, -1.70042, 3.06514],
							"rotation": [0, -45, 0],
							"uv": {
								"north": {"uv": [63, 67], "uv_size": [2, 3]},
								"east": {"uv": [2, 82], "uv_size": [2, 3]},
								"south": {"uv": [82, 2], "uv_size": [2, 3]},
								"west": {"uv": [5, 82], "uv_size": [2, 3]},
								"up": {"uv": [59, 84], "uv_size": [2, 2]},
								"down": {"uv": [85, 4], "uv_size": [2, -2]}
							}
						},
						{
							"origin": [-0.15556, -3.34447, 2.90958],
							"size": [0.34041, 0.73988, 0.34041],
							"pivot": [0, -2.97453, 3.06514],
							"rotation": [0, -45, 0],
							"uv": {
								"north": {"uv": [37, 58], "uv_size": [1, 3]},
								"east": {"uv": [6, 86], "uv_size": [1, 3]},
								"south": {"uv": [55, 88], "uv_size": [1, 3]},
								"west": {"uv": [88, 58], "uv_size": [1, 3]},
								"up": {"uv": [36, 90], "uv_size": [1, 1]},
								"down": {"uv": [38, 91], "uv_size": [1, -1]}
							}
						},
						{
							"origin": [-0.07704, 1.24299, 6.27223],
							"size": [0.15408, 0.23837, 2.26997],
							"uv": {
								"north": {"uv": [40, 90], "uv_size": [1, 1]},
								"east": {"uv": [79, 70], "uv_size": [8, 1]},
								"south": {"uv": [42, 90], "uv_size": [1, 1]},
								"west": {"uv": [0, 80], "uv_size": [8, 1]},
								"up": {"uv": [9, 80], "uv_size": [1, 8]},
								"down": {"uv": [11, 89], "uv_size": [1, -8]}
							}
						},
						{
							"origin": [-0.07704, 0.95009, 5.93924],
							"size": [0.15408, 0.53127, 0.33299],
							"uv": {
								"north": {"uv": [50, 28], "uv_size": [1, 2]},
								"east": {"uv": [35, 65], "uv_size": [1, 2]},
								"south": {"uv": [43, 68], "uv_size": [1, 2]},
								"west": {"uv": [19, 71], "uv_size": [1, 2]},
								"up": {"uv": [44, 90], "uv_size": [1, 1]},
								"down": {"uv": [46, 91], "uv_size": [1, -1]}
							}
						},
						{
							"origin": [-0.91114, -0.35649, -0.18237],
							"size": [1.78622, 0.73988, 8.72457],
							"pivot": [0.04354, 0.01345, -0.36186],
							"rotation": [0, 0, 45],
							"uv": {
								"north": {"uv": [36, 72], "uv_size": [6, 3]},
								"east": {"uv": [35, 12], "uv_size": [30, 3]},
								"south": {"uv": [55, 72], "uv_size": [6, 3]},
								"west": {"uv": [35, 16], "uv_size": [30, 3]},
								"up": {"uv": [28, 0], "uv_size": [6, 30]},
								"down": {"uv": [0, 61], "uv_size": [6, -30]}
							}
						},
						{
							"origin": [-0.95468, -0.37452, -0.18237],
							"size": [1.78622, 0.73987, 8.72457],
							"pivot": [0, -0.00459, -0.36186],
							"rotation": [0, 0, 90],
							"uv": {
								"north": {"uv": [70, 73], "uv_size": [6, 3]},
								"east": {"uv": [35, 20], "uv_size": [30, 3]},
								"south": {"uv": [19, 74], "uv_size": [6, 3]},
								"west": {"uv": [21, 35], "uv_size": [30, 3]},
								"up": {"uv": [7, 31], "uv_size": [6, 30]},
								"down": {"uv": [14, 61], "uv_size": [6, -30]}
							}
						},
						{
							"origin": [-0.95468, -1.91225, -0.18237],
							"size": [0.92216, 0.88632, 8.72457],
							"pivot": [0, -1.46909, -0.36186],
							"rotation": [0, 0, 90],
							"uv": {
								"north": {"uv": [70, 77], "uv_size": [3, 3]},
								"east": {"uv": [35, 24], "uv_size": [30, 3]},
								"south": {"uv": [77, 72], "uv_size": [3, 3]},
								"west": {"uv": [21, 39], "uv_size": [30, 3]},
								"up": {"uv": [21, 43], "uv_size": [3, 30]},
								"down": {"uv": [25, 73], "uv_size": [3, -30]}
							}
						},
						{
							"origin": [-0.60753, -2.15382, 1.76542],
							"size": [1.21506, 0.30637, 4.1114],
							"pivot": [0, -2.00064, 3.82111],
							"rotation": [0, 0, 90],
							"uv": {
								"north": {"uv": [85, 5], "uv_size": [4, 1]},
								"east": {"uv": [35, 28], "uv_size": [14, 1]},
								"south": {"uv": [85, 7], "uv_size": [4, 1]},
								"west": {"uv": [74, 46], "uv_size": [14, 1]},
								"up": {"uv": [29, 43], "uv_size": [4, 14]},
								"down": {"uv": [34, 57], "uv_size": [4, -14]}
							}
						},
						{
							"origin": [-0.66178, -3.01062, 1.91187],
							"size": [0.92216, 0.88632, 2.28077],
							"pivot": [0, -2.56746, -0.50831],
							"rotation": [0, 0, 90],
							"uv": {
								"north": {"uv": [74, 77], "uv_size": [3, 3]},
								"east": {"uv": [65, 40], "uv_size": [8, 3]},
								"south": {"uv": [78, 0], "uv_size": [3, 3]},
								"west": {"uv": [65, 44], "uv_size": [8, 3]},
								"up": {"uv": [51, 64], "uv_size": [3, 8]},
								"down": {"uv": [66, 8], "uv_size": [3, -8]}
							}
						},
						{
							"origin": [-0.4421, -3.01062, 1.69219],
							"size": [0.70249, 0.88632, 0.21968],
							"pivot": [0, -2.56746, -0.50831],
							"rotation": [0, 0, 90],
							"uv": {
								"north": {"uv": [82, 6], "uv_size": [2, 3]},
								"east": {"uv": [73, 88], "uv_size": [1, 3]},
								"south": {"uv": [82, 10], "uv_size": [2, 3]},
								"west": {"uv": [75, 88], "uv_size": [1, 3]},
								"up": {"uv": [48, 55], "uv_size": [2, 1]},
								"down": {"uv": [45, 63], "uv_size": [2, -1]}
							}
						},
						{
							"origin": [-1.43486, -3.03591, 2.47892],
							"size": [0.17935, 0.89217, 0.31067],
							"pivot": [0, -2.58983, 3.25692],
							"rotation": [0, -45, 90],
							"uv": {
								"north": {"uv": [77, 88], "uv_size": [1, 3]},
								"east": {"uv": [79, 88], "uv_size": [1, 3]},
								"south": {"uv": [88, 80], "uv_size": [1, 3]},
								"west": {"uv": [81, 88], "uv_size": [1, 3]},
								"up": {"uv": [48, 90], "uv_size": [1, 1]},
								"down": {"uv": [50, 91], "uv_size": [1, -1]}
							}
						},
						{
							"origin": [-0.3281, -3.03591, 3.7252],
							"size": [0.18991, 0.89217, 1.91465],
							"pivot": [0, -2.58983, 3.25692],
							"rotation": [0, 30, 90],
							"uv": {
								"north": {"uv": [83, 88], "uv_size": [1, 3]},
								"east": {"uv": [70, 12], "uv_size": [7, 3]},
								"south": {"uv": [85, 88], "uv_size": [1, 3]},
								"west": {"uv": [70, 16], "uv_size": [7, 3]},
								"up": {"uv": [81, 80], "uv_size": [1, 7]},
								"down": {"uv": [0, 89], "uv_size": [1, -7]}
							}
						},
						{
							"origin": [-1.06035, -3.03591, 3.7252],
							"size": [0.73225, 0.89217, 1.4753],
							"pivot": [0, -2.58983, 3.25692],
							"rotation": [0, 30, 90],
							"uv": {
								"north": {"uv": [78, 4], "uv_size": [3, 3]},
								"east": {"uv": [0, 76], "uv_size": [5, 3]},
								"south": {"uv": [78, 8], "uv_size": [3, 3]},
								"west": {"uv": [6, 76], "uv_size": [5, 3]},
								"up": {"uv": [66, 75], "uv_size": [3, 5]},
								"down": {"uv": [29, 81], "uv_size": [3, -5]}
							}
						},
						{
							"origin": [-0.36612, -3.45262, 5.10801],
							"size": [0.84941, 0.88633, 0.36228],
							"pivot": [0, -3.00946, 4.73263],
							"rotation": [0, 0, 90],
							"uv": {
								"north": {"uv": [78, 12], "uv_size": [3, 3]},
								"east": {"uv": [87, 88], "uv_size": [1, 3]},
								"south": {"uv": [78, 16], "uv_size": [3, 3]},
								"west": {"uv": [8, 89], "uv_size": [1, 3]},
								"up": {"uv": [88, 70], "uv_size": [3, 1]},
								"down": {"uv": [88, 77], "uv_size": [3, -1]}
							}
						},
						{
							"origin": [-0.67343, -2.62978, 5.87681],
							"size": [1.34687, 0.30637, 2.66154],
							"pivot": [0, -2.4766, 7.20758],
							"rotation": [0, 0, 90],
							"uv": {
								"north": {"uv": [19, 83], "uv_size": [5, 1]},
								"east": {"uv": [76, 22], "uv_size": [9, 1]},
								"south": {"uv": [83, 37], "uv_size": [5, 1]},
								"west": {"uv": [78, 76], "uv_size": [9, 1]},
								"up": {"uv": [56, 49], "uv_size": [5, 9]},
								"down": {"uv": [57, 37], "uv_size": [5, -9]}
							}
						},
						{
							"origin": [-0.57824, -3.3225, 4.70521],
							"size": [1.12719, 0.30053, 3.92101],
							"pivot": [0, -3.17224, 7.20758],
							"rotation": [0, 25, 90],
							"uv": {
								"north": {"uv": [85, 9], "uv_size": [4, 1]},
								"east": {"uv": [75, 35], "uv_size": [13, 1]},
								"south": {"uv": [85, 11], "uv_size": [4, 1]},
								"west": {"uv": [76, 20], "uv_size": [13, 1]},
								"up": {"uv": [51, 43], "uv_size": [4, 13]},
								"down": {"uv": [52, 41], "uv_size": [4, -13]}
							}
						},
						{
							"origin": [0.72516, -3.08023, 8.26131],
							"size": [0.61417, 0.30052, 0.42187],
							"pivot": [0, -2.92996, 6.72268],
							"rotation": [0, 0, 90],
							"uv": {
								"north": {"uv": [13, 89], "uv_size": [2, 1]},
								"east": {"uv": [52, 90], "uv_size": [1, 1]},
								"south": {"uv": [16, 89], "uv_size": [2, 1]},
								"west": {"uv": [90, 58], "uv_size": [1, 1]},
								"up": {"uv": [19, 89], "uv_size": [2, 1]},
								"down": {"uv": [89, 31], "uv_size": [2, -1]}
							}
						},
						{
							"origin": [-0.54462, -1.69305, 8.07356],
							"size": [0.805, 0.30052, 0.46479],
							"pivot": [0, -1.54278, 3.74954],
							"rotation": [0, 0, 90],
							"uv": {
								"north": {"uv": [88, 84], "uv_size": [3, 1]},
								"east": {"uv": [89, 32], "uv_size": [2, 1]},
								"south": {"uv": [89, 0], "uv_size": [3, 1]},
								"west": {"uv": [89, 34], "uv_size": [2, 1]},
								"up": {"uv": [82, 14], "uv_size": [3, 2]},
								"down": {"uv": [82, 19], "uv_size": [3, -2]}
							}
						}
					]
				},
				{
					"name": "bone51",
					"parent": "stock",
					"pivot": [0, 0.05698, -0.05249],
					"cubes": [
						{
							"origin": [-0.95383, -0.3937, -0.17809],
							"size": [1.94698, 0.80647, 0.17799],
							"pivot": [-0.04746, 0.00953, -0.37374],
							"rotation": [0, 0, -45],
							"uv": {
								"north": {"uv": [67, 25], "uv_size": [7, 3]},
								"east": {"uv": [61, 88], "uv_size": [1, 3]},
								"south": {"uv": [67, 29], "uv_size": [7, 3]},
								"west": {"uv": [88, 62], "uv_size": [1, 3]},
								"up": {"uv": [81, 31], "uv_size": [7, 1]},
								"down": {"uv": [81, 34], "uv_size": [7, -1]}
							}
						},
						{
							"origin": [-0.97349, -0.34625, -0.17809],
							"size": [1.94698, 0.80647, 0.17799],
							"uv": {
								"north": {"uv": [67, 33], "uv_size": [7, 3]},
								"east": {"uv": [63, 88], "uv_size": [1, 3]},
								"south": {"uv": [35, 68], "uv_size": [7, 3]},
								"west": {"uv": [65, 88], "uv_size": [1, 3]},
								"up": {"uv": [42, 81], "uv_size": [7, 1]},
								"down": {"uv": [62, 82], "uv_size": [7, -1]}
							}
						},
						{
							"origin": [-0.99314, -0.3937, -0.17809],
							"size": [1.94698, 0.80647, 0.17799],
							"pivot": [0.04746, 0.00953, -0.37374],
							"rotation": [0, 0, 45],
							"uv": {
								"north": {"uv": [55, 68], "uv_size": [7, 3]},
								"east": {"uv": [88, 66], "uv_size": [1, 3]},
								"south": {"uv": [70, 0], "uv_size": [7, 3]},
								"west": {"uv": [67, 88], "uv_size": [1, 3]},
								"up": {"uv": [70, 81], "uv_size": [7, 1]},
								"down": {"uv": [81, 73], "uv_size": [7, -1]}
							}
						},
						{
							"origin": [-1.0406, -0.41336, -0.17809],
							"size": [1.94698, 0.80646, 0.17799],
							"pivot": [0, -0.01013, -0.37374],
							"rotation": [0, 0, 90],
							"uv": {
								"north": {"uv": [70, 4], "uv_size": [7, 3]},
								"east": {"uv": [69, 88], "uv_size": [1, 3]},
								"south": {"uv": [70, 8], "uv_size": [7, 3]},
								"west": {"uv": [71, 88], "uv_size": [1, 3]},
								"up": {"uv": [81, 74], "uv_size": [7, 1]},
								"down": {"uv": [81, 79], "uv_size": [7, -1]}
							}
						}
					]
				}
			]
		}
	]
}