{
	"format_version": "1.12.0",
	"minecraft:geometry": [
		{
			"description": {
				"identifier": "geometry.stock_carbon_bone_c5",
				"texture_width": 128,
				"texture_height": 128,
				"visible_bounds_width": 3,
				"visible_bounds_height": 1.5,
				"visible_bounds_offset": [0, 0.25, 0]
			},
			"bones": [
				{
					"name": "stock",
					"pivot": [0, -1.56732, 5.1995],
					"cubes": [
						{
							"origin": [-0.33185, -0.29347, -0.24378],
							"size": [0.66371, 1.3066, 8.82699],
							"uv": {
								"north": {"uv": [73, 62], "uv_size": [3, 5]},
								"up": {"uv": [0, 34], "uv_size": [3, 35]},
								"down": {"uv": [4, 69], "uv_size": [3, -35]}
							}
						},
						{
							"origin": [-0.3931, 0.25778, 8.57622],
							"size": [0.78621, 0.75535, 0.74199],
							"uv": {
								"south": {"uv": [65, 79], "uv_size": [3, 3]},
								"up": {"uv": [79, 67], "uv_size": [3, 3]}
							}
						},
						{
							"origin": [0.23797, -0.00964, 8.57622],
							"size": [0.41871, 0.90235, 0.74199],
							"pivot": [0.32483, 0.51503, 8.94721],
							"rotation": [0, 0, -33.5],
							"uv": {
								"east": {"uv": [8, 74], "uv_size": [3, 4]},
								"south": {"uv": [69, 79], "uv_size": [2, 4]},
								"west": {"uv": [61, 75], "uv_size": [3, 4]}
							}
						},
						{
							"origin": [-0.69725, 0.00257, 8.57622],
							"size": [0.41871, 0.90235, 0.74199],
							"pivot": [-0.36539, 0.45374, 8.94721],
							"rotation": [0, 0, 33.5],
							"uv": {
								"east": {"uv": [30, 76], "uv_size": [3, 4]},
								"south": {"uv": [79, 71], "uv_size": [2, 4]},
								"west": {"uv": [34, 76], "uv_size": [3, 4]}
							}
						},
						{
							"origin": [-0.89114, -3.47847, 8.57622],
							"size": [1.78229, 3.73915, 0.74199],
							"uv": {
								"north": {"uv": [20, 38], "uv_size": [7, 15]},
								"east": {"uv": [54, 59], "uv_size": [3, 15]},
								"south": {"uv": [28, 38], "uv_size": [7, 15]},
								"west": {"uv": [58, 59], "uv_size": [3, 15]},
								"up": {"uv": [57, 24], "uv_size": [7, 3]},
								"down": {"uv": [4, 73], "uv_size": [7, -3]}
							}
						},
						{
							"origin": [-0.58489, -5.54952, 8.0312],
							"size": [1.16979, 2.26914, 0.74199],
							"pivot": [0, -5.14995, 8.40219],
							"rotation": [-17.5, 0, 0],
							"uv": {
								"north": {"uv": [8, 60], "uv_size": [5, 9]},
								"east": {"uv": [65, 59], "uv_size": [3, 9]},
								"south": {"uv": [14, 60], "uv_size": [5, 9]},
								"west": {"uv": [66, 9], "uv_size": [3, 9]},
								"up": {"uv": [73, 68], "uv_size": [5, 3]},
								"down": {"uv": [73, 75], "uv_size": [5, -3]}
							}
						},
						{
							"origin": [-0.58489, -5.72552, 7.84928],
							"size": [1.16979, 0.55414, 0.19074],
							"pivot": [0, -5.57095, 7.91403],
							"rotation": [-45, 0, 0],
							"uv": {
								"north": {"uv": [54, 78], "uv_size": [5, 2]},
								"east": {"uv": [34, 68], "uv_size": [1, 2]},
								"south": {"uv": [8, 79], "uv_size": [5, 2]},
								"west": {"uv": [46, 76], "uv_size": [1, 2]},
								"up": {"uv": [57, 22], "uv_size": [5, 1]},
								"down": {"uv": [83, 18], "uv_size": [5, -1]}
							}
						},
						{
							"origin": [-0.58489, -5.58113, 7.3427],
							"size": [1.16979, 0.35814, 0.19074],
							"pivot": [0, -5.42656, 7.4687],
							"rotation": [25, 0, 0],
							"uv": {
								"north": {"uv": [83, 69], "uv_size": [5, 1]},
								"east": {"uv": [8, 58], "uv_size": [1, 1]},
								"south": {"uv": [0, 85], "uv_size": [5, 1]},
								"west": {"uv": [34, 71], "uv_size": [1, 1]},
								"up": {"uv": [85, 11], "uv_size": [5, 1]},
								"down": {"uv": [12, 86], "uv_size": [5, -1]}
							}
						},
						{
							"origin": [-0.58489, -5.73861, 7.44914],
							"size": [1.16979, 0.2234, 0.49699],
							"pivot": [0, -5.58404, 7.82014],
							"rotation": [-17.5, 0, 0],
							"uv": {
								"north": {"uv": [85, 41], "uv_size": [5, 1]},
								"east": {"uv": [21, 86], "uv_size": [2, 1]},
								"south": {"uv": [85, 43], "uv_size": [5, 1]},
								"west": {"uv": [86, 21], "uv_size": [2, 1]},
								"up": {"uv": [79, 11], "uv_size": [5, 2]},
								"down": {"uv": [14, 81], "uv_size": [5, -2]}
							}
						},
						{
							"origin": [0.42363, -5.57402, 8.25908],
							"size": [0.31229, 2.29364, 0.74199],
							"pivot": [0.57978, -4.4272, 8.63008],
							"rotation": [-17.35932, 2.24944, 7.15656],
							"uv": {
								"north": {"uv": [8, 34], "uv_size": [1, 9]},
								"east": {"uv": [66, 19], "uv_size": [3, 9]},
								"south": {"uv": [44, 0], "uv_size": [1, 9]},
								"west": {"uv": [69, 59], "uv_size": [3, 9]},
								"up": {"uv": [44, 20], "uv_size": [1, 3]},
								"down": {"uv": [8, 57], "uv_size": [1, -3]}
							}
						},
						{
							"origin": [-0.73592, -5.57402, 8.25908],
							"size": [0.31229, 2.29364, 0.74199],
							"pivot": [-0.57977, -4.4272, 8.63008],
							"rotation": [-17.35932, -2.24944, -7.15656],
							"uv": {
								"north": {"uv": [8, 44], "uv_size": [1, 9]},
								"east": {"uv": [65, 69], "uv_size": [3, 9]},
								"south": {"uv": [44, 10], "uv_size": [1, 9]},
								"west": {"uv": [69, 69], "uv_size": [3, 9]},
								"up": {"uv": [34, 60], "uv_size": [1, 3]},
								"down": {"uv": [34, 67], "uv_size": [1, -3]}
							}
						},
						{
							"origin": [-0.33185, 1.19688, 6.61622],
							"size": [0.66371, 0.2041, 1.66074],
							"uv": {
								"east": {"uv": [57, 28], "uv_size": [7, 1]},
								"west": {"uv": [79, 48], "uv_size": [7, 1]},
								"up": {"uv": [70, 9], "uv_size": [3, 7]},
								"down": {"uv": [12, 77], "uv_size": [3, -7]}
							}
						},
						{
							"origin": [-0.33185, 0.53512, 7.82622],
							"size": [0.66371, 0.2041, 0.48474],
							"pivot": [0, 0.63716, 8.68721],
							"rotation": [-55, 0, 0],
							"uv": {
								"east": {"uv": [86, 23], "uv_size": [2, 1]},
								"west": {"uv": [86, 25], "uv_size": [2, 1]},
								"up": {"uv": [12, 82], "uv_size": [3, 2]},
								"down": {"uv": [16, 84], "uv_size": [3, -2]}
							}
						},
						{
							"origin": [-0.33185, 1.03685, 6.32104],
							"size": [0.66371, 0.2041, 0.48474],
							"pivot": [0, 1.1389, 6.55728],
							"rotation": [55, 0, 0],
							"uv": {
								"east": {"uv": [29, 86], "uv_size": [2, 1]},
								"west": {"uv": [32, 86], "uv_size": [2, 1]},
								"up": {"uv": [82, 19], "uv_size": [3, 2]},
								"down": {"uv": [82, 24], "uv_size": [3, -2]}
							}
						},
						{
							"origin": [-1.54946, -1.03885, 0.24622],
							"size": [3.09891, 0.50162, 8.33699],
							"uv": {
								"north": {"uv": [63, 50], "uv_size": [12, 2]},
								"east": {"uv": [50, 30], "uv_size": [33, 2]},
								"south": {"uv": [63, 53], "uv_size": [12, 2]},
								"west": {"uv": [56, 33], "uv_size": [33, 2]}
							}
						},
						{
							"origin": [-1.10813, -1.48017, 0.24622],
							"size": [2.21627, 0.50163, 8.33699],
							"uv": {
								"north": {"uv": [72, 36], "uv_size": [9, 2]},
								"south": {"uv": [72, 39], "uv_size": [9, 2]},
								"down": {"uv": [0, 33], "uv_size": [9, -33]}
							}
						},
						{
							"origin": [-0.18938, -2.21517, 1.16497],
							"size": [0.37877, 0.74663, 7.41824],
							"uv": {
								"north": {"uv": [23, 82], "uv_size": [2, 3]},
								"east": {"uv": [48, 42], "uv_size": [30, 3]},
								"west": {"uv": [48, 46], "uv_size": [30, 3]}
							}
						},
						{
							"origin": [-0.25063, -2.04367, 1.27522],
							"size": [0.50127, 0.40425, 0.40425],
							"pivot": [0, -1.88442, 1.49572],
							"rotation": [-45, 0, 0],
							"uv": {
								"north": {"uv": [26, 82], "uv_size": [2, 2]},
								"east": {"uv": [51, 84], "uv_size": [2, 2]},
								"south": {"uv": [67, 84], "uv_size": [2, 2]},
								"west": {"uv": [18, 85], "uv_size": [2, 2]},
								"up": {"uv": [26, 85], "uv_size": [2, 2]},
								"down": {"uv": [85, 47], "uv_size": [2, -2]}
							}
						},
						{
							"origin": [-0.75063, -2.73117, 6.83772],
							"size": [1.50127, 0.40425, 0.40425],
							"pivot": [0, -2.57192, 7.05822],
							"rotation": [-45, 0, 0],
							"uv": {
								"north": {"uv": [26, 82], "uv_size": [2, 2]},
								"east": {"uv": [51, 84], "uv_size": [2, 2]},
								"south": {"uv": [67, 84], "uv_size": [2, 2]},
								"west": {"uv": [18, 85], "uv_size": [2, 2]},
								"up": {"uv": [26, 85], "uv_size": [2, 2]},
								"down": {"uv": [85, 47], "uv_size": [2, -2]}
							}
						},
						{
							"origin": [-0.18938, -3.34154, 5.15847],
							"size": [0.37877, 1.12637, 3.42474],
							"uv": {
								"north": {"uv": [0, 79], "uv_size": [2, 5]},
								"east": {"uv": [48, 50], "uv_size": [14, 5]},
								"south": {"uv": [20, 79], "uv_size": [2, 5]},
								"west": {"uv": [20, 54], "uv_size": [14, 5]},
								"up": {"uv": [62, 59], "uv_size": [2, 14]},
								"down": {"uv": [63, 23], "uv_size": [2, -14]}
							}
						},
						{
							"origin": [-0.43438, -2.23904, 5.64847],
							"size": [0.86877, 0.14637, 2.93474],
							"uv": {
								"east": {"uv": [75, 28], "uv_size": [12, 1]},
								"west": {"uv": [76, 50], "uv_size": [12, 1]},
								"up": {"uv": [26, 60], "uv_size": [3, 12]},
								"down": {"uv": [30, 72], "uv_size": [3, -12]}
							}
						},
						{
							"origin": [-0.43438, -3.44275, 5.90441],
							"size": [0.86877, 0.14637, 0.48474],
							"pivot": [0, -3.36956, 4.92178],
							"rotation": [57.5, 0, 0],
							"uv": {
								"east": {"uv": [35, 86], "uv_size": [2, 1]},
								"west": {"uv": [86, 36], "uv_size": [2, 1]},
								"up": {"uv": [82, 25], "uv_size": [3, 2]},
								"down": {"uv": [82, 38], "uv_size": [3, -2]}
							}
						},
						{
							"origin": [-0.61813, -4.6194, 5.2062],
							"size": [1.23627, 2.16408, 0.47976],
							"pivot": [0, -3.53559, 5.54657],
							"rotation": [-5, 0, 0],
							"uv": {
								"north": {"uv": [20, 60], "uv_size": [5, 9]},
								"east": {"uv": [48, 72], "uv_size": [2, 9]},
								"west": {"uv": [51, 72], "uv_size": [2, 9]},
								"up": {"uv": [23, 79], "uv_size": [5, 2]}
							}
						},
						{
							"origin": [-0.625, -5.08, 5.37812],
							"size": [1.25, 2.21662, 2.94699],
							"pivot": [0, -3.97168, 6.85161],
							"rotation": [-17.5, 0, 0],
							"uv": {
								"east": {"uv": [20, 24], "uv_size": [12, 9]},
								"west": {"uv": [33, 24], "uv_size": [12, 9]},
								"up": {"uv": [57, 9], "uv_size": [5, 12]},
								"down": {"uv": [48, 71], "uv_size": [5, -12]}
							}
						},
						{
							"origin": [-0.74063, -2.46017, 1.65497],
							"size": [1.48127, 0.25662, 3.49824],
							"uv": {
								"north": {"uv": [82, 39], "uv_size": [6, 1]},
								"east": {"uv": [56, 36], "uv_size": [14, 1]},
								"south": {"uv": [47, 82], "uv_size": [6, 1]},
								"west": {"uv": [74, 9], "uv_size": [14, 1]},
								"up": {"uv": [50, 0], "uv_size": [6, 14]},
								"down": {"uv": [50, 29], "uv_size": [6, -14]}
							}
						},
						{
							"origin": [-0.4369, -2.21517, 1.89997],
							"size": [0.87378, 0.44037, 2.02824],
							"uv": {
								"east": {"uv": [26, 73], "uv_size": [8, 2]},
								"west": {"uv": [73, 59], "uv_size": [8, 2]},
								"up": {"uv": [0, 70], "uv_size": [3, 8]}
							}
						},
						{
							"origin": [-0.29963, -2.21517, 2.35322],
							"size": [0.59927, 0.93037, 0.5635],
							"pivot": [0, -1.99498, 2.63497],
							"rotation": [0, -45, 0],
							"uv": {
								"north": {"uv": [3, 80], "uv_size": [2, 4]},
								"east": {"uv": [80, 14], "uv_size": [2, 4]},
								"south": {"uv": [60, 80], "uv_size": [2, 4]},
								"west": {"uv": [77, 80], "uv_size": [2, 4]},
								"up": {"uv": [57, 85], "uv_size": [2, 2]},
								"down": {"uv": [60, 87], "uv_size": [2, -2]}
							}
						},
						{
							"origin": [-0.21388, -2.82767, 2.43897],
							"size": [0.42777, 0.93038, 0.392],
							"pivot": [0, -2.60748, 2.63497],
							"rotation": [0, -45, 0],
							"uv": {
								"north": {"uv": [80, 80], "uv_size": [2, 4]},
								"east": {"uv": [29, 81], "uv_size": [2, 4]},
								"south": {"uv": [32, 81], "uv_size": [2, 4]},
								"west": {"uv": [35, 81], "uv_size": [2, 4]},
								"down": {"uv": [70, 87], "uv_size": [2, -2]}
							}
						},
						{
							"origin": [-0.43438, -2.40495, 3.85651],
							"size": [0.86877, 0.41587, 1.26874],
							"pivot": [0, -2.20926, 4.87063],
							"rotation": [-12.5, 0, 0],
							"uv": {
								"east": {"uv": [79, 42], "uv_size": [5, 2]},
								"south": {"uv": [82, 56], "uv_size": [3, 2]},
								"west": {"uv": [79, 45], "uv_size": [5, 2]},
								"up": {"uv": [4, 74], "uv_size": [3, 5]}
							}
						},
						{
							"origin": [-0.43438, -2.57324, 1.7635],
							"size": [0.86877, 0.46487, 0.16624],
							"pivot": [0, -2.32855, 2.77762],
							"rotation": [-20, 0, 0],
							"uv": {
								"north": {"uv": [82, 59], "uv_size": [3, 2]},
								"east": {"uv": [63, 80], "uv_size": [1, 2]},
								"west": {"uv": [75, 81], "uv_size": [1, 2]}
							}
						},
						{
							"origin": [1.13371, -0.47594, 0.24622],
							"size": [0.64891, 0.62412, 8.33699],
							"pivot": [0.23317, -0.16388, 4.16971],
							"rotation": [0, 0, 45],
							"uv": {
								"north": {"uv": [82, 71], "uv_size": [3, 2]},
								"east": {"uv": [48, 56], "uv_size": [33, 2]},
								"south": {"uv": [82, 74], "uv_size": [3, 2]},
								"west": {"uv": [57, 0], "uv_size": [33, 2]},
								"up": {"uv": [36, 42], "uv_size": [3, 33]},
								"down": {"uv": [40, 75], "uv_size": [3, -33]}
							}
						},
						{
							"origin": [-1.42383, -1.34214, 0.24622],
							"size": [0.64891, 0.62412, 8.33699],
							"pivot": [-1.09937, -1.03008, 4.16971],
							"rotation": [0, 0, -45],
							"uv": {
								"north": {"uv": [82, 77], "uv_size": [3, 2]},
								"east": {"uv": [57, 3], "uv_size": [33, 2]},
								"south": {"uv": [83, 14], "uv_size": [3, 2]},
								"west": {"uv": [57, 6], "uv_size": [33, 2]},
								"up": {"uv": [44, 42], "uv_size": [3, 33]},
								"down": {"uv": [46, 33], "uv_size": [3, -33]}
							}
						},
						{
							"origin": [-1.01649, 0.03492, -0.24378],
							"size": [1.03121, 0.8166, 8.82699],
							"pivot": [-0.50089, 0.19822, 4.16971],
							"rotation": [0, 0, 50],
							"uv": {
								"north": {"uv": [74, 11], "uv_size": [4, 3]},
								"east": {"uv": [20, 34], "uv_size": [35, 3]},
								"south": {"uv": [75, 15], "uv_size": [4, 3]},
								"down": {"uv": [10, 59], "uv_size": [4, -35]}
							}
						},
						{
							"origin": [-1.23063, -0.89897, 0.24622],
							"size": [1.03121, 1.1841, 8.33699],
							"pivot": [-0.71503, -0.12317, 4.16971],
							"rotation": [0, 0, 30],
							"uv": {
								"north": {"uv": [16, 70], "uv_size": [4, 5]},
								"east": {"uv": [10, 0], "uv_size": [33, 5]},
								"south": {"uv": [70, 17], "uv_size": [4, 5]},
								"west": {"uv": [10, 6], "uv_size": [33, 5]}
							}
						},
						{
							"origin": [-0.45682, -0.89897, 0.24622],
							"size": [1.68746, 1.1841, 8.33699],
							"pivot": [0.71503, -0.12317, 4.16971],
							"rotation": [0, 0, -30],
							"uv": {
								"north": {"uv": [21, 70], "uv_size": [4, 5]},
								"east": {"uv": [10, 12], "uv_size": [33, 5]},
								"south": {"uv": [70, 23], "uv_size": [4, 5]},
								"west": {"uv": [10, 18], "uv_size": [33, 5]}
							}
						},
						{
							"origin": [0.44443, -0.04367, -0.24759],
							"size": [0.78621, 0.3288, 0.49381],
							"pivot": [0.71503, -0.12317, 3.67971],
							"rotation": [0, 0, -30],
							"uv": {
								"north": {"uv": [73, 85], "uv_size": [3, 1]},
								"east": {"uv": [38, 86], "uv_size": [2, 1]},
								"south": {"uv": [77, 85], "uv_size": [3, 1]},
								"west": {"uv": [41, 86], "uv_size": [2, 1]},
								"up": {"uv": [63, 83], "uv_size": [3, 2]},
								"down": {"uv": [83, 68], "uv_size": [3, -2]}
							}
						},
						{
							"origin": [-1.23063, -0.04366, -0.24759],
							"size": [0.78621, 0.3288, 0.49381],
							"pivot": [-0.71503, -0.12317, 3.67971],
							"rotation": [0, 0, 30],
							"uv": {
								"north": {"uv": [6, 86], "uv_size": [3, 1]},
								"east": {"uv": [44, 86], "uv_size": [2, 1]},
								"south": {"uv": [86, 19], "uv_size": [3, 1]},
								"west": {"uv": [54, 86], "uv_size": [2, 1]},
								"up": {"uv": [83, 80], "uv_size": [3, 2]},
								"down": {"uv": [83, 85], "uv_size": [3, -2]}
							}
						},
						{
							"origin": [-1.32141, -0.7608, -0.03052],
							"size": [0.775, 0.98761, 0.4454],
							"pivot": [-0.93952, -0.26699, 0.19218],
							"rotation": [30, 0, 30],
							"uv": {
								"north": {"uv": [38, 76], "uv_size": [3, 4]},
								"east": {"uv": [38, 81], "uv_size": [2, 4]},
								"south": {"uv": [42, 76], "uv_size": [3, 4]},
								"west": {"uv": [41, 81], "uv_size": [2, 4]},
								"up": {"uv": [84, 30], "uv_size": [3, 2]},
								"down": {"uv": [47, 86], "uv_size": [3, -2]}
							}
						},
						{
							"origin": [0.56433, -0.82766, -0.03052],
							"size": [0.775, 0.98762, 0.4454],
							"pivot": [0.82372, -0.33385, 0.19218],
							"rotation": [30, 0, -30],
							"uv": {
								"north": {"uv": [73, 76], "uv_size": [3, 4]},
								"east": {"uv": [44, 81], "uv_size": [2, 4]},
								"south": {"uv": [77, 62], "uv_size": [3, 4]},
								"west": {"uv": [54, 81], "uv_size": [2, 4]},
								"up": {"uv": [84, 52], "uv_size": [3, 2]},
								"down": {"uv": [84, 64], "uv_size": [3, -2]}
							}
						},
						{
							"origin": [-0.01472, 0.03492, -0.24378],
							"size": [1.03121, 0.8166, 8.82699],
							"pivot": [0.50089, 0.19822, 4.16971],
							"rotation": [0, 0, -50],
							"uv": {
								"north": {"uv": [76, 52], "uv_size": [4, 3]},
								"south": {"uv": [77, 76], "uv_size": [4, 3]},
								"west": {"uv": [36, 38], "uv_size": [35, 3]},
								"down": {"uv": [15, 59], "uv_size": [4, -35]}
							}
						}
					]
				},
				{
					"name": "bone90",
					"parent": "stock",
					"pivot": [0, -2.54089, 7.09134],
					"cubes": [
						{
							"origin": [-0.69339, -2.958, 6.85053],
							"size": [1.38679, 0.83421, 0.48163],
							"uv": {
								"east": {"uv": [81, 52], "uv_size": [2, 3]},
								"west": {"uv": [57, 81], "uv_size": [2, 3]},
								"up": {"uv": [75, 19], "uv_size": [6, 2]},
								"down": {"uv": [75, 24], "uv_size": [6, -2]}
							}
						},
						{
							"origin": [-0.69339, -2.9807, 6.88984],
							"size": [1.38679, 0.83421, 0.48163],
							"pivot": [0, -2.51819, 7.13066],
							"rotation": [-60, 0, 0],
							"uv": {
								"east": {"uv": [81, 62], "uv_size": [2, 3]},
								"west": {"uv": [72, 81], "uv_size": [2, 3]},
								"up": {"uv": [75, 25], "uv_size": [6, 2]},
								"down": {"uv": [54, 77], "uv_size": [6, -2]}
							}
						},
						{
							"origin": [-0.69339, -2.9807, 6.81121],
							"size": [1.38679, 0.83421, 0.48163],
							"pivot": [0, -2.51819, 7.05202],
							"rotation": [60, 0, 0],
							"uv": {
								"east": {"uv": [6, 82], "uv_size": [2, 3]},
								"west": {"uv": [9, 82], "uv_size": [2, 3]},
								"up": {"uv": [16, 76], "uv_size": [6, 2]},
								"down": {"uv": [23, 78], "uv_size": [6, -2]}
							}
						}
					]
				}
			]
		}
	]
}