{
	"format_version": "1.12.0",
	"minecraft:geometry": [
		{
			"description": {
				"identifier": "geometry.stock_carbon_bone_c5",
				"texture_width": 32,
				"texture_height": 32,
				"visible_bounds_width": 3,
				"visible_bounds_height": 1.5,
				"visible_bounds_offset": [0, 0.25, 0]
			},
			"bones": [
				{
					"name": "stock",
					"pivot": [-0.00012, -1.46867, 4.86095],
					"cubes": [
						{
							"origin": [-0.39422, 0.0379, -0.23924],
							"size": [1.04367, 0.45197, 7.93412],
							"pivot": [0.41505, 0.15466, 3.72782],
							"rotation": [0, 0, 60],
							"uv": {
								"north": {"uv": [22, 17], "uv_size": [1, 0.5]},
								"east": {"uv": [3, 14], "uv_size": [7.875, 0.5]},
								"south": {"uv": [18, 22], "uv_size": [1, 0.5]},
								"west": {"uv": [11, 14], "uv_size": [7.875, 0.5]},
								"up": {"uv": [0, 8], "uv_size": [1, 7.875]},
								"down": {"uv": [8, 7.875], "uv_size": [1, -7.875]}
							}
						},
						{
							"origin": [-0.86506, -0.14266, -0.23924],
							"size": [1.61854, 0.60144, 7.93412],
							"pivot": [0, 0.15806, 1.79991],
							"rotation": [0, 0, 90],
							"uv": {
								"north": {"uv": [21, 4], "uv_size": [1.625, 0.625]},
								"east": {"uv": [13, 2], "uv_size": [7.875, 0.625]},
								"south": {"uv": [5, 21], "uv_size": [1.625, 0.625]},
								"west": {"uv": [13, 3], "uv_size": [7.875, 0.625]},
								"up": {"uv": [0, 0], "uv_size": [1.625, 7.875]},
								"down": {"uv": [2, 7.875], "uv_size": [1.625, -7.875]}
							}
						},
						{
							"origin": [-0.80757, -0.2399, 7.46609],
							"size": [0.9287, 0.71641, 0.27691],
							"pivot": [0.05749, 0.17579, 1.84803],
							"rotation": [0, 0, 90],
							"uv": {
								"north": {"uv": [21, 13], "uv_size": [0.875, 0.75]},
								"east": {"uv": [25, 16], "uv_size": [0.25, 0.75]},
								"south": {"uv": [21, 14], "uv_size": [0.875, 0.75]},
								"west": {"uv": [17, 25], "uv_size": [0.25, 0.75]},
								"up": {"uv": [25, 13], "uv_size": [0.875, 0.25]},
								"down": {"uv": [14, 25.25], "uv_size": [0.875, -0.25]}
							}
						},
						{
							"origin": [-0.64945, 0.0379, -0.23924],
							"size": [1.04367, 0.45197, 7.93412],
							"pivot": [-0.41505, 0.15466, 3.72782],
							"rotation": [0, 0, -60],
							"uv": {
								"north": {"uv": [22, 18], "uv_size": [1, 0.5]},
								"east": {"uv": [15, 0], "uv_size": [7.875, 0.5]},
								"south": {"uv": [19, 22], "uv_size": [1, 0.5]},
								"west": {"uv": [15, 1], "uv_size": [7.875, 0.5]},
								"up": {"uv": [1, 8], "uv_size": [1, 7.875]},
								"down": {"uv": [2, 15.875], "uv_size": [1, -7.875]}
							}
						},
						{
							"origin": [-0.64945, -0.74749, -0.23924],
							"size": [0.26185, 0.56694, 7.93412],
							"pivot": [-0.41505, -0.51576, 3.72782],
							"rotation": [0, 0, -60],
							"uv": {
								"north": {"uv": [25, 21], "uv_size": [0.25, 0.625]},
								"east": {"uv": [13, 4], "uv_size": [7.875, 0.625]},
								"south": {"uv": [22, 25], "uv_size": [0.25, 0.625]},
								"west": {"uv": [13, 5], "uv_size": [7.875, 0.625]},
								"up": {"uv": [11, 15], "uv_size": [0.25, 7.875]},
								"down": {"uv": [12, 22.875], "uv_size": [0.25, -7.875]}
							}
						},
						{
							"origin": [0.38067, -0.86297, -0.23924],
							"size": [0.26185, 0.56694, 7.93412],
							"pivot": [0.5116, -0.5795, 3.72782],
							"rotation": [0, 0, 60],
							"uv": {
								"north": {"uv": [25, 22], "uv_size": [0.25, 0.625]},
								"east": {"uv": [13, 6], "uv_size": [7.875, 0.625]},
								"south": {"uv": [23, 25], "uv_size": [0.25, 0.625]},
								"west": {"uv": [13, 7], "uv_size": [7.875, 0.625]},
								"up": {"uv": [13, 15], "uv_size": [0.25, 7.875]},
								"down": {"uv": [14, 22.875], "uv_size": [0.25, -7.875]}
							}
						},
						{
							"origin": [-0.70694, 0.05564, 7.46609],
							"size": [1.04367, 0.45197, 0.27691],
							"pivot": [-0.47254, 0.1724, 3.72995],
							"rotation": [0, 0, -60],
							"uv": {
								"north": {"uv": [22, 19], "uv_size": [1, 0.5]},
								"east": {"uv": [11, 26], "uv_size": [0.25, 0.5]},
								"south": {"uv": [20, 22], "uv_size": [1, 0.5]},
								"west": {"uv": [26, 11], "uv_size": [0.25, 0.5]},
								"up": {"uv": [25, 10], "uv_size": [1, 0.25]},
								"down": {"uv": [11, 25.25], "uv_size": [1, -0.25]}
							}
						},
						{
							"origin": [-0.09842, 0.24995, 7.46609],
							"size": [1.04367, 0.45197, 0.27691],
							"pivot": [0.42341, 0.47594, 7.60454],
							"rotation": [0, 0, 60],
							"uv": {
								"north": {"uv": [21, 22], "uv_size": [1, 0.5]},
								"east": {"uv": [12, 26], "uv_size": [0.25, 0.5]},
								"south": {"uv": [22, 22], "uv_size": [1, 0.5]},
								"west": {"uv": [26, 12], "uv_size": [0.25, 0.5]},
								"up": {"uv": [25, 11], "uv_size": [1, 0.25]},
								"down": {"uv": [12, 25.25], "uv_size": [1, -0.25]}
							}
						},
						{
							"origin": [-0.82255, -0.55115, -0.23924],
							"size": [1.64511, 0.67042, 7.93412],
							"uv": {
								"north": {"uv": [21, 5], "uv_size": [1.625, 0.625]},
								"east": {"uv": [13, 8], "uv_size": [7.875, 0.625]},
								"south": {"uv": [21, 6], "uv_size": [1.625, 0.625]},
								"west": {"uv": [13, 9], "uv_size": [7.875, 0.625]},
								"up": {"uv": [4, 0], "uv_size": [1.625, 7.875]},
								"down": {"uv": [6, 7.875], "uv_size": [1.625, -7.875]}
							}
						},
						{
							"origin": [-0.36266, -1.12602, 0.10568],
							"size": [0.72532, 0.61293, 7.35925],
							"uv": {
								"north": {"uv": [23, 4], "uv_size": [0.75, 0.625]},
								"east": {"uv": [13, 10], "uv_size": [7.375, 0.625]},
								"south": {"uv": [23, 5], "uv_size": [0.75, 0.625]},
								"west": {"uv": [13, 11], "uv_size": [7.375, 0.625]},
								"up": {"uv": [11, 6], "uv_size": [0.75, 7.375]},
								"down": {"uv": [12, 13.375], "uv_size": [0.75, -7.375]}
							}
						},
						{
							"origin": [-0.47763, -1.47094, 2.33616],
							"size": [0.95527, 0.314, 2.53038],
							"pivot": [0, -1.16447, 3.78531],
							"rotation": [-10, 0, 0],
							"uv": {
								"north": {"uv": [24, 7], "uv_size": [1, 0.375]},
								"east": {"uv": [21, 7], "uv_size": [2.5, 0.375]},
								"south": {"uv": [24, 8], "uv_size": [1, 0.375]},
								"west": {"uv": [21, 8], "uv_size": [2.5, 0.375]},
								"up": {"uv": [5, 15], "uv_size": [1, 2.5]},
								"down": {"uv": [6, 17.5], "uv_size": [1, -2.5]}
							}
						},
						{
							"origin": [-0.70758, -1.49393, 4.86557],
							"size": [1.41516, 0.337, 1.01273],
							"pivot": [0, -1.16447, 3.78531],
							"rotation": [-10, 0, 0],
							"uv": {
								"north": {"uv": [22, 13], "uv_size": [1.375, 0.375]},
								"east": {"uv": [24, 10], "uv_size": [1, 0.375]},
								"south": {"uv": [22, 14], "uv_size": [1.375, 0.375]},
								"west": {"uv": [24, 11], "uv_size": [1, 0.375]},
								"up": {"uv": [16, 16], "uv_size": [1.375, 1]},
								"down": {"uv": [1, 18], "uv_size": [1.375, -1]}
							}
						},
						{
							"origin": [-0.53512, -1.47094, 2.33616],
							"size": [1.07024, 0.58994, 1.08172],
							"pivot": [0, -1.16447, 3.78531],
							"rotation": [-10, 0, 0],
							"uv": {
								"north": {"uv": [21, 9], "uv_size": [1.125, 0.625]},
								"east": {"uv": [21, 10], "uv_size": [1.125, 0.625]},
								"south": {"uv": [21, 11], "uv_size": [1.125, 0.625]},
								"west": {"uv": [21, 12], "uv_size": [1.125, 0.625]},
								"up": {"uv": [3, 18], "uv_size": [1.125, 1.125]},
								"down": {"uv": [5, 19.125], "uv_size": [1.125, -1.125]}
							}
						},
						{
							"origin": [-0.47763, -1.31762, 2.30531],
							"size": [0.95527, 0.314, 2.96728],
							"pivot": [0, -1.16061, 4.07639],
							"rotation": [-20, 0, 0],
							"uv": {
								"north": {"uv": [12, 24], "uv_size": [1, 0.375]},
								"east": {"uv": [3, 20], "uv_size": [3, 0.375]},
								"south": {"uv": [13, 24], "uv_size": [1, 0.375]},
								"west": {"uv": [6, 20], "uv_size": [3, 0.375]},
								"up": {"uv": [3, 15], "uv_size": [1, 3]},
								"down": {"uv": [4, 18], "uv_size": [1, -3]}
							}
						},
						{
							"origin": [-0.35017, -2.02281, 2.06022],
							"size": [0.68984, 1.50972, 0.68984],
							"pivot": [0, -1.24495, 2.40514],
							"rotation": [0, -45, 0],
							"uv": {
								"north": {"uv": [9, 20], "uv_size": [0.75, 1.5]},
								"east": {"uv": [10, 20], "uv_size": [0.75, 1.5]},
								"south": {"uv": [20, 14], "uv_size": [0.75, 1.5]},
								"west": {"uv": [20, 16], "uv_size": [0.75, 1.5]},
								"up": {"uv": [21, 18], "uv_size": [0.75, 0.75]},
								"down": {"uv": [21, 19.75], "uv_size": [0.75, -0.75]}
							}
						},
						{
							"origin": [-0.13271, -1.47094, 0.35862],
							"size": [0.26543, 0.61293, 7.10631],
							"uv": {
								"north": {"uv": [24, 25], "uv_size": [0.25, 0.625]},
								"east": {"uv": [13, 12], "uv_size": [7.125, 0.625]},
								"south": {"uv": [25, 25], "uv_size": [0.25, 0.625]},
								"west": {"uv": [13, 13], "uv_size": [7.125, 0.625]},
								"up": {"uv": [15, 15], "uv_size": [0.25, 7.125]},
								"down": {"uv": [0, 23.125], "uv_size": [0.25, -7.125]}
							}
						},
						{
							"origin": [-0.14341, -2.29874, 0.54258],
							"size": [0.26543, 1.07283, 5.40471],
							"pivot": [0, -1.99228, 3.91178],
							"rotation": [-7.5, 0, 0],
							"uv": {
								"north": {"uv": [24, 19], "uv_size": [0.25, 1.125]},
								"east": {"uv": [3, 8], "uv_size": [5.375, 1.125]},
								"south": {"uv": [24, 21], "uv_size": [0.25, 1.125]},
								"west": {"uv": [9, 0], "uv_size": [5.375, 1.125]},
								"up": {"uv": [16, 17], "uv_size": [0.25, 5.375]},
								"down": {"uv": [17, 22.375], "uv_size": [0.25, -5.375]}
							}
						},
						{
							"origin": [-0.13271, -3.07264, 5.85434],
							"size": [0.26543, 1.6017, 0.69081],
							"uv": {
								"north": {"uv": [3, 24], "uv_size": [0.25, 1.625]},
								"east": {"uv": [18, 19], "uv_size": [0.75, 1.625]},
								"south": {"uv": [4, 24], "uv_size": [0.25, 1.625]},
								"west": {"uv": [19, 18], "uv_size": [0.75, 1.625]},
								"up": {"uv": [25, 17], "uv_size": [0.25, 0.75]},
								"down": {"uv": [18, 25.75], "uv_size": [0.25, -0.75]}
							}
						},
						{
							"origin": [-0.13271, -4.0075, 6.49819],
							"size": [0.26543, 0.93486, 0.62183],
							"uv": {
								"north": {"uv": [25, 14], "uv_size": [0.25, 0.875]},
								"east": {"uv": [22, 2], "uv_size": [0.625, 0.875]},
								"south": {"uv": [15, 25], "uv_size": [0.25, 0.875]},
								"west": {"uv": [22, 3], "uv_size": [0.625, 0.875]},
								"up": {"uv": [0, 26], "uv_size": [0.25, 0.625]},
								"down": {"uv": [1, 26.625], "uv_size": [0.25, -0.625]}
							}
						},
						{
							"origin": [-0.13271, -3.5706, 6.17529],
							"size": [0.26543, 0.49796, 0.3229],
							"uv": {
								"north": {"uv": [13, 26], "uv_size": [0.25, 0.5]},
								"east": {"uv": [25, 18], "uv_size": [0.375, 0.5]},
								"south": {"uv": [26, 13], "uv_size": [0.25, 0.5]},
								"west": {"uv": [19, 25], "uv_size": [0.375, 0.5]},
								"up": {"uv": [16, 26], "uv_size": [0.25, 0.375]},
								"down": {"uv": [26, 16.375], "uv_size": [0.25, -0.375]}
							}
						},
						{
							"origin": [-0.13271, -3.62451, 6.91209],
							"size": [0.26543, 2.15357, 0.43787],
							"uv": {
								"north": {"uv": [5, 22], "uv_size": [0.25, 2.125]},
								"east": {"uv": [3, 21], "uv_size": [0.5, 2.125]},
								"south": {"uv": [6, 22], "uv_size": [0.25, 2.125]},
								"west": {"uv": [4, 21], "uv_size": [0.5, 2.125]},
								"up": {"uv": [14, 26], "uv_size": [0.25, 0.5]},
								"down": {"uv": [26, 14.5], "uv_size": [0.25, -0.5]}
							}
						},
						{
							"origin": [-0.53512, -1.7813, 0.04379],
							"size": [1.07024, 1.14181, 0.36889],
							"pivot": [0, -1.1989, 0.3892],
							"rotation": [32.5, 0, 0],
							"uv": {
								"north": {"uv": [7, 18], "uv_size": [1.125, 1.125]},
								"east": {"uv": [23, 10], "uv_size": [0.375, 1.125]},
								"south": {"uv": [9, 18], "uv_size": [1.125, 1.125]},
								"west": {"uv": [11, 23], "uv_size": [0.375, 1.125]},
								"up": {"uv": [12, 23], "uv_size": [1.125, 0.375]},
								"down": {"uv": [23, 12.375], "uv_size": [1.125, -0.375]}
							}
						},
						{
							"origin": [-0.53512, -6.47727, 0.81646],
							"size": [1.07024, 5.28084, 0.27691],
							"pivot": [0, -1.76733, 1.0009],
							"rotation": [82.5, 0, 0],
							"uv": {
								"north": {"uv": [9, 2], "uv_size": [1.125, 5.25]},
								"east": {"uv": [1, 18], "uv_size": [0.25, 5.25]},
								"south": {"uv": [9, 8], "uv_size": [1.125, 5.25]},
								"west": {"uv": [2, 18], "uv_size": [0.25, 5.25]},
								"up": {"uv": [24, 23], "uv_size": [1.125, 0.25]},
								"down": {"uv": [24, 24.25], "uv_size": [1.125, -0.25]}
							}
						},
						{
							"origin": [-0.58111, -2.05729, 2.36531],
							"size": [1.16222, 0.17246, 0.17246],
							"pivot": [0, -1.9998, 2.4228],
							"rotation": [-45, 0, 0],
							"uv": {
								"north": {"uv": [2, 26], "uv_size": [1.125, 0.125]},
								"east": {"uv": [19, 26], "uv_size": [0.125, 0.125]},
								"south": {"uv": [4, 26], "uv_size": [1.125, 0.125]},
								"west": {"uv": [26, 19], "uv_size": [0.125, 0.125]},
								"up": {"uv": [26, 4], "uv_size": [1.125, 0.125]},
								"down": {"uv": [26, 5.125], "uv_size": [1.125, -0.125]}
							}
						},
						{
							"origin": [-0.53512, -4.45198, 5.73414],
							"size": [1.07024, 2.17657, 0.27691],
							"pivot": [0, -2.84632, 5.87259],
							"rotation": [32.5, 0, 0],
							"uv": {
								"north": {"uv": [7, 15], "uv_size": [1.125, 2.125]},
								"east": {"uv": [9, 22], "uv_size": [0.25, 2.125]},
								"south": {"uv": [9, 15], "uv_size": [1.125, 2.125]},
								"west": {"uv": [10, 22], "uv_size": [0.25, 2.125]},
								"up": {"uv": [25, 0], "uv_size": [1.125, 0.25]},
								"down": {"uv": [25, 1.25], "uv_size": [1.125, -0.25]}
							}
						},
						{
							"origin": [-0.53512, -4.27491, 6.61854],
							"size": [1.07024, 0.27951, 0.44937],
							"uv": {
								"north": {"uv": [25, 2], "uv_size": [1.125, 0.25]},
								"east": {"uv": [15, 26], "uv_size": [0.5, 0.25]},
								"south": {"uv": [25, 3], "uv_size": [1.125, 0.25]},
								"west": {"uv": [26, 15], "uv_size": [0.5, 0.25]},
								"up": {"uv": [21, 20], "uv_size": [1.125, 0.5]},
								"down": {"uv": [21, 21.5], "uv_size": [1.125, -0.5]}
							}
						},
						{
							"origin": [-0.53512, -0.91269, -0.20268],
							"size": [1.07024, 0.337, 0.36889],
							"uv": {
								"north": {"uv": [14, 23], "uv_size": [1.125, 0.375]},
								"east": {"uv": [6, 26], "uv_size": [0.375, 0.375]},
								"south": {"uv": [23, 15], "uv_size": [1.125, 0.375]},
								"west": {"uv": [26, 6], "uv_size": [0.375, 0.375]},
								"up": {"uv": [16, 23], "uv_size": [1.125, 0.375]},
								"down": {"uv": [23, 16.375], "uv_size": [1.125, -0.375]}
							}
						},
						{
							"origin": [-0.79909, -0.71211, 6.65915],
							"size": [1.59818, 0.23352, 0.89776],
							"pivot": [0, -0.60685, 7.17701],
							"rotation": [-17.5, 0, 0],
							"uv": {
								"north": {"uv": [24, 4], "uv_size": [1.625, 0.25]},
								"east": {"uv": [25, 15], "uv_size": [0.875, 0.25]},
								"south": {"uv": [24, 5], "uv_size": [1.625, 0.25]},
								"west": {"uv": [16, 25], "uv_size": [0.875, 0.25]},
								"up": {"uv": [1, 16], "uv_size": [1.625, 0.875]},
								"down": {"uv": [16, 15.875], "uv_size": [1.625, -0.875]}
							}
						},
						{
							"origin": [-0.88004, -3.27769, 7.31126],
							"size": [1.76008, 3.42977, 0.2884],
							"pivot": [0, -1.90772, 7.45546],
							"rotation": [-4, 0, 0],
							"uv": {
								"north": {"uv": [3, 10], "uv_size": [1.75, 3.375]},
								"east": {"uv": [7, 21], "uv_size": [0.25, 3.375]},
								"south": {"uv": [5, 10], "uv_size": [1.75, 3.375]},
								"west": {"uv": [8, 21], "uv_size": [0.25, 3.375]},
								"up": {"uv": [23, 6], "uv_size": [1.75, 0.25]},
								"down": {"uv": [23, 9.25], "uv_size": [1.75, -0.25]}
							}
						},
						{
							"origin": [-0.51213, -4.27656, 7.01825],
							"size": [1.02425, 1.08432, 0.2884],
							"pivot": [0, -3.75739, 7.16245],
							"rotation": [-21.5, 0, 0],
							"uv": {
								"north": {"uv": [20, 20], "uv_size": [1, 1.125]},
								"east": {"uv": [25, 6], "uv_size": [0.25, 1.125]},
								"south": {"uv": [21, 2], "uv_size": [1, 1.125]},
								"west": {"uv": [7, 25], "uv_size": [0.25, 1.125]},
								"up": {"uv": [25, 12], "uv_size": [1, 0.25]},
								"down": {"uv": [13, 25.25], "uv_size": [1, -0.25]}
							}
						},
						{
							"origin": [-0.72549, -4.08477, 7.10285],
							"size": [0.35741, 1.08403, 0.2884],
							"pivot": [-0.21337, -3.54261, 7.24706],
							"rotation": [-20.31227, -7.20101, -18.70838],
							"uv": {
								"north": {"uv": [24, 0], "uv_size": [0.375, 1.125]},
								"east": {"uv": [8, 25], "uv_size": [0.25, 1.125]},
								"south": {"uv": [1, 24], "uv_size": [0.375, 1.125]},
								"west": {"uv": [25, 8], "uv_size": [0.25, 1.125]},
								"up": {"uv": [17, 26], "uv_size": [0.375, 0.25]},
								"down": {"uv": [26, 17.25], "uv_size": [0.375, -0.25]}
							}
						},
						{
							"origin": [0.32787, -4.29697, 7.01926],
							"size": [0.35741, 1.08403, 0.2884],
							"pivot": [0.84, -3.75481, 7.16347],
							"rotation": [-20.31227, 7.201, 18.7084],
							"uv": {
								"north": {"uv": [2, 24], "uv_size": [0.375, 1.125]},
								"east": {"uv": [9, 25], "uv_size": [0.25, 1.125]},
								"south": {"uv": [24, 2], "uv_size": [0.375, 1.125]},
								"west": {"uv": [10, 25], "uv_size": [0.25, 1.125]},
								"up": {"uv": [18, 26], "uv_size": [0.375, 0.25]},
								"down": {"uv": [26, 18.25], "uv_size": [0.375, -0.25]}
							}
						}
					]
				},
				{
					"name": "bone30",
					"parent": "stock",
					"pivot": [0, -1.587, 7.74303],
					"cubes": [
						{
							"origin": [-0.86948, -3.2574, 7.58907],
							"size": [1.73896, 3.38862, 0.39854],
							"pivot": [0, -1.90387, 7.75426],
							"rotation": [-4, 0, 0],
							"uv": {
								"north": {"uv": [7, 10], "uv_size": [1.75, 3.375]},
								"east": {"uv": [18, 15], "uv_size": [0.375, 3.375]},
								"south": {"uv": [11, 2], "uv_size": [1.75, 3.375]},
								"west": {"uv": [19, 14], "uv_size": [0.375, 3.375]},
								"up": {"uv": [21, 15], "uv_size": [1.75, 0.375]},
								"down": {"uv": [21, 16.375], "uv_size": [1.75, -0.375]}
							}
						},
						{
							"origin": [-0.69846, 0.03593, 7.74204],
							"size": [1.03115, 0.44655, 0.38718],
							"pivot": [-0.46687, 0.15129, 4.07345],
							"rotation": [0, 0, -60],
							"uv": {
								"north": {"uv": [23, 0], "uv_size": [1, 0.5]},
								"east": {"uv": [25, 19], "uv_size": [0.375, 0.5]},
								"south": {"uv": [23, 1], "uv_size": [1, 0.5]},
								"west": {"uv": [20, 25], "uv_size": [0.375, 0.5]},
								"up": {"uv": [24, 13], "uv_size": [1, 0.375]},
								"down": {"uv": [14, 24.375], "uv_size": [1, -0.375]}
							}
						},
						{
							"origin": [-0.70892, -4.04793, 7.38134],
							"size": [0.35312, 1.09431, 0.39854],
							"pivot": [-0.20294, -3.51228, 7.54653],
							"rotation": [-20.31227, -7.20101, -18.70838],
							"uv": {
								"north": {"uv": [23, 17], "uv_size": [0.375, 1.125]},
								"east": {"uv": [18, 23], "uv_size": [0.375, 1.125]},
								"south": {"uv": [19, 23], "uv_size": [0.375, 1.125]},
								"west": {"uv": [23, 19], "uv_size": [0.375, 1.125]},
								"up": {"uv": [26, 7], "uv_size": [0.375, 0.375]},
								"down": {"uv": [26, 8.375], "uv_size": [0.375, -0.375]}
							}
						},
						{
							"origin": [-0.09724, 0.22791, 7.74204],
							"size": [1.03115, 0.44655, 0.38718],
							"pivot": [0.41833, 0.45118, 7.90155],
							"rotation": [0, 0, 60],
							"uv": {
								"north": {"uv": [23, 2], "uv_size": [1, 0.5]},
								"east": {"uv": [25, 20], "uv_size": [0.375, 0.5]},
								"south": {"uv": [23, 3], "uv_size": [1, 0.5]},
								"west": {"uv": [21, 25], "uv_size": [0.375, 0.5]},
								"up": {"uv": [24, 14], "uv_size": [1, 0.375]},
								"down": {"uv": [15, 24.375], "uv_size": [1, -0.375]}
							}
						},
						{
							"origin": [-0.79788, -0.25606, 7.74204],
							"size": [0.91755, 0.70781, 0.38718],
							"pivot": [0.0568, 0.15464, 2.21412],
							"rotation": [0, 0, 90],
							"uv": {
								"north": {"uv": [21, 17], "uv_size": [0.875, 0.75]},
								"east": {"uv": [5, 25], "uv_size": [0.375, 0.75]},
								"south": {"uv": [18, 21], "uv_size": [0.875, 0.75]},
								"west": {"uv": [6, 25], "uv_size": [0.375, 0.75]},
								"up": {"uv": [24, 17], "uv_size": [0.875, 0.375]},
								"down": {"uv": [24, 18.375], "uv_size": [0.875, -0.375]}
							}
						},
						{
							"origin": [-0.50598, -4.33626, 7.29957],
							"size": [1.01196, 1.18628, 0.39854],
							"pivot": [0, -3.73135, 7.46476],
							"rotation": [-21.5, 0, 0],
							"uv": {
								"north": {"uv": [20, 18], "uv_size": [1, 1.125]},
								"east": {"uv": [20, 23], "uv_size": [0.375, 1.125]},
								"south": {"uv": [19, 20], "uv_size": [1, 1.125]},
								"west": {"uv": [21, 23], "uv_size": [0.375, 1.125]},
								"up": {"uv": [16, 24], "uv_size": [1, 0.375]},
								"down": {"uv": [17, 24.375], "uv_size": [1, -0.375]}
							}
						},
						{
							"origin": [0.31607, -4.25759, 7.29876],
							"size": [0.35312, 1.09431, 0.39854],
							"pivot": [0.82205, -3.72194, 7.46395],
							"rotation": [-20.31227, 7.201, 18.7084],
							"uv": {
								"north": {"uv": [23, 21], "uv_size": [0.375, 1.125]},
								"east": {"uv": [22, 23], "uv_size": [0.375, 1.125]},
								"south": {"uv": [23, 23], "uv_size": [0.375, 1.125]},
								"west": {"uv": [0, 24], "uv_size": [0.375, 1.125]},
								"up": {"uv": [26, 9], "uv_size": [0.375, 0.375]},
								"down": {"uv": [26, 10.375], "uv_size": [0.375, -0.375]}
							}
						}
					]
				}
			]
		}
	]
}