{
	"format_version": "1.12.0",
	"minecraft:geometry": [
		{
			"description": {
				"identifier": "geometry.unknown",
				"texture_width": 8,
				"texture_height": 8,
				"visible_bounds_width": 2,
				"visible_bounds_height": 1.5,
				"visible_bounds_offset": [0, 0.25, 0]
			},
			"bones": [
				{
					"name": "bone",
					"pivot": [-0.0415, -0.0216, 0.9281],
					"cubes": [
						{
							"origin": [-0.19775, -0.17785, -0.60732],
							"size": [0.3125, 0.3125, 1.125],
							"uv": {
								"north": {"uv": [2, 3], "uv_size": [0.3125, 0.3125]},
								"east": {"uv": [1, 2], "uv_size": [1.125, 0.3125]},
								"south": {"uv": [3, 3], "uv_size": [0.3125, 0.3125]},
								"west": {"uv": [3, 0], "uv_size": [1.125, 0.3125]},
								"up": {"uv": [1, 3], "uv_size": [0.3125, 1.125]},
								"down": {"uv": [3, 2.125], "uv_size": [0.3125, -1.125]}
							}
						},
						{
							"origin": [-0.19775, -0.17785, 0.56768],
							"size": [0.3125, 0.3125, 0.0625],
							"uv": {
								"north": {"uv": [0, 4], "uv_size": [0.3125, 0.3125]},
								"east": {"uv": [3, 4], "uv_size": [0.0625, 0.3125]},
								"south": {"uv": [4, 1], "uv_size": [0.3125, 0.3125]},
								"west": {"uv": [4, 3], "uv_size": [0.0625, 0.3125]},
								"up": {"uv": [4, 4], "uv_size": [0.3125, 0.0625]},
								"down": {"uv": [0, 5.0625], "uv_size": [0.3125, -0.0625]}
							}
						},
						{
							"origin": [-0.17275, -0.15285, -0.91982],
							"size": [0.2625, 0.2625, 1.5],
							"uv": {
								"north": {"uv": [2, 4], "uv_size": [0.25, 0.25]},
								"east": {"uv": [0, 0], "uv_size": [1.5, 0.25]},
								"south": {"uv": [4, 2], "uv_size": [0.25, 0.25]},
								"west": {"uv": [0, 1], "uv_size": [1.5, 0.25]},
								"up": {"uv": [0, 2], "uv_size": [0.25, 1.5]},
								"down": {"uv": [2, 1.5], "uv_size": [0.25, -1.5]}
							}
						}
					]
				}
			]
		}
	]
}