{
	"format_version": "1.12.0",
	"minecraft:geometry": [
		{
			"description": {
				"identifier": "geometry.laser_an_peq15",
				"texture_width": 128,
				"texture_height": 128,
				"visible_bounds_width": 2,
				"visible_bounds_height": 1.5,
				"visible_bounds_offset": [0, 0.25, 0]
			},
			"bones": [
				{
					"name": "an_peq_2a",
					"pivot": [0.15749, 0.36584, 1.38986],
					"cubes": [
						{
							"origin": [-0.42603, -0.28685, -0.69903],
							"size": [1.067, 0.4268, 1.7072],
							"uv": {
								"north": {"uv": [16, 29], "uv_size": [5, 2]},
								"east": {"uv": [31, 39], "uv_size": [8, 2]},
								"south": {"uv": [47, 7], "uv_size": [5, 2]},
								"west": {"uv": [40, 39], "uv_size": [8, 2]},
								"up": {"uv": [4, 21], "uv_size": [5, 8]},
								"down": {"uv": [10, 29], "uv_size": [5, -8]}
							}
						},
						{
							"origin": [-0.63943, -0.28685, -0.11218],
							"size": [0.2134, 0.4268, 0.5335],
							"uv": {
								"north": {"uv": [4, 83], "uv_size": [1, 2]},
								"east": {"uv": [55, 25], "uv_size": [3, 2]},
								"south": {"uv": [6, 83], "uv_size": [1, 2]},
								"west": {"uv": [55, 32], "uv_size": [3, 2]},
								"up": {"uv": [42, 56], "uv_size": [1, 3]},
								"down": {"uv": [24, 72], "uv_size": [1, -3]}
							}
						},
						{
							"origin": [-0.69278, -0.19768, 0.01472],
							"size": [1.4938, 0.24844, 0.24844],
							"pivot": [-0.58608, -0.07345, 0.13894],
							"rotation": [-45, 0, 0],
							"uv": {
								"north": {"uv": [53, 8], "uv_size": [7, 1]},
								"east": {"uv": [70, 88], "uv_size": [1, 1]},
								"south": {"uv": [34, 53], "uv_size": [7, 1]},
								"west": {"uv": [88, 71], "uv_size": [1, 1]},
								"up": {"uv": [53, 37], "uv_size": [7, 1]},
								"down": {"uv": [53, 40], "uv_size": [7, -1]}
							}
						},
						{
							"origin": [0.69432, 0.13995, 1.43497],
							"size": [0.58685, 0.58685, 1.7072],
							"uv": {
								"north": {"uv": [51, 14], "uv_size": [3, 3]},
								"east": {"uv": [33, 24], "uv_size": [8, 3]},
								"south": {"uv": [51, 21], "uv_size": [3, 3]},
								"west": {"uv": [33, 28], "uv_size": [8, 3]},
								"up": {"uv": [4, 34], "uv_size": [3, 8]},
								"down": {"uv": [8, 42], "uv_size": [3, -8]}
							}
						},
						{
							"origin": [0.91263, 0.13995, 2.2821],
							"size": [0.26675, 0.58472, 0.5335],
							"pivot": [0.1875, 0.43337, 2.28857],
							"rotation": [0, -45, 0],
							"uv": {
								"north": {"uv": [70, 65], "uv_size": [1, 3]},
								"east": {"uv": [51, 25], "uv_size": [3, 3]},
								"south": {"uv": [68, 70], "uv_size": [1, 3]},
								"west": {"uv": [48, 51], "uv_size": [3, 3]},
								"up": {"uv": [70, 69], "uv_size": [1, 3]},
								"down": {"uv": [71, 3], "uv_size": [1, -3]}
							}
						},
						{
							"origin": [-0.90618, 0.13995, 1.43497],
							"size": [0.58685, 0.58685, 1.7072],
							"uv": {
								"north": {"uv": [52, 0], "uv_size": [3, 3]},
								"east": {"uv": [34, 10], "uv_size": [8, 3]},
								"south": {"uv": [16, 52], "uv_size": [3, 3]},
								"west": {"uv": [34, 14], "uv_size": [8, 3]},
								"up": {"uv": [12, 36], "uv_size": [3, 8]},
								"down": {"uv": [16, 44], "uv_size": [3, -8]}
							}
						},
						{
							"origin": [-0.80438, 0.13995, 2.2821],
							"size": [0.26675, 0.58472, 0.5335],
							"pivot": [0.1875, 0.43337, 2.28857],
							"rotation": [0, 45, 0],
							"uv": {
								"north": {"uv": [71, 4], "uv_size": [1, 3]},
								"east": {"uv": [20, 52], "uv_size": [3, 3]},
								"south": {"uv": [71, 16], "uv_size": [1, 3]},
								"west": {"uv": [52, 44], "uv_size": [3, 3]},
								"up": {"uv": [0, 72], "uv_size": [1, 3]},
								"down": {"uv": [2, 75], "uv_size": [1, -3]}
							}
						},
						{
							"origin": [0.91263, 0.13995, 1.76154],
							"size": [0.26675, 0.58472, 0.5335],
							"pivot": [0.1875, 0.43337, 2.28857],
							"rotation": [0, 45, 0],
							"uv": {
								"north": {"uv": [4, 72], "uv_size": [1, 3]},
								"east": {"uv": [52, 48], "uv_size": [3, 3]},
								"south": {"uv": [6, 72], "uv_size": [1, 3]},
								"west": {"uv": [52, 52], "uv_size": [3, 3]},
								"up": {"uv": [8, 72], "uv_size": [1, 3]},
								"down": {"uv": [72, 11], "uv_size": [1, -3]}
							}
						},
						{
							"origin": [-0.80438, 0.13995, 1.76154],
							"size": [0.26675, 0.58472, 0.5335],
							"pivot": [0.1875, 0.43337, 2.28857],
							"rotation": [0, -45, 0],
							"uv": {
								"north": {"uv": [10, 72], "uv_size": [1, 3]},
								"east": {"uv": [53, 4], "uv_size": [3, 3]},
								"south": {"uv": [12, 72], "uv_size": [1, 3]},
								"west": {"uv": [30, 53], "uv_size": [3, 3]},
								"up": {"uv": [72, 12], "uv_size": [1, 3]},
								"down": {"uv": [14, 75], "uv_size": [1, -3]}
							}
						},
						{
							"origin": [-0.90618, 0.13995, -0.91243],
							"size": [2.18735, 0.58685, 2.3474],
							"uv": {
								"north": {"uv": [22, 24], "uv_size": [10, 3]},
								"east": {"uv": [22, 10], "uv_size": [11, 3]},
								"south": {"uv": [22, 28], "uv_size": [10, 3]},
								"west": {"uv": [22, 14], "uv_size": [11, 3]},
								"up": {"uv": [0, 0], "uv_size": [10, 11]},
								"down": {"uv": [11, 11], "uv_size": [10, -11]}
							}
						},
						{
							"origin": [-0.90618, 0.13995, 3.14217],
							"size": [2.18735, 0.58685, 0.8536],
							"uv": {
								"north": {"uv": [4, 30], "uv_size": [10, 3]},
								"east": {"uv": [47, 3], "uv_size": [4, 3]},
								"south": {"uv": [15, 32], "uv_size": [10, 3]},
								"west": {"uv": [12, 47], "uv_size": [4, 3]},
								"up": {"uv": [22, 0], "uv_size": [10, 4]},
								"down": {"uv": [22, 9], "uv_size": [10, -4]}
							}
						},
						{
							"origin": [-0.69278, 0.13995, 1.43497],
							"size": [1.76055, 0.39479, 1.7072],
							"uv": {
								"north": {"uv": [20, 42], "uv_size": [8, 2]},
								"east": {"uv": [42, 24], "uv_size": [8, 2]},
								"south": {"uv": [42, 27], "uv_size": [8, 2]},
								"west": {"uv": [29, 42], "uv_size": [8, 2]},
								"up": {"uv": [0, 12], "uv_size": [8, 8]},
								"down": {"uv": [9, 20], "uv_size": [8, -8]}
							}
						},
						{
							"origin": [-1.43399, -0.1115, -0.91243],
							"size": [0.07469, 0.1509, 0.90695],
							"pivot": [-0.34031, -0.25403, 1.54167],
							"rotation": [0, 0, 45],
							"uv": {
								"north": {"uv": [90, 70], "uv_size": [1, 1]},
								"east": {"uv": [68, 29], "uv_size": [4, 1]},
								"south": {"uv": [72, 90], "uv_size": [1, 1]},
								"west": {"uv": [68, 37], "uv_size": [4, 1]},
								"up": {"uv": [68, 45], "uv_size": [1, 4]},
								"down": {"uv": [68, 54], "uv_size": [1, -4]}
							}
						},
						{
							"origin": [-0.97046, 0.14426, -0.91243],
							"size": [0.07469, 0.1509, 0.90695],
							"pivot": [-0.93312, 0.2197, 1.54167],
							"rotation": [0, 0, -45],
							"uv": {
								"north": {"uv": [90, 72], "uv_size": [1, 1]},
								"east": {"uv": [54, 68], "uv_size": [4, 1]},
								"south": {"uv": [74, 90], "uv_size": [1, 1]},
								"west": {"uv": [68, 63], "uv_size": [4, 1]},
								"up": {"uv": [68, 65], "uv_size": [1, 4]},
								"down": {"uv": [66, 72], "uv_size": [1, -4]}
							}
						},
						{
							"origin": [1.27077, 0.57159, -0.91243],
							"size": [0.07469, 0.1509, 1.54715],
							"pivot": [1.30812, 0.64704, 1.54167],
							"rotation": [0, 0, -45],
							"uv": {
								"north": {"uv": [90, 79], "uv_size": [1, 1]},
								"east": {"uv": [55, 14], "uv_size": [7, 1]},
								"south": {"uv": [84, 90], "uv_size": [1, 1]},
								"west": {"uv": [55, 16], "uv_size": [7, 1]},
								"up": {"uv": [16, 21], "uv_size": [1, 7]},
								"down": {"uv": [42, 55], "uv_size": [1, -7]}
							}
						},
						{
							"origin": [0.80725, -0.53884, -0.91243],
							"size": [0.07469, 0.1509, 1.54715],
							"pivot": [1.90092, -0.68137, 1.54167],
							"rotation": [0, 0, 45],
							"uv": {
								"north": {"uv": [86, 90], "uv_size": [1, 1]},
								"east": {"uv": [55, 21], "uv_size": [7, 1]},
								"south": {"uv": [88, 90], "uv_size": [1, 1]},
								"west": {"uv": [55, 23], "uv_size": [7, 1]},
								"up": {"uv": [24, 52], "uv_size": [1, 7]},
								"down": {"uv": [0, 62], "uv_size": [1, -7]}
							}
						},
						{
							"origin": [1.28117, 0.24665, -0.91243],
							"size": [0.1067, 0.37345, 1.54715],
							"uv": {
								"north": {"uv": [84, 74], "uv_size": [1, 2]},
								"east": {"uv": [43, 14], "uv_size": [7, 2]},
								"south": {"uv": [77, 84], "uv_size": [1, 2]},
								"west": {"uv": [44, 0], "uv_size": [7, 2]},
								"up": {"uv": [2, 55], "uv_size": [1, 7]},
								"down": {"uv": [34, 62], "uv_size": [1, -7]}
							}
						},
						{
							"origin": [-0.97046, 0.14426, 0.63472],
							"size": [0.07469, 0.1509, 3.36105],
							"pivot": [-0.93312, 0.2197, 1.54167],
							"rotation": [0, 0, -45],
							"uv": {
								"north": {"uv": [90, 90], "uv_size": [1, 1]},
								"east": {"uv": [42, 30], "uv_size": [16, 1]},
								"south": {"uv": [0, 91], "uv_size": [1, 1]},
								"west": {"uv": [38, 42], "uv_size": [16, 1]},
								"up": {"uv": [0, 38], "uv_size": [1, 16]},
								"down": {"uv": [2, 54], "uv_size": [1, -16]}
							}
						},
						{
							"origin": [1.28117, 0.24665, 1.27492],
							"size": [0.1067, 0.37345, 2.72085],
							"uv": {
								"north": {"uv": [79, 84], "uv_size": [1, 2]},
								"east": {"uv": [33, 4], "uv_size": [13, 2]},
								"south": {"uv": [84, 80], "uv_size": [1, 2]},
								"west": {"uv": [33, 7], "uv_size": [13, 2]},
								"up": {"uv": [8, 43], "uv_size": [1, 13]},
								"down": {"uv": [10, 56], "uv_size": [1, -13]}
							}
						},
						{
							"origin": [-1.01288, 0.24665, 0.63472],
							"size": [0.5335, 0.37345, 3.36105],
							"uv": {
								"north": {"uv": [57, 18], "uv_size": [3, 2]},
								"east": {"uv": [22, 18], "uv_size": [16, 2]},
								"south": {"uv": [42, 60], "uv_size": [3, 2]},
								"west": {"uv": [22, 21], "uv_size": [16, 2]},
								"up": {"uv": [18, 12], "uv_size": [3, 16]},
								"down": {"uv": [0, 37], "uv_size": [3, -16]}
							}
						},
						{
							"origin": [-1.01288, 0.24665, -0.91243],
							"size": [0.1067, 0.37345, 0.90695],
							"uv": {
								"north": {"uv": [81, 84], "uv_size": [1, 2]},
								"east": {"uv": [50, 32], "uv_size": [4, 2]},
								"south": {"uv": [83, 84], "uv_size": [1, 2]},
								"west": {"uv": [52, 18], "uv_size": [4, 2]},
								"up": {"uv": [69, 0], "uv_size": [1, 4]},
								"down": {"uv": [69, 9], "uv_size": [1, -4]}
							}
						},
						{
							"origin": [-1.43399, -0.1115, 0.63472],
							"size": [0.07469, 0.1509, 3.36105],
							"pivot": [-0.34031, -0.25403, 1.54167],
							"rotation": [0, 0, 45],
							"uv": {
								"north": {"uv": [2, 91], "uv_size": [1, 1]},
								"east": {"uv": [43, 10], "uv_size": [16, 1]},
								"south": {"uv": [4, 91], "uv_size": [1, 1]},
								"west": {"uv": [43, 12], "uv_size": [16, 1]},
								"up": {"uv": [4, 43], "uv_size": [1, 16]},
								"down": {"uv": [6, 59], "uv_size": [1, -16]}
							}
						},
						{
							"origin": [1.27077, 0.57159, 1.27492],
							"size": [0.07469, 0.1509, 2.72085],
							"pivot": [1.30812, 0.64704, 1.54167],
							"rotation": [0, 0, -45],
							"uv": {
								"north": {"uv": [6, 91], "uv_size": [1, 1]},
								"east": {"uv": [38, 44], "uv_size": [13, 1]},
								"south": {"uv": [8, 91], "uv_size": [1, 1]},
								"west": {"uv": [12, 45], "uv_size": [13, 1]},
								"up": {"uv": [26, 45], "uv_size": [1, 13]},
								"down": {"uv": [28, 58], "uv_size": [1, -13]}
							}
						},
						{
							"origin": [0.80725, -0.53884, 1.27492],
							"size": [0.07469, 0.1509, 2.72085],
							"pivot": [1.90092, -0.68137, 1.54167],
							"rotation": [0, 0, 45],
							"uv": {
								"north": {"uv": [10, 91], "uv_size": [1, 1]},
								"east": {"uv": [30, 46], "uv_size": [13, 1]},
								"south": {"uv": [91, 10], "uv_size": [1, 1]},
								"west": {"uv": [46, 35], "uv_size": [13, 1]},
								"up": {"uv": [44, 46], "uv_size": [1, 13]},
								"down": {"uv": [46, 59], "uv_size": [1, -13]}
							}
						}
					]
				},
				{
					"name": "bone72",
					"parent": "an_peq_2a",
					"pivot": [0.10747, 0.38415, 0.82647],
					"cubes": [
						{
							"origin": [-0.71902, 0.52089, 0.12065],
							"size": [0.21255, 0.49717, 0.36814],
							"uv": {
								"north": {"uv": [14, 78], "uv_size": [1, 2]},
								"east": {"uv": [42, 63], "uv_size": [2, 2]},
								"south": {"uv": [78, 20], "uv_size": [1, 2]},
								"west": {"uv": [45, 63], "uv_size": [2, 2]},
								"up": {"uv": [78, 28], "uv_size": [1, 2]},
								"down": {"uv": [78, 33], "uv_size": [1, -2]}
							}
						},
						{
							"origin": [-0.63972, 0.63014, 0.4775],
							"size": [0.10585, 0.25176, 0.4268],
							"pivot": [-0.5868, 0.75602, 0.6909],
							"rotation": [-30.21362, -6.49053, 3.76613],
							"uv": {
								"north": {"uv": [61, 8], "uv_size": [1, 1]},
								"east": {"uv": [12, 34], "uv_size": [2, 1]},
								"south": {"uv": [66, 34], "uv_size": [1, 1]},
								"west": {"uv": [46, 37], "uv_size": [2, 1]},
								"up": {"uv": [78, 38], "uv_size": [1, 2]},
								"down": {"uv": [42, 80], "uv_size": [1, -2]}
							}
						},
						{
							"origin": [-0.69162, 0.63014, 0.4775],
							"size": [0.10585, 0.25176, 0.4268],
							"pivot": [-0.6387, 0.75602, 0.6909],
							"rotation": [-30.21362, 6.49053, -3.76613],
							"uv": {
								"north": {"uv": [69, 16], "uv_size": [1, 1]},
								"east": {"uv": [69, 61], "uv_size": [2, 1]},
								"south": {"uv": [71, 35], "uv_size": [1, 1]},
								"west": {"uv": [70, 27], "uv_size": [2, 1]},
								"up": {"uv": [44, 78], "uv_size": [1, 2]},
								"down": {"uv": [46, 80], "uv_size": [1, -2]}
							}
						},
						{
							"origin": [-0.71902, 0.65112, 0.39047],
							"size": [0.21255, 0.25176, 0.10139],
							"pivot": [-0.61275, 0.777, 0.65456],
							"rotation": [-30, 0, 0],
							"uv": {
								"north": {"uv": [71, 86], "uv_size": [1, 1]},
								"east": {"uv": [86, 72], "uv_size": [1, 1]},
								"south": {"uv": [73, 86], "uv_size": [1, 1]},
								"west": {"uv": [86, 74], "uv_size": [1, 1]},
								"up": {"uv": [75, 86], "uv_size": [1, 1]},
								"down": {"uv": [86, 81], "uv_size": [1, -1]}
							}
						},
						{
							"origin": [-0.71902, 0.69398, -0.14927],
							"size": [0.21255, 0.25176, 0.10139],
							"pivot": [-0.61275, 0.81986, 0.02911],
							"rotation": [150, 0, -180],
							"uv": {
								"north": {"uv": [85, 86], "uv_size": [1, 1]},
								"east": {"uv": [8, 87], "uv_size": [1, 1]},
								"south": {"uv": [10, 87], "uv_size": [1, 1]},
								"west": {"uv": [87, 11], "uv_size": [1, 1]},
								"up": {"uv": [12, 87], "uv_size": [1, 1]},
								"down": {"uv": [87, 14], "uv_size": [1, -1]}
							}
						},
						{
							"origin": [-0.62328, 0.69398, -0.06109],
							"size": [0.10585, 0.25176, 0.4268],
							"pivot": [-0.61275, 0.81986, 0.02911],
							"rotation": [149.78638, 6.49053, 176.23387],
							"uv": {
								"north": {"uv": [87, 15], "uv_size": [1, 1]},
								"east": {"uv": [77, 62], "uv_size": [2, 1]},
								"south": {"uv": [19, 87], "uv_size": [1, 1]},
								"west": {"uv": [48, 78], "uv_size": [2, 1]},
								"up": {"uv": [51, 78], "uv_size": [1, 2]},
								"down": {"uv": [78, 61], "uv_size": [1, -2]}
							}
						},
						{
							"origin": [-0.70807, 0.69398, -0.06109],
							"size": [0.10585, 0.25176, 0.4268],
							"pivot": [-0.61275, 0.81986, 0.02911],
							"rotation": [149.78638, -6.49053, -176.23387],
							"uv": {
								"north": {"uv": [21, 87], "uv_size": [1, 1]},
								"east": {"uv": [78, 55], "uv_size": [2, 1]},
								"south": {"uv": [23, 87], "uv_size": [1, 1]},
								"west": {"uv": [78, 64], "uv_size": [2, 1]},
								"up": {"uv": [78, 66], "uv_size": [1, 2]},
								"down": {"uv": [68, 80], "uv_size": [1, -2]}
							}
						}
					]
				},
				{
					"name": "bone71",
					"parent": "bone72",
					"pivot": [-0.61275, 0.8643, 0.22972],
					"rotation": [0, -30, 0],
					"cubes": [
						{
							"origin": [-0.7716, 0.52089, 0.1193],
							"size": [0.21255, 0.41181, 0.36814],
							"pivot": [-0.62782, 0.79788, 0.22102],
							"rotation": [0, 60, 0],
							"uv": {
								"north": {"uv": [46, 60], "uv_size": [1, 2]},
								"east": {"uv": [62, 54], "uv_size": [2, 2]},
								"south": {"uv": [76, 59], "uv_size": [1, 2]},
								"west": {"uv": [63, 15], "uv_size": [2, 2]},
								"up": {"uv": [54, 77], "uv_size": [1, 2]},
								"down": {"uv": [56, 79], "uv_size": [1, -2]}
							}
						},
						{
							"origin": [-0.68152, 0.52089, 0.1106],
							"size": [0.21255, 0.41181, 0.36814],
							"uv": {
								"north": {"uv": [58, 77], "uv_size": [1, 2]},
								"east": {"uv": [33, 63], "uv_size": [2, 2]},
								"south": {"uv": [66, 77], "uv_size": [1, 2]},
								"west": {"uv": [63, 33], "uv_size": [2, 2]},
								"up": {"uv": [70, 77], "uv_size": [1, 2]},
								"down": {"uv": [72, 79], "uv_size": [1, -2]}
							}
						},
						{
							"origin": [-0.62895, 0.52089, 0.05435],
							"size": [0.21255, 0.41181, 0.36814],
							"pivot": [-0.59768, 0.79788, 0.22102],
							"rotation": [0, -60, 0],
							"uv": {
								"north": {"uv": [8, 78], "uv_size": [1, 2]},
								"east": {"uv": [36, 63], "uv_size": [2, 2]},
								"south": {"uv": [10, 78], "uv_size": [1, 2]},
								"west": {"uv": [39, 63], "uv_size": [2, 2]},
								"up": {"uv": [12, 78], "uv_size": [1, 2]},
								"down": {"uv": [78, 14], "uv_size": [1, -2]}
							}
						}
					]
				},
				{
					"name": "bone75",
					"parent": "an_peq_2a",
					"pivot": [-1.0929, 0.55847, 0.22972],
					"rotation": [0, 0, -90],
					"cubes": [
						{
							"origin": [-1.33667, 0.28494, 0.12065],
							"size": [0.21255, 0.49717, 0.36814],
							"uv": {
								"north": {"uv": [0, 80], "uv_size": [1, 2]},
								"east": {"uv": [15, 64], "uv_size": [2, 2]},
								"south": {"uv": [2, 80], "uv_size": [1, 2]},
								"west": {"uv": [18, 64], "uv_size": [2, 2]},
								"up": {"uv": [4, 80], "uv_size": [1, 2]},
								"down": {"uv": [6, 82], "uv_size": [1, -2]}
							}
						},
						{
							"origin": [-1.24772, 0.21829, 0.48485],
							"size": [0.10585, 0.46516, 0.4268],
							"pivot": [-1.06695, 0.52007, 0.6159],
							"rotation": [-30.21362, -6.49053, 3.76613],
							"uv": {
								"north": {"uv": [80, 6], "uv_size": [1, 2]},
								"east": {"uv": [21, 64], "uv_size": [2, 2]},
								"south": {"uv": [80, 9], "uv_size": [1, 2]},
								"west": {"uv": [29, 64], "uv_size": [2, 2]},
								"up": {"uv": [80, 12], "uv_size": [1, 2]},
								"down": {"uv": [16, 82], "uv_size": [1, -2]}
							}
						},
						{
							"origin": [-1.31657, 0.21829, 0.44895],
							"size": [0.10585, 0.46516, 0.4268],
							"pivot": [-1.11885, 0.52007, 0.6159],
							"rotation": [-30.21362, 6.49053, -3.76613],
							"uv": {
								"north": {"uv": [18, 80], "uv_size": [1, 2]},
								"east": {"uv": [51, 64], "uv_size": [2, 2]},
								"south": {"uv": [80, 18], "uv_size": [1, 2]},
								"west": {"uv": [60, 64], "uv_size": [2, 2]},
								"up": {"uv": [20, 80], "uv_size": [1, 2]},
								"down": {"uv": [22, 82], "uv_size": [1, -2]}
							}
						},
						{
							"origin": [-1.33667, 0.45267, 0.38042],
							"size": [0.21255, 0.25176, 0.10139],
							"pivot": [-1.0929, 0.54105, 0.57956],
							"rotation": [-30, 0, 0],
							"uv": {
								"north": {"uv": [87, 32], "uv_size": [1, 1]},
								"east": {"uv": [87, 40], "uv_size": [1, 1]},
								"south": {"uv": [41, 87], "uv_size": [1, 1]},
								"west": {"uv": [43, 87], "uv_size": [1, 1]},
								"up": {"uv": [45, 87], "uv_size": [1, 1]},
								"down": {"uv": [87, 46], "uv_size": [1, -1]}
							}
						},
						{
							"origin": [-1.06167, 0.42053, -0.28922],
							"size": [0.21255, 0.25176, 0.10139],
							"pivot": [-1.0929, 0.58391, -0.04589],
							"rotation": [150, 0, -180],
							"uv": {
								"north": {"uv": [50, 87], "uv_size": [1, 1]},
								"east": {"uv": [87, 51], "uv_size": [1, 1]},
								"south": {"uv": [87, 53], "uv_size": [1, 1]},
								"west": {"uv": [66, 87], "uv_size": [1, 1]},
								"up": {"uv": [87, 76], "uv_size": [1, 1]},
								"down": {"uv": [77, 88], "uv_size": [1, -1]}
							}
						},
						{
							"origin": [-0.97559, 0.20713, -0.21843],
							"size": [0.10585, 0.46516, 0.4268],
							"pivot": [-1.0929, 0.58391, -0.04589],
							"rotation": [149.78638, 6.49053, 176.23387],
							"uv": {
								"north": {"uv": [26, 80], "uv_size": [1, 2]},
								"east": {"uv": [64, 60], "uv_size": [2, 2]},
								"south": {"uv": [80, 26], "uv_size": [1, 2]},
								"west": {"uv": [63, 64], "uv_size": [2, 2]},
								"up": {"uv": [28, 80], "uv_size": [1, 2]},
								"down": {"uv": [80, 31], "uv_size": [1, -2]}
							}
						},
						{
							"origin": [-1.04341, 0.20713, -0.18254],
							"size": [0.10585, 0.46516, 0.4268],
							"pivot": [-1.0929, 0.58391, -0.04589],
							"rotation": [149.78638, -6.49053, -176.23387],
							"uv": {
								"north": {"uv": [30, 80], "uv_size": [1, 2]},
								"east": {"uv": [65, 18], "uv_size": [2, 2]},
								"south": {"uv": [32, 80], "uv_size": [1, 2]},
								"west": {"uv": [65, 25], "uv_size": [2, 2]},
								"up": {"uv": [34, 80], "uv_size": [1, 2]},
								"down": {"uv": [36, 82], "uv_size": [1, -2]}
							}
						}
					]
				},
				{
					"name": "bone76",
					"parent": "bone75",
					"pivot": [-1.0929, 0.49085, 0.22972],
					"rotation": [0, -30, 0],
					"cubes": [
						{
							"origin": [-1.37083, 0.28494, 0.05055],
							"size": [0.21255, 0.41181, 0.36814],
							"pivot": [-1.10797, 0.42443, 0.22102],
							"rotation": [0, 60, 0],
							"uv": {
								"north": {"uv": [78, 69], "uv_size": [1, 2]},
								"east": {"uv": [48, 63], "uv_size": [2, 2]},
								"south": {"uv": [78, 72], "uv_size": [1, 2]},
								"west": {"uv": [63, 57], "uv_size": [2, 2]},
								"up": {"uv": [78, 75], "uv_size": [1, 2]},
								"down": {"uv": [78, 80], "uv_size": [1, -2]}
							}
						},
						{
							"origin": [-1.28075, 0.28494, 0.17935],
							"size": [0.21255, 0.41181, 0.36814],
							"uv": {
								"north": {"uv": [79, 0], "uv_size": [1, 2]},
								"east": {"uv": [3, 64], "uv_size": [2, 2]},
								"south": {"uv": [79, 3], "uv_size": [1, 2]},
								"west": {"uv": [6, 64], "uv_size": [2, 2]},
								"up": {"uv": [79, 15], "uv_size": [1, 2]},
								"down": {"uv": [79, 25], "uv_size": [1, -2]}
							}
						},
						{
							"origin": [-1.1091, 0.28494, 0.19185],
							"size": [0.21255, 0.41181, 0.36814],
							"pivot": [-1.07783, 0.42443, 0.22102],
							"rotation": [0, -60, 0],
							"uv": {
								"north": {"uv": [79, 34], "uv_size": [1, 2]},
								"east": {"uv": [9, 64], "uv_size": [2, 2]},
								"south": {"uv": [79, 41], "uv_size": [1, 2]},
								"west": {"uv": [12, 64], "uv_size": [2, 2]},
								"up": {"uv": [79, 44], "uv_size": [1, 2]},
								"down": {"uv": [79, 49], "uv_size": [1, -2]}
							}
						}
					]
				},
				{
					"name": "bone73",
					"parent": "an_peq_2a",
					"pivot": [1.0411, 0.93192, 0.86992],
					"cubes": [
						{
							"origin": [0.93483, 0.52089, 0.76085],
							"size": [0.21255, 0.49717, 0.36814],
							"uv": {
								"north": {"uv": [63, 80], "uv_size": [1, 2]},
								"east": {"uv": [57, 65], "uv_size": [2, 2]},
								"south": {"uv": [65, 80], "uv_size": [1, 2]},
								"west": {"uv": [66, 0], "uv_size": [2, 2]},
								"up": {"uv": [80, 66], "uv_size": [1, 2]},
								"down": {"uv": [80, 71], "uv_size": [1, -2]}
							}
						},
						{
							"origin": [1.01413, 0.63014, 1.1177],
							"size": [0.10585, 0.25176, 0.4268],
							"pivot": [1.06705, 0.75602, 1.3311],
							"rotation": [-30.21362, -6.49053, 3.76613],
							"uv": {
								"north": {"uv": [87, 78], "uv_size": [1, 1]},
								"east": {"uv": [80, 21], "uv_size": [2, 1]},
								"south": {"uv": [79, 87], "uv_size": [1, 1]},
								"west": {"uv": [80, 32], "uv_size": [2, 1]},
								"up": {"uv": [70, 80], "uv_size": [1, 2]},
								"down": {"uv": [72, 82], "uv_size": [1, -2]}
							}
						},
						{
							"origin": [0.96223, 0.63014, 1.1177],
							"size": [0.10585, 0.25176, 0.4268],
							"pivot": [1.01515, 0.75602, 1.3311],
							"rotation": [-30.21362, 6.49053, -3.76613],
							"uv": {
								"north": {"uv": [81, 87], "uv_size": [1, 1]},
								"east": {"uv": [80, 53], "uv_size": [2, 1]},
								"south": {"uv": [87, 82], "uv_size": [1, 1]},
								"west": {"uv": [80, 72], "uv_size": [2, 1]},
								"up": {"uv": [74, 80], "uv_size": [1, 2]},
								"down": {"uv": [80, 76], "uv_size": [1, -2]}
							}
						},
						{
							"origin": [0.93483, 0.65112, 1.03067],
							"size": [0.21255, 0.25176, 0.10139],
							"pivot": [1.0411, 0.777, 1.29476],
							"rotation": [-30, 0, 0],
							"uv": {
								"north": {"uv": [83, 87], "uv_size": [1, 1]},
								"east": {"uv": [87, 84], "uv_size": [1, 1]},
								"south": {"uv": [87, 86], "uv_size": [1, 1]},
								"west": {"uv": [88, 0], "uv_size": [1, 1]},
								"up": {"uv": [88, 2], "uv_size": [1, 1]},
								"down": {"uv": [88, 5], "uv_size": [1, -1]}
							}
						},
						{
							"origin": [0.93483, 0.69398, 0.49093],
							"size": [0.21255, 0.25176, 0.10139],
							"pivot": [1.0411, 0.81986, 0.66931],
							"rotation": [150, 0, -180],
							"uv": {
								"north": {"uv": [88, 6], "uv_size": [1, 1]},
								"east": {"uv": [88, 8], "uv_size": [1, 1]},
								"south": {"uv": [17, 88], "uv_size": [1, 1]},
								"west": {"uv": [88, 17], "uv_size": [1, 1]},
								"up": {"uv": [88, 19], "uv_size": [1, 1]},
								"down": {"uv": [88, 22], "uv_size": [1, -1]}
							}
						},
						{
							"origin": [1.03057, 0.69398, 0.57911],
							"size": [0.10585, 0.25176, 0.4268],
							"pivot": [1.0411, 0.81986, 0.66931],
							"rotation": [149.78638, 6.49053, 176.23387],
							"uv": {
								"north": {"uv": [88, 23], "uv_size": [1, 1]},
								"east": {"uv": [80, 77], "uv_size": [2, 1]},
								"south": {"uv": [88, 25], "uv_size": [1, 1]},
								"west": {"uv": [80, 79], "uv_size": [2, 1]},
								"up": {"uv": [76, 80], "uv_size": [1, 2]},
								"down": {"uv": [81, 2], "uv_size": [1, -2]}
							}
						},
						{
							"origin": [0.94578, 0.69398, 0.57911],
							"size": [0.10585, 0.25176, 0.4268],
							"pivot": [1.0411, 0.81986, 0.66931],
							"rotation": [149.78638, -6.49053, -176.23387],
							"uv": {
								"north": {"uv": [88, 27], "uv_size": [1, 1]},
								"east": {"uv": [81, 3], "uv_size": [2, 1]},
								"south": {"uv": [88, 34], "uv_size": [1, 1]},
								"west": {"uv": [8, 81], "uv_size": [2, 1]},
								"up": {"uv": [11, 81], "uv_size": [1, 2]},
								"down": {"uv": [13, 83], "uv_size": [1, -2]}
							}
						}
					]
				},
				{
					"name": "bone74",
					"parent": "bone73",
					"pivot": [1.0411, 0.8643, 0.86992],
					"rotation": [0, -30, 0],
					"cubes": [
						{
							"origin": [0.88225, 0.52089, 0.7595],
							"size": [0.21255, 0.41181, 0.36814],
							"pivot": [1.02603, 0.79788, 0.86122],
							"rotation": [0, 60, 0],
							"uv": {
								"north": {"uv": [80, 37], "uv_size": [1, 2]},
								"east": {"uv": [65, 28], "uv_size": [2, 2]},
								"south": {"uv": [38, 80], "uv_size": [1, 2]},
								"west": {"uv": [65, 36], "uv_size": [2, 2]},
								"up": {"uv": [40, 80], "uv_size": [1, 2]},
								"down": {"uv": [48, 82], "uv_size": [1, -2]}
							}
						},
						{
							"origin": [0.97233, 0.52089, 0.7508],
							"size": [0.21255, 0.41181, 0.36814],
							"uv": {
								"north": {"uv": [80, 50], "uv_size": [1, 2]},
								"east": {"uv": [65, 46], "uv_size": [2, 2]},
								"south": {"uv": [53, 80], "uv_size": [1, 2]},
								"west": {"uv": [65, 49], "uv_size": [2, 2]},
								"up": {"uv": [55, 80], "uv_size": [1, 2]},
								"down": {"uv": [57, 82], "uv_size": [1, -2]}
							}
						},
						{
							"origin": [1.0249, 0.52089, 0.69455],
							"size": [0.21255, 0.41181, 0.36814],
							"pivot": [1.05617, 0.79788, 0.86122],
							"rotation": [0, -60, 0],
							"uv": {
								"north": {"uv": [80, 57], "uv_size": [1, 2]},
								"east": {"uv": [65, 52], "uv_size": [2, 2]},
								"south": {"uv": [59, 80], "uv_size": [1, 2]},
								"west": {"uv": [54, 65], "uv_size": [2, 2]},
								"up": {"uv": [80, 60], "uv_size": [1, 2]},
								"down": {"uv": [61, 82], "uv_size": [1, -2]}
							}
						}
					]
				},
				{
					"name": "bone77",
					"parent": "an_peq_2a",
					"pivot": [1.4679, 0.57981, 0.86992],
					"rotation": [0, 0, 90],
					"cubes": [
						{
							"origin": [1.49913, 0.30628, 0.76085],
							"size": [0.21255, 0.49717, 0.36814],
							"uv": {
								"north": {"uv": [67, 81], "uv_size": [1, 2]},
								"east": {"uv": [66, 31], "uv_size": [2, 2]},
								"south": {"uv": [78, 81], "uv_size": [1, 2]},
								"west": {"uv": [32, 66], "uv_size": [2, 2]},
								"up": {"uv": [80, 81], "uv_size": [1, 2]},
								"down": {"uv": [82, 7], "uv_size": [1, -2]}
							}
						},
						{
							"origin": [1.58573, 0.23963, 1.08915],
							"size": [0.10585, 0.46516, 0.4268],
							"pivot": [1.49385, 0.54141, 1.2561],
							"rotation": [-30.21362, -6.49053, 3.76613],
							"uv": {
								"north": {"uv": [82, 8], "uv_size": [1, 2]},
								"east": {"uv": [35, 66], "uv_size": [2, 2]},
								"south": {"uv": [82, 11], "uv_size": [1, 2]},
								"west": {"uv": [38, 66], "uv_size": [2, 2]},
								"up": {"uv": [82, 18], "uv_size": [1, 2]},
								"down": {"uv": [82, 28], "uv_size": [1, -2]}
							}
						},
						{
							"origin": [1.51687, 0.23963, 1.12505],
							"size": [0.10585, 0.46516, 0.4268],
							"pivot": [1.44195, 0.54141, 1.2561],
							"rotation": [-30.21362, 6.49053, -3.76613],
							"uv": {
								"north": {"uv": [82, 29], "uv_size": [1, 2]},
								"east": {"uv": [66, 39], "uv_size": [2, 2]},
								"south": {"uv": [82, 37], "uv_size": [1, 2]},
								"west": {"uv": [41, 66], "uv_size": [2, 2]},
								"up": {"uv": [82, 49], "uv_size": [1, 2]},
								"down": {"uv": [82, 57], "uv_size": [1, -2]}
							}
						},
						{
							"origin": [1.49913, 0.47401, 1.02062],
							"size": [0.21255, 0.25176, 0.10139],
							"pivot": [1.4679, 0.56239, 1.21976],
							"rotation": [-30, 0, 0],
							"uv": {
								"north": {"uv": [88, 36], "uv_size": [1, 1]},
								"east": {"uv": [88, 42], "uv_size": [1, 1]},
								"south": {"uv": [88, 47], "uv_size": [1, 1]},
								"west": {"uv": [88, 49], "uv_size": [1, 1]},
								"up": {"uv": [88, 55], "uv_size": [1, 1]},
								"down": {"uv": [58, 89], "uv_size": [1, -1]}
							}
						},
						{
							"origin": [1.22413, 0.44187, 0.35098],
							"size": [0.21255, 0.25176, 0.10139],
							"pivot": [1.4679, 0.60525, 0.59431],
							"rotation": [150, 0, -180],
							"uv": {
								"north": {"uv": [60, 88], "uv_size": [1, 1]},
								"east": {"uv": [88, 60], "uv_size": [1, 1]},
								"south": {"uv": [62, 88], "uv_size": [1, 1]},
								"west": {"uv": [88, 62], "uv_size": [1, 1]},
								"up": {"uv": [68, 88], "uv_size": [1, 1]},
								"down": {"uv": [88, 70], "uv_size": [1, -1]}
							}
						},
						{
							"origin": [1.31257, 0.22847, 0.45766],
							"size": [0.10585, 0.46516, 0.4268],
							"pivot": [1.4679, 0.60525, 0.59431],
							"rotation": [149.78638, 6.49053, 176.23387],
							"uv": {
								"north": {"uv": [82, 58], "uv_size": [1, 2]},
								"east": {"uv": [66, 42], "uv_size": [2, 2]},
								"south": {"uv": [82, 66], "uv_size": [1, 2]},
								"west": {"uv": [44, 66], "uv_size": [2, 2]},
								"up": {"uv": [82, 69], "uv_size": [1, 2]},
								"down": {"uv": [82, 76], "uv_size": [1, -2]}
							}
						},
						{
							"origin": [1.24474, 0.22847, 0.42177],
							"size": [0.10585, 0.46516, 0.4268],
							"pivot": [1.4679, 0.60525, 0.59431],
							"rotation": [149.78638, -6.49053, -176.23387],
							"uv": {
								"north": {"uv": [82, 81], "uv_size": [1, 2]},
								"east": {"uv": [47, 66], "uv_size": [2, 2]},
								"south": {"uv": [0, 83], "uv_size": [1, 2]},
								"west": {"uv": [66, 55], "uv_size": [2, 2]},
								"up": {"uv": [83, 0], "uv_size": [1, 2]},
								"down": {"uv": [2, 85], "uv_size": [1, -2]}
							}
						}
					]
				},
				{
					"name": "bone78",
					"parent": "bone77",
					"pivot": [1.4679, 0.51219, 0.86992],
					"rotation": [0, -30, 0],
					"cubes": [
						{
							"origin": [1.42813, 0.30628, 0.82825],
							"size": [0.21255, 0.41181, 0.36814],
							"pivot": [1.45283, 0.44577, 0.86122],
							"rotation": [0, 60, 0],
							"uv": {
								"north": {"uv": [81, 15], "uv_size": [1, 2]},
								"east": {"uv": [66, 3], "uv_size": [2, 2]},
								"south": {"uv": [81, 23], "uv_size": [1, 2]},
								"west": {"uv": [66, 6], "uv_size": [2, 2]},
								"up": {"uv": [24, 81], "uv_size": [1, 2]},
								"down": {"uv": [81, 36], "uv_size": [1, -2]}
							}
						},
						{
							"origin": [1.51821, 0.30628, 0.68205],
							"size": [0.21255, 0.41181, 0.36814],
							"uv": {
								"north": {"uv": [81, 40], "uv_size": [1, 2]},
								"east": {"uv": [66, 9], "uv_size": [2, 2]},
								"south": {"uv": [42, 81], "uv_size": [1, 2]},
								"west": {"uv": [66, 12], "uv_size": [2, 2]},
								"up": {"uv": [81, 43], "uv_size": [1, 2]},
								"down": {"uv": [44, 83], "uv_size": [1, -2]}
							}
						},
						{
							"origin": [1.4517, 0.30628, 0.55705],
							"size": [0.21255, 0.41181, 0.36814],
							"pivot": [1.48297, 0.44577, 0.86122],
							"rotation": [0, -60, 0],
							"uv": {
								"north": {"uv": [46, 81], "uv_size": [1, 2]},
								"east": {"uv": [66, 15], "uv_size": [2, 2]},
								"south": {"uv": [81, 46], "uv_size": [1, 2]},
								"west": {"uv": [66, 21], "uv_size": [2, 2]},
								"up": {"uv": [50, 81], "uv_size": [1, 2]},
								"down": {"uv": [81, 65], "uv_size": [1, -2]}
							}
						}
					]
				},
				{
					"name": "bone67",
					"parent": "an_peq_2a",
					"pivot": [1.05128, 0.57255, -0.91912],
					"cubes": [
						{
							"origin": [0.89498, 0.05772, -1.18847],
							"size": [0.31259, 0.75467, 0.6887],
							"uv": {
								"north": {"uv": [24, 64], "uv_size": [1, 4]},
								"east": {"uv": [17, 47], "uv_size": [3, 4]},
								"south": {"uv": [66, 63], "uv_size": [1, 4]},
								"west": {"uv": [21, 47], "uv_size": [3, 4]},
								"up": {"uv": [16, 72], "uv_size": [1, 3]},
								"down": {"uv": [18, 75], "uv_size": [1, -3]}
							}
						},
						{
							"origin": [0.87235, 0.0671, -1.18847],
							"size": [0.31259, 0.75467, 0.6887],
							"pivot": [1.02864, 0.41242, -0.8708],
							"rotation": [0, 0, 45],
							"uv": {
								"north": {"uv": [0, 67], "uv_size": [1, 4]},
								"east": {"uv": [30, 48], "uv_size": [3, 4]},
								"south": {"uv": [2, 67], "uv_size": [1, 4]},
								"west": {"uv": [34, 48], "uv_size": [3, 4]},
								"up": {"uv": [20, 72], "uv_size": [1, 3]},
								"down": {"uv": [72, 23], "uv_size": [1, -3]}
							}
						},
						{
							"origin": [0.91762, 0.0671, -1.18847],
							"size": [0.31259, 0.75467, 0.6887],
							"pivot": [1.07392, 0.41242, -0.8708],
							"rotation": [0, 0, -45],
							"uv": {
								"north": {"uv": [4, 67], "uv_size": [1, 4]},
								"east": {"uv": [38, 48], "uv_size": [3, 4]},
								"south": {"uv": [6, 67], "uv_size": [1, 4]},
								"west": {"uv": [48, 46], "uv_size": [3, 4]},
								"up": {"uv": [22, 72], "uv_size": [1, 3]},
								"down": {"uv": [26, 75], "uv_size": [1, -3]}
							}
						},
						{
							"origin": [0.86297, 0.08974, -1.18847],
							"size": [0.31259, 0.75467, 0.6887],
							"pivot": [1.01926, 0.43505, -0.8708],
							"rotation": [0, 0, 90],
							"uv": {
								"north": {"uv": [8, 67], "uv_size": [1, 4]},
								"east": {"uv": [49, 37], "uv_size": [3, 4]},
								"south": {"uv": [10, 67], "uv_size": [1, 4]},
								"west": {"uv": [12, 51], "uv_size": [3, 4]},
								"up": {"uv": [28, 72], "uv_size": [1, 3]},
								"down": {"uv": [30, 75], "uv_size": [1, -3]}
							}
						}
					]
				},
				{
					"name": "bone82",
					"parent": "an_peq_2a",
					"pivot": [1.53143, 0.57255, -0.75907],
					"rotation": [0, -90, 0],
					"cubes": [
						{
							"origin": [1.45013, 0.05772, -0.78545],
							"size": [0.31259, 0.75467, 0.10185],
							"uv": {
								"north": {"uv": [12, 67], "uv_size": [1, 4]},
								"east": {"uv": [14, 67], "uv_size": [1, 4]},
								"south": {"uv": [16, 67], "uv_size": [1, 4]},
								"west": {"uv": [18, 67], "uv_size": [1, 4]},
								"up": {"uv": [72, 88], "uv_size": [1, 1]},
								"down": {"uv": [88, 74], "uv_size": [1, -1]}
							}
						},
						{
							"origin": [1.50348, 0.00437, -0.73482],
							"size": [0.20589, 0.11447, 0.52865],
							"uv": {
								"north": {"uv": [74, 88], "uv_size": [1, 1]},
								"east": {"uv": [82, 61], "uv_size": [2, 1]},
								"south": {"uv": [88, 80], "uv_size": [1, 1]},
								"west": {"uv": [8, 83], "uv_size": [2, 1]},
								"up": {"uv": [83, 14], "uv_size": [1, 2]},
								"down": {"uv": [15, 85], "uv_size": [1, -2]}
							}
						},
						{
							"origin": [1.50348, 0.75127, -0.73482],
							"size": [0.20589, 0.11447, 0.52865],
							"uv": {
								"north": {"uv": [85, 88], "uv_size": [1, 1]},
								"east": {"uv": [17, 83], "uv_size": [2, 1]},
								"south": {"uv": [87, 88], "uv_size": [1, 1]},
								"west": {"uv": [20, 83], "uv_size": [2, 1]},
								"up": {"uv": [83, 21], "uv_size": [1, 2]},
								"down": {"uv": [26, 85], "uv_size": [1, -2]}
							}
						},
						{
							"origin": [1.50276, 0.1604, -0.78332],
							"size": [0.31259, 0.75467, 0.10185],
							"pivot": [1.50879, 0.54992, -0.519],
							"rotation": [0, 0, 45],
							"uv": {
								"north": {"uv": [20, 67], "uv_size": [1, 4]},
								"east": {"uv": [22, 67], "uv_size": [1, 4]},
								"south": {"uv": [26, 67], "uv_size": [1, 4]},
								"west": {"uv": [28, 67], "uv_size": [1, 4]},
								"up": {"uv": [0, 89], "uv_size": [1, 1]},
								"down": {"uv": [2, 90], "uv_size": [1, -1]}
							}
						},
						{
							"origin": [1.35358, 0.05434, -0.78332],
							"size": [0.31259, 0.75467, 0.10185],
							"pivot": [1.55407, 0.54992, -0.519],
							"rotation": [0, 0, -45],
							"uv": {
								"north": {"uv": [30, 67], "uv_size": [1, 4]},
								"east": {"uv": [50, 67], "uv_size": [1, 4]},
								"south": {"uv": [52, 67], "uv_size": [1, 4]},
								"west": {"uv": [67, 58], "uv_size": [1, 4]},
								"up": {"uv": [4, 89], "uv_size": [1, 1]},
								"down": {"uv": [6, 90], "uv_size": [1, -1]}
							}
						},
						{
							"origin": [1.48062, 0.30224, -0.78758],
							"size": [0.31259, 0.75467, 0.10185],
							"pivot": [1.49941, 0.57255, -0.519],
							"rotation": [0, 0, 90],
							"uv": {
								"north": {"uv": [60, 67], "uv_size": [1, 4]},
								"east": {"uv": [62, 67], "uv_size": [1, 4]},
								"south": {"uv": [64, 67], "uv_size": [1, 4]},
								"west": {"uv": [68, 24], "uv_size": [1, 4]},
								"up": {"uv": [8, 89], "uv_size": [1, 1]},
								"down": {"uv": [10, 90], "uv_size": [1, -1]}
							}
						}
					]
				},
				{
					"name": "bone81",
					"parent": "an_peq_2a",
					"pivot": [1.05128, 0.57255, -0.91912],
					"rotation": [-17.5, 0, 0],
					"cubes": [
						{
							"origin": [0.89498, 0.38612, -0.5913],
							"size": [0.31259, 0.54126, 0.3686],
							"uv": {
								"north": {"uv": [72, 31], "uv_size": [1, 3]},
								"east": {"uv": [36, 55], "uv_size": [2, 3]},
								"south": {"uv": [32, 72], "uv_size": [1, 3]},
								"west": {"uv": [39, 55], "uv_size": [2, 3]},
								"up": {"uv": [28, 83], "uv_size": [1, 2]},
								"down": {"uv": [30, 85], "uv_size": [1, -2]}
							}
						},
						{
							"origin": [0.94913, 0.4273, -0.5913],
							"size": [0.20589, 0.54126, 0.3686],
							"pivot": [1.02864, 0.636, -0.3865],
							"rotation": [0, 0, 45],
							"uv": {
								"north": {"uv": [34, 72], "uv_size": [1, 3]},
								"east": {"uv": [48, 55], "uv_size": [2, 3]},
								"south": {"uv": [36, 72], "uv_size": [1, 3]},
								"west": {"uv": [56, 0], "uv_size": [2, 3]},
								"up": {"uv": [32, 83], "uv_size": [1, 2]},
								"down": {"uv": [83, 34], "uv_size": [1, -2]}
							}
						},
						{
							"origin": [0.84084, 0.6407, -0.5913],
							"size": [0.31259, 0.32786, 0.3686],
							"pivot": [1.07392, 0.636, -0.3865],
							"rotation": [0, 0, -45],
							"uv": {
								"north": {"uv": [34, 83], "uv_size": [1, 2]},
								"east": {"uv": [68, 18], "uv_size": [2, 2]},
								"south": {"uv": [36, 83], "uv_size": [1, 2]},
								"west": {"uv": [68, 34], "uv_size": [2, 2]},
								"up": {"uv": [38, 83], "uv_size": [1, 2]},
								"down": {"uv": [40, 85], "uv_size": [1, -2]}
							}
						},
						{
							"origin": [0.97155, 0.31332, -0.5913],
							"size": [0.31259, 0.54126, 0.3686],
							"pivot": [1.01926, 0.65864, -0.3865],
							"rotation": [0, 0, 90],
							"uv": {
								"north": {"uv": [38, 72], "uv_size": [1, 3]},
								"east": {"uv": [12, 56], "uv_size": [2, 3]},
								"south": {"uv": [72, 39], "uv_size": [1, 3]},
								"west": {"uv": [15, 56], "uv_size": [2, 3]},
								"up": {"uv": [83, 40], "uv_size": [1, 2]},
								"down": {"uv": [83, 45], "uv_size": [1, -2]}
							}
						}
					]
				},
				{
					"name": "bone68",
					"parent": "an_peq_2a",
					"pivot": [1.05128, 0.57255, -1.34592],
					"cubes": [
						{
							"origin": [0.91374, 0.103, -1.30933],
							"size": [0.27508, 0.66411, 0.17926],
							"uv": {
								"north": {"uv": [40, 72], "uv_size": [1, 3]},
								"east": {"uv": [42, 72], "uv_size": [1, 3]},
								"south": {"uv": [44, 72], "uv_size": [1, 3]},
								"west": {"uv": [46, 72], "uv_size": [1, 3]},
								"up": {"uv": [89, 10], "uv_size": [1, 1]},
								"down": {"uv": [12, 90], "uv_size": [1, -1]}
							}
						},
						{
							"origin": [0.89382, 0.11125, -1.3072],
							"size": [0.27508, 0.66411, 0.17926],
							"pivot": [1.03136, 0.41513, -1.2944],
							"rotation": [0, 0, 45],
							"uv": {
								"north": {"uv": [48, 72], "uv_size": [1, 3]},
								"east": {"uv": [50, 72], "uv_size": [1, 3]},
								"south": {"uv": [52, 72], "uv_size": [1, 3]},
								"west": {"uv": [72, 54], "uv_size": [1, 3]},
								"up": {"uv": [89, 12], "uv_size": [1, 1]},
								"down": {"uv": [14, 90], "uv_size": [1, -1]}
							}
						},
						{
							"origin": [0.93366, 0.11125, -1.3072],
							"size": [0.27508, 0.66411, 0.17926],
							"pivot": [1.0712, 0.41513, -1.2944],
							"rotation": [0, 0, -45],
							"uv": {
								"north": {"uv": [72, 58], "uv_size": [1, 3]},
								"east": {"uv": [60, 72], "uv_size": [1, 3]},
								"south": {"uv": [62, 72], "uv_size": [1, 3]},
								"west": {"uv": [64, 72], "uv_size": [1, 3]},
								"up": {"uv": [89, 14], "uv_size": [1, 1]},
								"down": {"uv": [19, 90], "uv_size": [1, -1]}
							}
						},
						{
							"origin": [0.91374, 0.103, -1.31147],
							"size": [0.27508, 0.66411, 0.17926],
							"pivot": [1.05128, 0.43505, -1.21757],
							"rotation": [0, 0, 90],
							"uv": {
								"north": {"uv": [72, 65], "uv_size": [1, 3]},
								"east": {"uv": [72, 69], "uv_size": [1, 3]},
								"south": {"uv": [73, 0], "uv_size": [1, 3]},
								"west": {"uv": [73, 4], "uv_size": [1, 3]},
								"up": {"uv": [21, 89], "uv_size": [1, 1]},
								"down": {"uv": [23, 90], "uv_size": [1, -1]}
							}
						}
					]
				},
				{
					"name": "bone69",
					"parent": "an_peq_2a",
					"pivot": [-0.43185, 0.57255, -1.02582],
					"cubes": [
						{
							"origin": [-0.54601, 0.15945, -1.02735],
							"size": [0.22832, 0.55121, 0.14878],
							"uv": {
								"north": {"uv": [73, 16], "uv_size": [1, 3]},
								"east": {"uv": [24, 73], "uv_size": [1, 3]},
								"south": {"uv": [73, 24], "uv_size": [1, 3]},
								"west": {"uv": [73, 35], "uv_size": [1, 3]},
								"up": {"uv": [25, 89], "uv_size": [1, 1]},
								"down": {"uv": [27, 90], "uv_size": [1, -1]}
							}
						},
						{
							"origin": [-0.56254, 0.1663, -1.02521],
							"size": [0.22832, 0.55121, 0.14878],
							"pivot": [-0.44839, 0.41852, -1.01459],
							"rotation": [0, 0, 45],
							"uv": {
								"north": {"uv": [73, 43], "uv_size": [1, 3]},
								"east": {"uv": [73, 47], "uv_size": [1, 3]},
								"south": {"uv": [54, 73], "uv_size": [1, 3]},
								"west": {"uv": [56, 73], "uv_size": [1, 3]},
								"up": {"uv": [29, 89], "uv_size": [1, 1]},
								"down": {"uv": [89, 30], "uv_size": [1, -1]}
							}
						},
						{
							"origin": [-0.52947, 0.1663, -1.02521],
							"size": [0.22832, 0.55121, 0.14878],
							"pivot": [-0.41532, 0.41852, -1.01459],
							"rotation": [0, 0, -45],
							"uv": {
								"north": {"uv": [58, 73], "uv_size": [1, 3]},
								"east": {"uv": [66, 73], "uv_size": [1, 3]},
								"south": {"uv": [70, 73], "uv_size": [1, 3]},
								"west": {"uv": [72, 73], "uv_size": [1, 3]},
								"up": {"uv": [31, 89], "uv_size": [1, 1]},
								"down": {"uv": [89, 32], "uv_size": [1, -1]}
							}
						},
						{
							"origin": [-0.54601, 0.15945, -1.02948],
							"size": [0.22832, 0.55121, 0.14878],
							"pivot": [-0.43185, 0.43505, -0.95082],
							"rotation": [0, 0, 90],
							"uv": {
								"north": {"uv": [74, 8], "uv_size": [1, 3]},
								"east": {"uv": [74, 12], "uv_size": [1, 3]},
								"south": {"uv": [74, 20], "uv_size": [1, 3]},
								"west": {"uv": [74, 28], "uv_size": [1, 3]},
								"up": {"uv": [33, 89], "uv_size": [1, 1]},
								"down": {"uv": [35, 90], "uv_size": [1, -1]}
							}
						}
					]
				},
				{
					"name": "bone61",
					"parent": "an_peq_2a",
					"pivot": [-0.61275, 0.57248, 4.21419],
					"cubes": [
						{
							"origin": [-0.73151, 0.14828, 3.97816],
							"size": [0.23751, 0.57341, 0.51536],
							"uv": {
								"north": {"uv": [75, 4], "uv_size": [1, 3]},
								"east": {"uv": [8, 57], "uv_size": [2, 3]},
								"south": {"uv": [75, 16], "uv_size": [1, 3]},
								"west": {"uv": [30, 57], "uv_size": [2, 3]},
								"up": {"uv": [64, 83], "uv_size": [1, 2]},
								"down": {"uv": [69, 85], "uv_size": [1, -2]}
							}
						},
						{
							"origin": [-0.74871, 0.1554, 3.97816],
							"size": [0.23751, 0.57341, 0.51536],
							"pivot": [-0.62995, 0.41778, 4.28919],
							"rotation": [0, 0, 45],
							"uv": {
								"north": {"uv": [75, 24], "uv_size": [1, 3]},
								"east": {"uv": [54, 57], "uv_size": [2, 3]},
								"south": {"uv": [75, 34], "uv_size": [1, 3]},
								"west": {"uv": [57, 57], "uv_size": [2, 3]},
								"up": {"uv": [71, 83], "uv_size": [1, 2]},
								"down": {"uv": [73, 85], "uv_size": [1, -2]}
							}
						},
						{
							"origin": [-0.71431, 0.1554, 3.97816],
							"size": [0.23751, 0.57341, 0.51536],
							"pivot": [-0.59555, 0.41778, 4.28919],
							"rotation": [0, 0, -45],
							"uv": {
								"north": {"uv": [75, 43], "uv_size": [1, 3]},
								"east": {"uv": [59, 0], "uv_size": [2, 3]},
								"south": {"uv": [75, 47], "uv_size": [1, 3]},
								"west": {"uv": [59, 25], "uv_size": [2, 3]},
								"up": {"uv": [75, 83], "uv_size": [1, 2]},
								"down": {"uv": [83, 79], "uv_size": [1, -2]}
							}
						},
						{
							"origin": [-0.75583, 0.1726, 3.97816],
							"size": [0.23751, 0.57341, 0.51536],
							"pivot": [-0.63708, 0.43498, 4.28919],
							"rotation": [0, 0, 90],
							"uv": {
								"north": {"uv": [0, 76], "uv_size": [1, 3]},
								"east": {"uv": [26, 59], "uv_size": [2, 3]},
								"south": {"uv": [2, 76], "uv_size": [1, 3]},
								"west": {"uv": [59, 29], "uv_size": [2, 3]},
								"up": {"uv": [84, 3], "uv_size": [1, 2]},
								"down": {"uv": [84, 8], "uv_size": [1, -2]}
							}
						}
					]
				},
				{
					"name": "bone62",
					"parent": "bone61",
					"pivot": [-0.61275, 0.57248, 4.23553],
					"cubes": [
						{
							"origin": [-0.73982, 0.12821, 4.09564],
							"size": [0.25414, 0.61355, 0.4298],
							"uv": {
								"north": {"uv": [74, 39], "uv_size": [1, 3]},
								"east": {"uv": [18, 56], "uv_size": [2, 3]},
								"south": {"uv": [74, 51], "uv_size": [1, 3]},
								"west": {"uv": [21, 56], "uv_size": [2, 3]},
								"up": {"uv": [83, 46], "uv_size": [1, 2]},
								"down": {"uv": [48, 85], "uv_size": [1, -2]}
							}
						},
						{
							"origin": [-0.76074, 0.29606, 4.25505],
							"size": [0.27463, 0.27463, 0.38839],
							"pivot": [-0.62342, 0.43337, 4.44924],
							"rotation": [0, 0, 45],
							"uv": {
								"north": {"uv": [37, 89], "uv_size": [1, 1]},
								"east": {"uv": [83, 24], "uv_size": [2, 1]},
								"south": {"uv": [89, 38], "uv_size": [1, 1]},
								"west": {"uv": [83, 35], "uv_size": [2, 1]},
								"up": {"uv": [52, 83], "uv_size": [1, 2]},
								"down": {"uv": [83, 54], "uv_size": [1, -2]}
							}
						},
						{
							"origin": [-0.41972, 0.3096, 4.06202],
							"size": [0.20079, 0.18675, 0.05635],
							"pivot": [-0.31973, 0.40297, 4.33107],
							"rotation": [0, 0, -172.5],
							"uv": {
								"north": {"uv": [39, 89], "uv_size": [1, 1]},
								"east": {"uv": [89, 40], "uv_size": [1, 1]},
								"south": {"uv": [41, 89], "uv_size": [1, 1]},
								"west": {"uv": [43, 89], "uv_size": [1, 1]},
								"up": {"uv": [89, 44], "uv_size": [1, 1]},
								"down": {"uv": [45, 90], "uv_size": [1, -1]}
							}
						},
						{
							"origin": [-0.40098, 0.3096, 4.07012],
							"size": [0.20079, 0.18675, 0.05635],
							"pivot": [-0.31973, 0.40297, 4.33107],
							"rotation": [0, 45, -172.5],
							"uv": {
								"north": {"uv": [47, 89], "uv_size": [1, 1]},
								"east": {"uv": [49, 89], "uv_size": [1, 1]},
								"south": {"uv": [51, 89], "uv_size": [1, 1]},
								"west": {"uv": [89, 51], "uv_size": [1, 1]},
								"up": {"uv": [53, 89], "uv_size": [1, 1]},
								"down": {"uv": [89, 54], "uv_size": [1, -1]}
							}
						},
						{
							"origin": [-0.4468, 0.3096, 4.5167],
							"size": [0.25414, 0.18675, 0.05635],
							"pivot": [-0.31973, 0.40297, 4.33107],
							"rotation": [0, -90, -172.5],
							"uv": {
								"north": {"uv": [55, 89], "uv_size": [1, 1]},
								"east": {"uv": [89, 57], "uv_size": [1, 1]},
								"south": {"uv": [64, 89], "uv_size": [1, 1]},
								"west": {"uv": [89, 64], "uv_size": [1, 1]},
								"up": {"uv": [66, 89], "uv_size": [1, 1]},
								"down": {"uv": [89, 67], "uv_size": [1, -1]}
							}
						},
						{
							"origin": [-0.40098, 0.3096, 4.53568],
							"size": [0.20079, 0.18675, 0.05635],
							"pivot": [-0.31973, 0.40297, 4.33107],
							"rotation": [0, -45, -172.5],
							"uv": {
								"north": {"uv": [89, 75], "uv_size": [1, 1]},
								"east": {"uv": [76, 89], "uv_size": [1, 1]},
								"south": {"uv": [89, 77], "uv_size": [1, 1]},
								"west": {"uv": [78, 89], "uv_size": [1, 1]},
								"up": {"uv": [80, 89], "uv_size": [1, 1]},
								"down": {"uv": [82, 90], "uv_size": [1, -1]}
							}
						},
						{
							"origin": [-0.41972, 0.3096, 4.54378],
							"size": [0.62759, 0.18675, 0.05635],
							"pivot": [-0.31973, 0.40297, 4.33107],
							"rotation": [0, 0, -172.5],
							"uv": {
								"north": {"uv": [55, 28], "uv_size": [3, 1]},
								"east": {"uv": [89, 82], "uv_size": [1, 1]},
								"south": {"uv": [73, 62], "uv_size": [3, 1]},
								"west": {"uv": [89, 84], "uv_size": [1, 1]},
								"up": {"uv": [74, 32], "uv_size": [3, 1]},
								"down": {"uv": [74, 56], "uv_size": [3, -1]}
							}
						},
						{
							"origin": [-0.75822, 0.13583, 4.09564],
							"size": [0.25414, 0.61355, 0.4298],
							"pivot": [-0.63116, 0.41658, 4.31053],
							"rotation": [0, 0, 45],
							"uv": {
								"north": {"uv": [74, 57], "uv_size": [1, 3]},
								"east": {"uv": [56, 41], "uv_size": [2, 3]},
								"south": {"uv": [74, 64], "uv_size": [1, 3]},
								"west": {"uv": [56, 45], "uv_size": [2, 3]},
								"up": {"uv": [54, 83], "uv_size": [1, 2]},
								"down": {"uv": [56, 85], "uv_size": [1, -2]}
							}
						},
						{
							"origin": [-0.72142, 0.13583, 4.09564],
							"size": [0.25414, 0.61355, 0.4298],
							"pivot": [-0.59434, 0.41658, 4.31053],
							"rotation": [0, 0, -45],
							"uv": {
								"north": {"uv": [68, 74], "uv_size": [1, 3]},
								"east": {"uv": [56, 49], "uv_size": [2, 3]},
								"south": {"uv": [74, 68], "uv_size": [1, 3]},
								"west": {"uv": [51, 56], "uv_size": [2, 3]},
								"up": {"uv": [58, 83], "uv_size": [1, 2]},
								"down": {"uv": [60, 85], "uv_size": [1, -2]}
							}
						},
						{
							"origin": [-0.76585, 0.15423, 4.09564],
							"size": [0.25414, 0.61355, 0.4298],
							"pivot": [-0.63878, 0.43498, 4.31053],
							"rotation": [0, 0, 90],
							"uv": {
								"north": {"uv": [74, 72], "uv_size": [1, 3]},
								"east": {"uv": [56, 53], "uv_size": [2, 3]},
								"south": {"uv": [75, 0], "uv_size": [1, 3]},
								"west": {"uv": [57, 4], "uv_size": [2, 3]},
								"up": {"uv": [62, 83], "uv_size": [1, 2]},
								"down": {"uv": [83, 65], "uv_size": [1, -2]}
							}
						}
					]
				},
				{
					"name": "bone63",
					"parent": "an_peq_2a",
					"pivot": [0.9344, 0.57248, 4.21419],
					"cubes": [
						{
							"origin": [0.81564, 0.14828, 3.97816],
							"size": [0.23751, 0.57341, 0.51536],
							"uv": {
								"north": {"uv": [26, 76], "uv_size": [1, 3]},
								"east": {"uv": [60, 4], "uv_size": [2, 3]},
								"south": {"uv": [28, 76], "uv_size": [1, 3]},
								"west": {"uv": [60, 10], "uv_size": [2, 3]},
								"up": {"uv": [46, 84], "uv_size": [1, 2]},
								"down": {"uv": [84, 51], "uv_size": [1, -2]}
							}
						},
						{
							"origin": [0.79844, 0.1554, 3.97816],
							"size": [0.23751, 0.57341, 0.51536],
							"pivot": [0.9172, 0.41778, 4.28919],
							"rotation": [0, 0, 45],
							"uv": {
								"north": {"uv": [76, 28], "uv_size": [1, 3]},
								"east": {"uv": [11, 60], "uv_size": [2, 3]},
								"south": {"uv": [30, 76], "uv_size": [1, 3]},
								"west": {"uv": [14, 60], "uv_size": [2, 3]},
								"up": {"uv": [50, 84], "uv_size": [1, 2]},
								"down": {"uv": [84, 57], "uv_size": [1, -2]}
							}
						},
						{
							"origin": [0.83284, 0.1554, 3.97816],
							"size": [0.23751, 0.57341, 0.51536],
							"pivot": [0.9516, 0.41778, 4.28919],
							"rotation": [0, 0, -45],
							"uv": {
								"north": {"uv": [32, 76], "uv_size": [1, 3]},
								"east": {"uv": [17, 60], "uv_size": [2, 3]},
								"south": {"uv": [34, 76], "uv_size": [1, 3]},
								"west": {"uv": [20, 60], "uv_size": [2, 3]},
								"up": {"uv": [84, 58], "uv_size": [1, 2]},
								"down": {"uv": [66, 86], "uv_size": [1, -2]}
							}
						},
						{
							"origin": [0.79132, 0.1726, 3.97816],
							"size": [0.23751, 0.57341, 0.51536],
							"pivot": [0.91007, 0.43498, 4.28919],
							"rotation": [0, 0, 90],
							"uv": {
								"north": {"uv": [36, 76], "uv_size": [1, 3]},
								"east": {"uv": [23, 60], "uv_size": [2, 3]},
								"south": {"uv": [38, 76], "uv_size": [1, 3]},
								"west": {"uv": [60, 33], "uv_size": [2, 3]},
								"up": {"uv": [84, 66], "uv_size": [1, 2]},
								"down": {"uv": [84, 71], "uv_size": [1, -2]}
							}
						}
					]
				},
				{
					"name": "bone64",
					"parent": "bone63",
					"pivot": [0.9344, 0.57248, 4.23553],
					"cubes": [
						{
							"origin": [0.80733, 0.12821, 4.09564],
							"size": [0.25414, 0.61355, 0.4298],
							"uv": {
								"north": {"uv": [4, 76], "uv_size": [1, 3]},
								"east": {"uv": [36, 59], "uv_size": [2, 3]},
								"south": {"uv": [6, 76], "uv_size": [1, 3]},
								"west": {"uv": [39, 59], "uv_size": [2, 3]},
								"up": {"uv": [84, 9], "uv_size": [1, 2]},
								"down": {"uv": [11, 86], "uv_size": [1, -2]}
							}
						},
						{
							"origin": [0.54058, 0.34161, 4.54378],
							"size": [0.62759, 0.18675, 0.05635],
							"uv": {
								"north": {"uv": [8, 76], "uv_size": [3, 1]},
								"east": {"uv": [89, 86], "uv_size": [1, 1]},
								"south": {"uv": [76, 8], "uv_size": [3, 1]},
								"west": {"uv": [89, 88], "uv_size": [1, 1]},
								"up": {"uv": [76, 10], "uv_size": [3, 1]},
								"down": {"uv": [12, 77], "uv_size": [3, -1]}
							}
						},
						{
							"origin": [0.54058, 0.34161, 4.06202],
							"size": [0.20079, 0.18675, 0.05635],
							"uv": {
								"north": {"uv": [90, 0], "uv_size": [1, 1]},
								"east": {"uv": [90, 2], "uv_size": [1, 1]},
								"south": {"uv": [90, 4], "uv_size": [1, 1]},
								"west": {"uv": [90, 6], "uv_size": [1, 1]},
								"up": {"uv": [90, 8], "uv_size": [1, 1]},
								"down": {"uv": [16, 91], "uv_size": [1, -1]}
							}
						},
						{
							"origin": [0.45162, 0.34161, 4.33014],
							"size": [0.20079, 0.18675, 0.05635],
							"pivot": [0.33861, 0.43498, 4.35831],
							"rotation": [0, -45, 0],
							"uv": {
								"north": {"uv": [90, 16], "uv_size": [1, 1]},
								"east": {"uv": [90, 18], "uv_size": [1, 1]},
								"south": {"uv": [90, 20], "uv_size": [1, 1]},
								"west": {"uv": [90, 22], "uv_size": [1, 1]},
								"up": {"uv": [90, 24], "uv_size": [1, 1]},
								"down": {"uv": [90, 27], "uv_size": [1, -1]}
							}
						},
						{
							"origin": [0.38912, 0.34161, 4.12476],
							"size": [0.20079, 0.18675, 0.05635],
							"pivot": [0.48951, 0.43498, 4.15293],
							"rotation": [0, 45, 0],
							"uv": {
								"north": {"uv": [90, 33], "uv_size": [1, 1]},
								"east": {"uv": [90, 35], "uv_size": [1, 1]},
								"south": {"uv": [90, 42], "uv_size": [1, 1]},
								"west": {"uv": [90, 46], "uv_size": [1, 1]},
								"up": {"uv": [90, 48], "uv_size": [1, 1]},
								"down": {"uv": [90, 56], "uv_size": [1, -1]}
							}
						},
						{
							"origin": [0.27303, 0.34161, 4.32957],
							"size": [0.25414, 0.18675, 0.05635],
							"pivot": [0.42677, 0.43498, 4.35775],
							"rotation": [0, -90, 0],
							"uv": {
								"north": {"uv": [57, 90], "uv_size": [1, 1]},
								"east": {"uv": [59, 90], "uv_size": [1, 1]},
								"south": {"uv": [90, 59], "uv_size": [1, 1]},
								"west": {"uv": [61, 90], "uv_size": [1, 1]},
								"up": {"uv": [90, 61], "uv_size": [1, 1]},
								"down": {"uv": [68, 91], "uv_size": [1, -1]}
							}
						},
						{
							"origin": [0.80775, 0.29606, 4.25505],
							"size": [0.27463, 0.27463, 0.38839],
							"pivot": [0.94507, 0.43337, 4.44924],
							"rotation": [0, 0, 45],
							"uv": {
								"north": {"uv": [90, 68], "uv_size": [1, 1]},
								"east": {"uv": [83, 72], "uv_size": [2, 1]},
								"south": {"uv": [70, 90], "uv_size": [1, 1]},
								"west": {"uv": [84, 12], "uv_size": [2, 1]},
								"up": {"uv": [13, 84], "uv_size": [1, 2]},
								"down": {"uv": [84, 19], "uv_size": [1, -2]}
							}
						},
						{
							"origin": [0.78893, 0.13583, 4.09564],
							"size": [0.25414, 0.61355, 0.4298],
							"pivot": [0.91599, 0.41658, 4.31053],
							"rotation": [0, 0, 45],
							"uv": {
								"north": {"uv": [76, 12], "uv_size": [1, 3]},
								"east": {"uv": [59, 41], "uv_size": [2, 3]},
								"south": {"uv": [16, 76], "uv_size": [1, 3]},
								"west": {"uv": [59, 45], "uv_size": [2, 3]},
								"up": {"uv": [23, 84], "uv_size": [1, 2]},
								"down": {"uv": [84, 28], "uv_size": [1, -2]}
							}
						},
						{
							"origin": [0.82573, 0.13583, 4.09564],
							"size": [0.25414, 0.61355, 0.4298],
							"pivot": [0.95281, 0.41658, 4.31053],
							"rotation": [0, 0, -45],
							"uv": {
								"north": {"uv": [18, 76], "uv_size": [1, 3]},
								"east": {"uv": [48, 59], "uv_size": [2, 3]},
								"south": {"uv": [20, 76], "uv_size": [1, 3]},
								"west": {"uv": [59, 49], "uv_size": [2, 3]},
								"up": {"uv": [84, 29], "uv_size": [1, 2]},
								"down": {"uv": [84, 39], "uv_size": [1, -2]}
							}
						},
						{
							"origin": [0.7813, 0.15423, 4.09564],
							"size": [0.25414, 0.61355, 0.4298],
							"pivot": [0.90837, 0.43498, 4.31053],
							"rotation": [0, 0, 90],
							"uv": {
								"north": {"uv": [76, 20], "uv_size": [1, 3]},
								"east": {"uv": [59, 53], "uv_size": [2, 3]},
								"south": {"uv": [22, 76], "uv_size": [1, 3]},
								"west": {"uv": [4, 60], "uv_size": [2, 3]},
								"up": {"uv": [42, 84], "uv_size": [1, 2]},
								"down": {"uv": [44, 86], "uv_size": [1, -2]}
							}
						}
					]
				},
				{
					"name": "bone65",
					"parent": "an_peq_2a",
					"pivot": [0.1875, 0.57087, 3.73404],
					"cubes": [
						{
							"origin": [-0.81122, -0.31206, 3.61485],
							"size": [0.07768, 0.15693, 0.38839],
							"pivot": [0.20884, 0.43337, 3.40678],
							"rotation": [0, 0, 45],
							"uv": {
								"north": {"uv": [12, 91], "uv_size": [1, 1]},
								"east": {"uv": [85, 0], "uv_size": [2, 1]},
								"south": {"uv": [91, 12], "uv_size": [1, 1]},
								"west": {"uv": [8, 85], "uv_size": [2, 1]},
								"up": {"uv": [85, 14], "uv_size": [1, 2]},
								"down": {"uv": [17, 87], "uv_size": [1, -2]}
							}
						},
						{
							"origin": [-1.03955, 0.23918, 3.61485],
							"size": [2.4541, 0.38839, 0.38625],
							"uv": {
								"north": {"uv": [20, 36], "uv_size": [12, 2]},
								"east": {"uv": [69, 10], "uv_size": [2, 2]},
								"south": {"uv": [33, 36], "uv_size": [12, 2]},
								"west": {"uv": [69, 13], "uv_size": [2, 2]},
								"up": {"uv": [37, 32], "uv_size": [12, 2]},
								"down": {"uv": [39, 20], "uv_size": [12, -2]}
							}
						},
						{
							"origin": [-0.81122, 1.02187, 3.61485],
							"size": [0.07768, 0.15693, 0.38839],
							"pivot": [0.20884, 0.43337, 3.40678],
							"rotation": [0, 0, -45],
							"uv": {
								"north": {"uv": [14, 91], "uv_size": [1, 1]},
								"east": {"uv": [19, 85], "uv_size": [2, 1]},
								"south": {"uv": [91, 14], "uv_size": [1, 1]},
								"west": {"uv": [85, 20], "uv_size": [2, 1]},
								"up": {"uv": [85, 32], "uv_size": [1, 2]},
								"down": {"uv": [85, 42], "uv_size": [1, -2]}
							}
						},
						{
							"origin": [1.10854, -0.31206, 3.61485],
							"size": [0.07768, 0.15693, 0.38839],
							"pivot": [0.16616, 0.43337, 3.40678],
							"rotation": [0, 0, -45],
							"uv": {
								"north": {"uv": [18, 91], "uv_size": [1, 1]},
								"east": {"uv": [85, 22], "uv_size": [2, 1]},
								"south": {"uv": [20, 91], "uv_size": [1, 1]},
								"west": {"uv": [85, 43], "uv_size": [2, 1]},
								"up": {"uv": [85, 45], "uv_size": [1, 2]},
								"down": {"uv": [85, 54], "uv_size": [1, -2]}
							}
						},
						{
							"origin": [1.10854, 1.02187, 3.61485],
							"size": [0.07768, 0.15693, 0.38839],
							"pivot": [0.16616, 0.43337, 3.40678],
							"rotation": [0, 0, 45],
							"uv": {
								"north": {"uv": [22, 91], "uv_size": [1, 1]},
								"east": {"uv": [85, 61], "uv_size": [2, 1]},
								"south": {"uv": [24, 91], "uv_size": [1, 1]},
								"west": {"uv": [85, 63], "uv_size": [2, 1]},
								"up": {"uv": [85, 77], "uv_size": [1, 2]},
								"down": {"uv": [85, 85], "uv_size": [1, -2]}
							}
						},
						{
							"origin": [-0.92858, 0.12821, 3.61485],
							"size": [2.23216, 0.61032, 0.38839],
							"uv": {
								"north": {"uv": [26, 32], "uv_size": [10, 3]},
								"east": {"uv": [51, 60], "uv_size": [2, 3]},
								"south": {"uv": [33, 0], "uv_size": [10, 3]},
								"west": {"uv": [60, 57], "uv_size": [2, 3]},
								"up": {"uv": [20, 39], "uv_size": [10, 2]},
								"down": {"uv": [39, 23], "uv_size": [10, -2]}
							}
						},
						{
							"origin": [0.0075, 0.29606, 3.6682],
							"size": [0.27463, 0.27463, 0.38839],
							"pivot": [0.14482, 0.43337, 3.86239],
							"rotation": [0, 0, 45],
							"uv": {
								"north": {"uv": [26, 91], "uv_size": [1, 1]},
								"east": {"uv": [86, 67], "uv_size": [2, 1]},
								"south": {"uv": [28, 91], "uv_size": [1, 1]},
								"west": {"uv": [68, 86], "uv_size": [2, 1]},
								"up": {"uv": [64, 86], "uv_size": [1, 2]},
								"down": {"uv": [86, 71], "uv_size": [1, -2]}
							}
						},
						{
							"origin": [-0.53131, 0.14955, 3.85778],
							"size": [0.13793, 0.61032, 0.13793],
							"pivot": [-0.00208, 0.45471, 4.65511],
							"rotation": [0, -45, 0],
							"uv": {
								"north": {"uv": [60, 76], "uv_size": [1, 3]},
								"east": {"uv": [62, 76], "uv_size": [1, 3]},
								"south": {"uv": [64, 76], "uv_size": [1, 3]},
								"west": {"uv": [76, 64], "uv_size": [1, 3]},
								"up": {"uv": [91, 28], "uv_size": [1, 1]},
								"down": {"uv": [30, 92], "uv_size": [1, -1]}
							}
						},
						{
							"origin": [-0.73506, 0.18156, -0.65115],
							"size": [0.24463, 0.61032, 0.24463],
							"pivot": [-0.61275, 0.48672, -0.52883],
							"rotation": [0, -45, 0],
							"uv": {
								"north": {"uv": [76, 68], "uv_size": [1, 3]},
								"east": {"uv": [76, 72], "uv_size": [1, 3]},
								"south": {"uv": [74, 76], "uv_size": [1, 3]},
								"west": {"uv": [76, 76], "uv_size": [1, 3]},
								"up": {"uv": [91, 30], "uv_size": [1, 1]},
								"down": {"uv": [32, 92], "uv_size": [1, -1]}
							}
						},
						{
							"origin": [0.92946, 0.28826, -0.8112],
							"size": [0.24463, 0.61032, 0.24463],
							"pivot": [1.05177, 0.59342, -0.68888],
							"rotation": [0, -45, 0],
							"uv": {
								"north": {"uv": [77, 0], "uv_size": [1, 3]},
								"east": {"uv": [77, 4], "uv_size": [1, 3]},
								"south": {"uv": [77, 16], "uv_size": [1, 3]},
								"west": {"uv": [24, 77], "uv_size": [1, 3]},
								"up": {"uv": [34, 91], "uv_size": [1, 1]},
								"down": {"uv": [36, 92], "uv_size": [1, -1]}
							}
						},
						{
							"origin": [0.44969, 0.28705, 1.93678],
							"size": [0.08458, 0.61032, 0.08458],
							"pivot": [0.49197, 0.59221, 1.97907],
							"rotation": [0, -45, 0],
							"uv": {
								"north": {"uv": [77, 24], "uv_size": [1, 3]},
								"east": {"uv": [77, 34], "uv_size": [1, 3]},
								"south": {"uv": [77, 42], "uv_size": [1, 3]},
								"west": {"uv": [77, 46], "uv_size": [1, 3]},
								"up": {"uv": [91, 37], "uv_size": [1, 1]},
								"down": {"uv": [38, 92], "uv_size": [1, -1]}
							}
						}
					]
				},
				{
					"name": "bone66",
					"parent": "bone65",
					"pivot": [0.1875, 0.67757, -0.46383],
					"cubes": [
						{
							"origin": [0.0413, 0.37202, -0.60012],
							"size": [0.25608, 0.49615, 0.44354],
							"pivot": [0.16934, 0.54007, -0.39932],
							"rotation": [0, 60, 0],
							"uv": {
								"north": {"uv": [0, 86], "uv_size": [1, 2]},
								"east": {"uv": [69, 21], "uv_size": [2, 2]},
								"south": {"uv": [2, 86], "uv_size": [1, 2]},
								"west": {"uv": [69, 31], "uv_size": [2, 2]},
								"up": {"uv": [86, 2], "uv_size": [1, 2]},
								"down": {"uv": [4, 88], "uv_size": [1, -2]}
							}
						},
						{
							"origin": [0.05946, 0.37202, -0.6106],
							"size": [0.25608, 0.49615, 0.44355],
							"uv": {
								"north": {"uv": [86, 5], "uv_size": [1, 2]},
								"east": {"uv": [32, 69], "uv_size": [2, 2]},
								"south": {"uv": [6, 86], "uv_size": [1, 2]},
								"west": {"uv": [35, 69], "uv_size": [2, 2]},
								"up": {"uv": [86, 8], "uv_size": [1, 2]},
								"down": {"uv": [15, 88], "uv_size": [1, -2]}
							}
						},
						{
							"origin": [0.05946, 0.37202, -0.6106],
							"size": [0.25608, 0.49829, 0.44355],
							"pivot": [0.1875, 0.6201, -0.38883],
							"rotation": [0, -60, 0],
							"uv": {
								"north": {"uv": [86, 17], "uv_size": [1, 2]},
								"east": {"uv": [38, 69], "uv_size": [2, 2]},
								"south": {"uv": [86, 24], "uv_size": [1, 2]},
								"west": {"uv": [69, 39], "uv_size": [2, 2]},
								"up": {"uv": [25, 86], "uv_size": [1, 2]},
								"down": {"uv": [27, 88], "uv_size": [1, -2]}
							}
						}
					]
				},
				{
					"name": "bone79",
					"parent": "bone65",
					"pivot": [0.1875, 0.70425, 2.63047],
					"cubes": [
						{
							"origin": [0.07639, 0.37821, 2.54489],
							"size": [0.19462, 0.37708, 0.33709],
							"pivot": [0.1737, 0.50593, 2.6975],
							"rotation": [0, 60, 0],
							"uv": {
								"north": {"uv": [86, 27], "uv_size": [1, 2]},
								"east": {"uv": [41, 69], "uv_size": [2, 2]},
								"south": {"uv": [29, 86], "uv_size": [1, 2]},
								"west": {"uv": [69, 42], "uv_size": [2, 2]},
								"up": {"uv": [31, 86], "uv_size": [1, 2]},
								"down": {"uv": [33, 88], "uv_size": [1, -2]}
							}
						},
						{
							"origin": [0.09019, 0.37821, 2.53692],
							"size": [0.19462, 0.37708, 0.33709],
							"uv": {
								"north": {"uv": [35, 86], "uv_size": [1, 2]},
								"east": {"uv": [44, 69], "uv_size": [2, 2]},
								"south": {"uv": [86, 35], "uv_size": [1, 2]},
								"west": {"uv": [47, 69], "uv_size": [2, 2]},
								"up": {"uv": [37, 86], "uv_size": [1, 2]},
								"down": {"uv": [39, 88], "uv_size": [1, -2]}
							}
						},
						{
							"origin": [0.14354, 0.37821, 2.37687],
							"size": [0.08792, 0.39842, 0.65719],
							"uv": {
								"north": {"uv": [48, 86], "uv_size": [1, 2]},
								"east": {"uv": [7, 61], "uv_size": [3, 2]},
								"south": {"uv": [86, 48], "uv_size": [1, 2]},
								"west": {"uv": [61, 18], "uv_size": [3, 2]},
								"up": {"uv": [76, 38], "uv_size": [1, 3]},
								"down": {"uv": [40, 79], "uv_size": [1, -3]}
							}
						},
						{
							"origin": [0.10399, 0.37821, 2.54489],
							"size": [0.19462, 0.37708, 0.33709],
							"pivot": [0.2013, 0.50593, 2.6975],
							"rotation": [0, -60, 0],
							"uv": {
								"north": {"uv": [52, 86], "uv_size": [1, 2]},
								"east": {"uv": [69, 55], "uv_size": [2, 2]},
								"south": {"uv": [54, 86], "uv_size": [1, 2]},
								"west": {"uv": [69, 58], "uv_size": [2, 2]},
								"up": {"uv": [86, 55], "uv_size": [1, 2]},
								"down": {"uv": [56, 88], "uv_size": [1, -2]}
							}
						}
					]
				},
				{
					"name": "bone80",
					"parent": "bone65",
					"pivot": [0.1875, 0.6509, 2.63047],
					"cubes": [
						{
							"origin": [-0.03139, 0.24707, 2.38913],
							"size": [0.3834, 0.34059, 0.66408],
							"pivot": [0.16031, 0.49868, 2.68977],
							"rotation": [0, 60, 0],
							"uv": {
								"north": {"uv": [70, 24], "uv_size": [2, 2]},
								"east": {"uv": [29, 61], "uv_size": [3, 2]},
								"south": {"uv": [70, 45], "uv_size": [2, 2]},
								"west": {"uv": [61, 37], "uv_size": [3, 2]},
								"up": {"uv": [54, 61], "uv_size": [2, 3]},
								"down": {"uv": [57, 64], "uv_size": [2, -3]}
							}
						},
						{
							"origin": [-0.0042, 0.24707, 2.37343],
							"size": [0.3834, 0.34059, 0.66407],
							"uv": {
								"north": {"uv": [70, 48], "uv_size": [2, 2]},
								"east": {"uv": [60, 61], "uv_size": [3, 2]},
								"south": {"uv": [70, 51], "uv_size": [2, 2]},
								"west": {"uv": [62, 0], "uv_size": [3, 2]},
								"up": {"uv": [62, 25], "uv_size": [2, 3]},
								"down": {"uv": [62, 32], "uv_size": [2, -3]}
							}
						},
						{
							"origin": [0.02299, 0.24707, 2.38913],
							"size": [0.3834, 0.34059, 0.66408],
							"pivot": [0.21469, 0.49868, 2.68977],
							"rotation": [0, -60, 0],
							"uv": {
								"north": {"uv": [54, 70], "uv_size": [2, 2]},
								"east": {"uv": [62, 40], "uv_size": [3, 2]},
								"south": {"uv": [57, 70], "uv_size": [2, 2]},
								"west": {"uv": [62, 43], "uv_size": [3, 2]},
								"up": {"uv": [62, 46], "uv_size": [2, 3]},
								"down": {"uv": [62, 53], "uv_size": [2, -3]}
							}
						}
					]
				},
				{
					"name": "bone70",
					"parent": "bone65",
					"pivot": [0.1875, 0.7576, 0.60317],
					"cubes": [
						{
							"origin": [0.00184, 0.68718, 0.3566],
							"size": [0.37132, 0.08137, 0.64314],
							"pivot": [0.1875, 0.7268, 0.67817],
							"rotation": [0, 60, 0],
							"uv": {
								"north": {"uv": [86, 30], "uv_size": [2, 1]},
								"east": {"uv": [42, 76], "uv_size": [3, 1]},
								"south": {"uv": [86, 38], "uv_size": [2, 1]},
								"west": {"uv": [46, 76], "uv_size": [3, 1]},
								"up": {"uv": [0, 63], "uv_size": [2, 3]},
								"down": {"uv": [63, 6], "uv_size": [2, -3]}
							}
						},
						{
							"origin": [0.00184, 0.68718, 0.3566],
							"size": [0.37132, 0.0835, 0.64314],
							"uv": {
								"north": {"uv": [58, 86], "uv_size": [2, 1]},
								"east": {"uv": [50, 76], "uv_size": [3, 1]},
								"south": {"uv": [86, 58], "uv_size": [2, 1]},
								"west": {"uv": [76, 51], "uv_size": [3, 1]},
								"up": {"uv": [63, 7], "uv_size": [2, 3]},
								"down": {"uv": [63, 14], "uv_size": [2, -3]}
							}
						},
						{
							"origin": [0.02818, 0.68718, 0.37181],
							"size": [0.37132, 0.07923, 0.64314],
							"pivot": [0.21383, 0.50406, 0.66297],
							"rotation": [0, -60, 0],
							"uv": {
								"north": {"uv": [61, 86], "uv_size": [2, 1]},
								"east": {"uv": [76, 53], "uv_size": [3, 1]},
								"south": {"uv": [86, 65], "uv_size": [2, 1]},
								"west": {"uv": [76, 57], "uv_size": [3, 1]},
								"up": {"uv": [63, 21], "uv_size": [2, 3]},
								"down": {"uv": [26, 66], "uv_size": [2, -3]}
							}
						}
					]
				},
				{
					"name": "laser_beam",
					"pivot": [1.05, 0.37813, -1.125]
				}
			]
		}
	]
}