{
	"format_version": "1.12.0",
	"minecraft:geometry": [
		{
			"description": {
				"identifier": "geometry.scope_sig",
				"texture_width": 656,
				"texture_height": 656,
				"visible_bounds_width": 29,
				"visible_bounds_height": 13,
				"visible_bounds_offset": [0, 1.5, 0]
			},
			"bones": [
				{
					"name": "ocular",
					"pivot": [0, 1.84063, 2.9],
					"cubes": [
						{
							"origin": [-1.05875, 1.63003, 2.9],
							"size": [2.1175, 0.4212, 0],
							"pivot": [0, 1.84063, 2.295],
							"rotation": [0, 0, 22.5],
							"uv": {
								"south": {"uv": [0, 0], "uv_size": [2, 1]}
							}
						},
						{
							"origin": [-1.05875, 1.63003, 2.9],
							"size": [2.1175, 0.4212, 0],
							"uv": {
								"south": {"uv": [2, 0], "uv_size": [2, 1]}
							}
						},
						{
							"origin": [-1.05875, 1.63003, 2.9],
							"size": [2.1175, 0.4212, 0],
							"pivot": [0, 1.84063, 2.295],
							"rotation": [0, 0, -22.5],
							"uv": {
								"south": {"uv": [4, 0], "uv_size": [2, 1]}
							}
						},
						{
							"origin": [-0.2106, 0.78188, 2.9],
							"size": [0.4212, 2.1175, 0],
							"pivot": [0, 1.84063, 2.295],
							"rotation": [0, 0, 45],
							"uv": {
								"south": {"uv": [0, 1], "uv_size": [1, 2]}
							}
						},
						{
							"origin": [-0.2106, 0.78188, 2.9],
							"size": [0.4212, 2.1175, 0],
							"pivot": [0, 1.84063, 2.295],
							"rotation": [0, 0, 22.5],
							"uv": {
								"south": {"uv": [0, 3], "uv_size": [1, 2]}
							}
						},
						{
							"origin": [-0.2106, 0.78188, 2.9],
							"size": [0.4212, 2.1175, 0],
							"uv": {
								"south": {"uv": [0, 5], "uv_size": [1, 2]}
							}
						},
						{
							"origin": [-0.2106, 0.78188, 2.9],
							"size": [0.4212, 2.1175, 0],
							"pivot": [0, 1.84063, 2.295],
							"rotation": [0, 0, -22.5],
							"uv": {
								"south": {"uv": [0, 7], "uv_size": [1, 2]}
							}
						},
						{
							"origin": [-0.2106, 0.78188, 2.9],
							"size": [0.4212, 2.1175, 0],
							"pivot": [0, 1.84063, 2.295],
							"rotation": [0, 0, -45],
							"uv": {
								"south": {"uv": [0, 9], "uv_size": [1, 2]}
							}
						}
					]
				},
				{
					"name": "scope_view",
					"pivot": [0, 1.80313, 6.2]
				},
				{
					"name": "scope_body",
					"pivot": [0.02239, 0.63411, -3.0924],
					"cubes": [
						{
							"origin": [-0.83047, -0.21447, -4.43328],
							"size": [1.66095, 0.44718, 3.39855],
							"uv": {
								"north": {"uv": [107, 463], "uv_size": [7, 2]},
								"east": {"uv": [93, 393], "uv_size": [13, 2]},
								"south": {"uv": [107, 466], "uv_size": [7, 2]},
								"west": {"uv": [93, 396], "uv_size": [13, 2]},
								"up": {"uv": [1, 437], "uv_size": [7, 13]},
								"down": {"uv": [9, 450], "uv_size": [7, -13]}
							}
						},
						{
							"origin": [0.3833, -0.36779, -1.87798],
							"size": [0.44718, 0.15332, 0.84325],
							"uv": {
								"north": {"uv": [134, 460], "uv_size": [2, 1]},
								"east": {"uv": [128, 435], "uv_size": [3, 1]},
								"south": {"uv": [134, 462], "uv_size": [2, 1]},
								"west": {"uv": [128, 480], "uv_size": [3, 1]},
								"up": {"uv": [82, 487], "uv_size": [2, 3]},
								"down": {"uv": [122, 429], "uv_size": [2, -3]}
							}
						},
						{
							"origin": [0.3833, -0.36779, -4.43328],
							"size": [0.44718, 0.15332, 0.84325],
							"uv": {
								"north": {"uv": [89, 519], "uv_size": [2, 1]},
								"east": {"uv": [129, 437], "uv_size": [3, 1]},
								"south": {"uv": [92, 519], "uv_size": [2, 1]},
								"west": {"uv": [129, 450], "uv_size": [3, 1]},
								"up": {"uv": [89, 507], "uv_size": [2, 3]},
								"down": {"uv": [92, 510], "uv_size": [2, -3]}
							}
						},
						{
							"origin": [0.73067, 0.74521, -4.43328],
							"size": [0.15332, 0.15332, 3.39855],
							"pivot": [0.05352, 0.63022, -2.734],
							"rotation": [0, 0, 45],
							"uv": {
								"north": {"uv": [136, 405], "uv_size": [1, 1]},
								"east": {"uv": [107, 469], "uv_size": [13, 1]},
								"south": {"uv": [22, 521], "uv_size": [1, 1]},
								"west": {"uv": [108, 426], "uv_size": [13, 1]},
								"up": {"uv": [58, 493], "uv_size": [1, 13]},
								"down": {"uv": [60, 506], "uv_size": [1, -13]}
							}
						},
						{
							"origin": [-0.79872, 0.15605, -4.43328],
							"size": [0.15332, 0.15332, 3.39855],
							"pivot": [-0.72206, 0.23271, -2.734],
							"rotation": [0, 0, -45],
							"uv": {
								"north": {"uv": [136, 407], "uv_size": [1, 1]},
								"east": {"uv": [108, 428], "uv_size": [13, 1]},
								"south": {"uv": [24, 521], "uv_size": [1, 1]},
								"west": {"uv": [109, 471], "uv_size": [13, 1]},
								"up": {"uv": [62, 493], "uv_size": [1, 13]},
								"down": {"uv": [64, 506], "uv_size": [1, -13]}
							}
						},
						{
							"origin": [-0.79872, -0.41889, -4.43328],
							"size": [0.28108, 0.28108, 3.39855],
							"pivot": [-0.72206, -0.21447, -2.734],
							"rotation": [0, 0, -45],
							"uv": {
								"north": {"uv": [136, 409], "uv_size": [1, 1]},
								"east": {"uv": [109, 473], "uv_size": [13, 1]},
								"south": {"uv": [29, 521], "uv_size": [1, 1]},
								"west": {"uv": [109, 475], "uv_size": [13, 1]},
								"up": {"uv": [66, 493], "uv_size": [1, 13]},
								"down": {"uv": [68, 506], "uv_size": [1, -13]}
							}
						},
						{
							"origin": [-0.72206, 0.23271, -4.43328],
							"size": [1.44412, 0.10841, 3.39855],
							"uv": {
								"north": {"uv": [120, 499], "uv_size": [6, 1]},
								"east": {"uv": [109, 477], "uv_size": [13, 1]},
								"south": {"uv": [122, 437], "uv_size": [6, 1]},
								"west": {"uv": [109, 479], "uv_size": [13, 1]},
								"up": {"uv": [17, 437], "uv_size": [6, 13]},
								"down": {"uv": [24, 450], "uv_size": [6, -13]}
							}
						},
						{
							"origin": [-0.44098, 0.33492, -7.09079],
							"size": [0.88195, 0.10841, 5.9283],
							"uv": {
								"north": {"uv": [129, 452], "uv_size": [3, 1]},
								"east": {"uv": [97, 386], "uv_size": [23, 1]},
								"south": {"uv": [129, 456], "uv_size": [3, 1]},
								"west": {"uv": [97, 388], "uv_size": [23, 1]},
								"up": {"uv": [66, 407], "uv_size": [3, 23]},
								"down": {"uv": [27, 474], "uv_size": [3, -23]}
							}
						},
						{
							"origin": [-0.44098, 0.33492, -4.71436],
							"size": [0.88195, 0.21062, 0.74104],
							"pivot": [0, 0.38913, -4.73991],
							"rotation": [-62.5, 0, 0],
							"uv": {
								"north": {"uv": [129, 467], "uv_size": [3, 1]},
								"east": {"uv": [129, 495], "uv_size": [3, 1]},
								"south": {"uv": [130, 391], "uv_size": [3, 1]},
								"west": {"uv": [130, 393], "uv_size": [3, 1]},
								"up": {"uv": [66, 431], "uv_size": [3, 3]},
								"down": {"uv": [75, 399], "uv_size": [3, -3]}
							}
						},
						{
							"origin": [-0.44098, 0.43218, -4.42532],
							"size": [0.88195, 0.10841, 0.3833],
							"pivot": [0, 0.48638, -4.55309],
							"rotation": [-62.5, 0, 0],
							"uv": {
								"north": {"uv": [130, 458], "uv_size": [3, 1]},
								"east": {"uv": [97, 519], "uv_size": [2, 1]},
								"south": {"uv": [130, 460], "uv_size": [3, 1]},
								"west": {"uv": [100, 519], "uv_size": [2, 1]},
								"up": {"uv": [95, 507], "uv_size": [3, 2]},
								"down": {"uv": [23, 510], "uv_size": [3, -2]}
							}
						},
						{
							"origin": [-0.24933, 0.43713, -7.16745],
							"size": [0.49866, 0.15952, 4.57399],
							"uv": {
								"north": {"uv": [103, 519], "uv_size": [2, 1]},
								"east": {"uv": [97, 390], "uv_size": [18, 1]},
								"south": {"uv": [106, 519], "uv_size": [2, 1]},
								"west": {"uv": [106, 439], "uv_size": [18, 1]},
								"up": {"uv": [25, 475], "uv_size": [2, 18]},
								"down": {"uv": [28, 493], "uv_size": [2, -18]}
							}
						},
						{
							"origin": [-0.24933, 0.59665, -7.29521],
							"size": [0.49866, 0.15952, 4.54843],
							"uv": {
								"north": {"uv": [109, 519], "uv_size": [2, 1]},
								"east": {"uv": [106, 441], "uv_size": [18, 1]},
								"south": {"uv": [134, 496], "uv_size": [2, 1]},
								"west": {"uv": [106, 443], "uv_size": [18, 1]},
								"up": {"uv": [90, 424], "uv_size": [2, 18]},
								"down": {"uv": [71, 493], "uv_size": [2, -18]}
							}
						},
						{
							"origin": [-0.24933, 0.75617, -3.7689],
							"size": [0.49866, 0.15952, 0.89435],
							"uv": {
								"north": {"uv": [112, 519], "uv_size": [2, 1]},
								"east": {"uv": [82, 394], "uv_size": [4, 1]},
								"south": {"uv": [125, 519], "uv_size": [2, 1]},
								"west": {"uv": [126, 483], "uv_size": [4, 1]},
								"up": {"uv": [78, 482], "uv_size": [2, 4]},
								"down": {"uv": [73, 509], "uv_size": [2, -4]}
							}
						},
						{
							"origin": [-0.24933, 0.75617, -7.42298],
							"size": [0.49866, 0.15952, 0.71548],
							"uv": {
								"north": {"uv": [128, 519], "uv_size": [2, 1]},
								"east": {"uv": [130, 462], "uv_size": [3, 1]},
								"south": {"uv": [131, 519], "uv_size": [2, 1]},
								"west": {"uv": [97, 515], "uv_size": [3, 1]},
								"up": {"uv": [27, 508], "uv_size": [2, 3]},
								"down": {"uv": [123, 433], "uv_size": [2, -3]}
							}
						},
						{
							"origin": [-0.44098, 0.69266, -6.63083],
							"size": [0.88195, 0.10841, 2.78528],
							"uv": {
								"north": {"uv": [101, 515], "uv_size": [3, 1]},
								"east": {"uv": [110, 437], "uv_size": [11, 1]},
								"south": {"uv": [105, 515], "uv_size": [3, 1]},
								"west": {"uv": [111, 420], "uv_size": [11, 1]},
								"up": {"uv": [81, 475], "uv_size": [3, 11]},
								"down": {"uv": [91, 468], "uv_size": [3, -11]}
							}
						},
						{
							"origin": [-0.44098, 0.88431, -3.71779],
							"size": [0.88195, 0.10841, 0.79214],
							"uv": {
								"north": {"uv": [109, 515], "uv_size": [3, 1]},
								"east": {"uv": [130, 497], "uv_size": [3, 1]},
								"south": {"uv": [113, 515], "uv_size": [3, 1]},
								"west": {"uv": [131, 411], "uv_size": [3, 1]},
								"up": {"uv": [77, 423], "uv_size": [3, 3]},
								"down": {"uv": [71, 465], "uv_size": [3, -3]}
							}
						},
						{
							"origin": [-0.44098, 0.60027, -3.10865],
							"size": [0.88195, 0.10841, 0.74104],
							"pivot": [0, 0.65447, -2.71258],
							"rotation": [-50, 0, 0],
							"uv": {
								"north": {"uv": [132, 479], "uv_size": [3, 1]},
								"east": {"uv": [97, 517], "uv_size": [3, 1]},
								"south": {"uv": [101, 517], "uv_size": [3, 1]},
								"west": {"uv": [105, 517], "uv_size": [3, 1]},
								"up": {"uv": [1, 506], "uv_size": [3, 3]},
								"down": {"uv": [121, 389], "uv_size": [3, -3]}
							}
						},
						{
							"origin": [-0.44098, 0.60027, -6.9416],
							"size": [0.88195, 0.10841, 0.71548],
							"pivot": [0, 0.65447, -6.54553],
							"rotation": [-50, 0, 0],
							"uv": {
								"north": {"uv": [109, 517], "uv_size": [3, 1]},
								"east": {"uv": [113, 517], "uv_size": [3, 1]},
								"south": {"uv": [125, 517], "uv_size": [3, 1]},
								"west": {"uv": [131, 517], "uv_size": [3, 1]},
								"up": {"uv": [5, 506], "uv_size": [3, 3]},
								"down": {"uv": [9, 509], "uv_size": [3, -3]}
							}
						},
						{
							"origin": [-0.44098, 0.56154, -7.6507],
							"size": [0.88195, 0.10841, 0.71548],
							"pivot": [0, 0.61575, -7.25463],
							"rotation": [-50, 0, 0],
							"uv": {
								"north": {"uv": [1, 518], "uv_size": [3, 1]},
								"east": {"uv": [5, 518], "uv_size": [3, 1]},
								"south": {"uv": [9, 518], "uv_size": [3, 1]},
								"west": {"uv": [52, 518], "uv_size": [3, 1]},
								"up": {"uv": [13, 506], "uv_size": [3, 3]},
								"down": {"uv": [30, 509], "uv_size": [3, -3]}
							}
						},
						{
							"origin": [-0.44098, 0.61984, -4.28495],
							"size": [0.88195, 0.10841, 0.74104],
							"pivot": [0, 0.67405, -3.91443],
							"rotation": [50, 0, 0],
							"uv": {
								"north": {"uv": [133, 437], "uv_size": [3, 1]},
								"east": {"uv": [56, 518], "uv_size": [3, 1]},
								"south": {"uv": [60, 518], "uv_size": [3, 1]},
								"west": {"uv": [64, 518], "uv_size": [3, 1]},
								"up": {"uv": [34, 506], "uv_size": [3, 3]},
								"down": {"uv": [121, 425], "uv_size": [3, -3]}
							}
						},
						{
							"origin": [-0.44098, 0.88431, -7.55074],
							"size": [0.88195, 0.10841, 0.79214],
							"uv": {
								"north": {"uv": [133, 449], "uv_size": [3, 1]},
								"east": {"uv": [133, 451], "uv_size": [3, 1]},
								"south": {"uv": [133, 456], "uv_size": [3, 1]},
								"west": {"uv": [74, 518], "uv_size": [3, 1]},
								"up": {"uv": [38, 506], "uv_size": [3, 3]},
								"down": {"uv": [42, 509], "uv_size": [3, -3]}
							}
						},
						{
							"origin": [-0.44098, 0.28756, -1.22702],
							"size": [0.88195, 0.10841, 0.17887],
							"pivot": [0, 0.34176, -1.13758],
							"rotation": [-45, 0, 0],
							"uv": {
								"north": {"uv": [78, 518], "uv_size": [3, 1]},
								"east": {"uv": [54, 522], "uv_size": [1, 1]},
								"south": {"uv": [133, 466], "uv_size": [3, 1]},
								"west": {"uv": [56, 522], "uv_size": [1, 1]},
								"up": {"uv": [82, 518], "uv_size": [3, 1]},
								"down": {"uv": [133, 495], "uv_size": [3, -1]}
							}
						}
					]
				},
				{
					"name": "bone48",
					"parent": "scope_body",
					"pivot": [0.12777, -0.08053, -3.96054],
					"cubes": [
						{
							"origin": [0.88158, -0.40169, -4.1218],
							"size": [0.40885, 0.6214, 0.35876],
							"pivot": [0.12777, -0.07006, -3.94242],
							"rotation": [-60, 0, 0],
							"uv": {
								"north": {"uv": [125, 509], "uv_size": [2, 2]},
								"east": {"uv": [66, 442], "uv_size": [1, 2]},
								"south": {"uv": [23, 511], "uv_size": [2, 2]},
								"west": {"uv": [85, 475], "uv_size": [1, 2]},
								"up": {"uv": [86, 518], "uv_size": [2, 1]},
								"down": {"uv": [117, 519], "uv_size": [2, -1]}
							}
						},
						{
							"origin": [0.88158, -0.40169, -4.15805],
							"size": [0.40885, 0.6214, 0.35876],
							"pivot": [0.12777, -0.07006, -3.97867],
							"rotation": [60, 0, 0],
							"uv": {
								"north": {"uv": [126, 411], "uv_size": [2, 2]},
								"east": {"uv": [96, 435], "uv_size": [1, 2]},
								"south": {"uv": [126, 414], "uv_size": [2, 2]},
								"west": {"uv": [120, 518], "uv_size": [1, 2]},
								"up": {"uv": [122, 518], "uv_size": [2, 1]},
								"down": {"uv": [134, 391], "uv_size": [2, -1]}
							}
						},
						{
							"origin": [0.88158, -0.39123, -4.13993],
							"size": [0.40885, 0.6214, 0.35876],
							"uv": {
								"north": {"uv": [126, 430], "uv_size": [2, 2]},
								"east": {"uv": [134, 392], "uv_size": [1, 2]},
								"south": {"uv": [50, 511], "uv_size": [2, 2]},
								"west": {"uv": [13, 519], "uv_size": [1, 2]},
								"up": {"uv": [21, 519], "uv_size": [2, 1]},
								"down": {"uv": [24, 520], "uv_size": [2, -1]}
							}
						},
						{
							"origin": [-0.97101, -0.23791, -4.11437],
							"size": [2.32532, 0.31476, 0.30766],
							"pivot": [0.12777, -0.08053, -3.96054],
							"rotation": [-45, 0, 0],
							"uv": {
								"north": {"uv": [111, 422], "uv_size": [9, 1]},
								"east": {"uv": [99, 493], "uv_size": [1, 1]},
								"south": {"uv": [111, 424], "uv_size": [9, 1]},
								"west": {"uv": [118, 493], "uv_size": [1, 1]},
								"up": {"uv": [115, 466], "uv_size": [9, 1]},
								"down": {"uv": [117, 502], "uv_size": [9, -1]}
							}
						}
					]
				},
				{
					"name": "bone49",
					"parent": "scope_body",
					"pivot": [0.12777, -0.08053, -1.4819],
					"cubes": [
						{
							"origin": [0.88158, -0.40169, -1.64316],
							"size": [0.40885, 0.6214, 0.35876],
							"pivot": [0.12777, -0.07006, -1.46378],
							"rotation": [-60, 0, 0],
							"uv": {
								"north": {"uv": [126, 445], "uv_size": [2, 2]},
								"east": {"uv": [15, 519], "uv_size": [1, 2]},
								"south": {"uv": [126, 448], "uv_size": [2, 2]},
								"west": {"uv": [27, 519], "uv_size": [1, 2]},
								"up": {"uv": [29, 519], "uv_size": [2, 1]},
								"down": {"uv": [32, 520], "uv_size": [2, -1]}
							}
						},
						{
							"origin": [0.88158, -0.40169, -1.67941],
							"size": [0.40885, 0.6214, 0.35876],
							"pivot": [0.12777, -0.07006, -1.50003],
							"rotation": [60, 0, 0],
							"uv": {
								"north": {"uv": [126, 451], "uv_size": [2, 2]},
								"east": {"uv": [35, 519], "uv_size": [1, 2]},
								"south": {"uv": [126, 467], "uv_size": [2, 2]},
								"west": {"uv": [37, 519], "uv_size": [1, 2]},
								"up": {"uv": [39, 519], "uv_size": [2, 1]},
								"down": {"uv": [42, 520], "uv_size": [2, -1]}
							}
						},
						{
							"origin": [0.88158, -0.39123, -1.66129],
							"size": [0.40885, 0.6214, 0.35876],
							"uv": {
								"north": {"uv": [89, 511], "uv_size": [2, 2]},
								"east": {"uv": [50, 519], "uv_size": [1, 2]},
								"south": {"uv": [92, 511], "uv_size": [2, 2]},
								"west": {"uv": [68, 519], "uv_size": [1, 2]},
								"up": {"uv": [70, 519], "uv_size": [2, 1]},
								"down": {"uv": [134, 459], "uv_size": [2, -1]}
							}
						},
						{
							"origin": [-0.97101, -0.23791, -1.63573],
							"size": [2.32532, 0.31476, 0.30766],
							"pivot": [0.12777, -0.08053, -1.4819],
							"rotation": [-45, 0, 0],
							"uv": {
								"north": {"uv": [118, 459], "uv_size": [9, 1]},
								"east": {"uv": [70, 515], "uv_size": [1, 1]},
								"south": {"uv": [118, 461], "uv_size": [9, 1]},
								"west": {"uv": [20, 521], "uv_size": [1, 1]},
								"up": {"uv": [118, 463], "uv_size": [9, 1]},
								"down": {"uv": [118, 482], "uv_size": [9, -1]}
							}
						}
					]
				},
				{
					"name": "bone28",
					"parent": "scope_body",
					"pivot": [0, 1.84014, -2.04407],
					"cubes": [
						{
							"origin": [-0.29687, 1.12344, -10.23381],
							"size": [0.59373, 1.4334, 9.15741],
							"uv": {
								"north": {"uv": [96, 493], "uv_size": [2, 6]},
								"east": {"uv": [1, 386], "uv_size": [36, 6]},
								"south": {"uv": [25, 494], "uv_size": [2, 6]},
								"west": {"uv": [1, 393], "uv_size": [36, 6]},
								"up": {"uv": [31, 445], "uv_size": [2, 36]},
								"down": {"uv": [34, 481], "uv_size": [2, -36]}
							}
						},
						{
							"origin": [-0.29687, 1.07245, -2.11591],
							"size": [0.59373, 1.53318, 1.53318],
							"pivot": [0, 1.83904, -1.34932],
							"rotation": [45, 0, 0],
							"uv": {
								"north": {"uv": [28, 494], "uv_size": [2, 6]},
								"east": {"uv": [31, 428], "uv_size": [6, 6]},
								"south": {"uv": [70, 494], "uv_size": [2, 6]},
								"west": {"uv": [90, 386], "uv_size": [6, 6]},
								"up": {"uv": [109, 481], "uv_size": [2, 6]},
								"down": {"uv": [109, 494], "uv_size": [2, -6]}
							}
						},
						{
							"origin": [-0.29687, 1.07245, -2.11591],
							"size": [0.59373, 1.53318, 1.53318],
							"pivot": [0, 1.83904, -1.34932],
							"rotation": [-45, 0, 45],
							"uv": {
								"north": {"uv": [110, 430], "uv_size": [2, 6]},
								"east": {"uv": [74, 475], "uv_size": [6, 6]},
								"south": {"uv": [110, 445], "uv_size": [2, 6]},
								"west": {"uv": [1, 476], "uv_size": [6, 6]},
								"up": {"uv": [110, 452], "uv_size": [2, 6]},
								"down": {"uv": [78, 501], "uv_size": [2, -6]}
							}
						},
						{
							"origin": [-0.29687, 1.07245, -2.11591],
							"size": [0.59373, 1.53318, 1.53318],
							"pivot": [0, 1.83904, -1.34932],
							"rotation": [-45, 0, -45],
							"uv": {
								"north": {"uv": [99, 495], "uv_size": [2, 6]},
								"east": {"uv": [8, 476], "uv_size": [6, 6]},
								"south": {"uv": [102, 495], "uv_size": [2, 6]},
								"west": {"uv": [15, 476], "uv_size": [6, 6]},
								"up": {"uv": [105, 495], "uv_size": [2, 6]},
								"down": {"uv": [108, 501], "uv_size": [2, -6]}
							}
						},
						{
							"origin": [-0.29687, 1.07245, -2.11591],
							"size": [0.59373, 1.53318, 1.53318],
							"pivot": [0, 1.83904, -1.34932],
							"rotation": [-45, 0, 90],
							"uv": {
								"north": {"uv": [111, 392], "uv_size": [2, 6]},
								"east": {"uv": [91, 443], "uv_size": [6, 6]},
								"south": {"uv": [111, 399], "uv_size": [2, 6]},
								"west": {"uv": [91, 450], "uv_size": [6, 6]},
								"up": {"uv": [111, 406], "uv_size": [2, 6]},
								"down": {"uv": [111, 419], "uv_size": [2, -6]}
							}
						},
						{
							"origin": [-0.40775, 1.16937, -10.23213],
							"size": [0.59373, 1.4334, 9.15741],
							"pivot": [-0.11089, 1.72925, -2.04407],
							"rotation": [0, 0, 45],
							"uv": {
								"north": {"uv": [111, 495], "uv_size": [2, 6]},
								"east": {"uv": [1, 400], "uv_size": [36, 6]},
								"south": {"uv": [21, 497], "uv_size": [2, 6]},
								"west": {"uv": [1, 407], "uv_size": [36, 6]},
								"up": {"uv": [37, 445], "uv_size": [2, 36]},
								"down": {"uv": [40, 481], "uv_size": [2, -36]}
							}
						},
						{
							"origin": [-0.29687, 1.12344, -10.23636],
							"size": [0.59373, 1.4334, 9.15741],
							"pivot": [0, 1.84014, -5.65343],
							"rotation": [0, 0, 90],
							"uv": {
								"north": {"uv": [112, 481], "uv_size": [2, 6]},
								"east": {"uv": [1, 414], "uv_size": [36, 6]},
								"south": {"uv": [112, 488], "uv_size": [2, 6]},
								"west": {"uv": [1, 421], "uv_size": [36, 6]},
								"up": {"uv": [43, 445], "uv_size": [2, 36]},
								"down": {"uv": [46, 481], "uv_size": [2, -36]}
							}
						},
						{
							"origin": [-0.19816, 1.25471, -9.21001],
							"size": [0.05712, 1.4845, 2.96081],
							"pivot": [-0.15682, 1.84014, -2.04407],
							"rotation": [0, 0, 90],
							"uv": {
								"north": {"uv": [25, 468], "uv_size": [1, 6]},
								"east": {"uv": [53, 400], "uv_size": [12, 6]},
								"south": {"uv": [68, 507], "uv_size": [1, 6]},
								"west": {"uv": [53, 407], "uv_size": [12, 6]},
								"up": {"uv": [51, 498], "uv_size": [1, 12]},
								"down": {"uv": [53, 510], "uv_size": [1, -12]}
							}
						},
						{
							"origin": [-0.18598, 1.16937, -10.23213],
							"size": [0.59373, 1.4334, 9.15741],
							"pivot": [0.11089, 1.72925, -2.04407],
							"rotation": [0, 0, -45],
							"uv": {
								"north": {"uv": [113, 430], "uv_size": [2, 6]},
								"east": {"uv": [38, 386], "uv_size": [36, 6]},
								"south": {"uv": [113, 445], "uv_size": [2, 6]},
								"west": {"uv": [38, 393], "uv_size": [36, 6]},
								"up": {"uv": [49, 445], "uv_size": [2, 36]},
								"down": {"uv": [52, 481], "uv_size": [2, -36]}
							}
						}
					]
				},
				{
					"name": "bone35",
					"parent": "scope_body",
					"pivot": [0, 1.84014, -5.29569],
					"rotation": [-90, 0, 0],
					"cubes": [
						{
							"origin": [-0.34436, 1.00877, -6.21187],
							"size": [0.68873, 1.66274, 1.81958],
							"uv": {
								"north": {"uv": [70, 427], "uv_size": [3, 7]},
								"east": {"uv": [77, 407], "uv_size": [7, 7]},
								"south": {"uv": [100, 399], "uv_size": [3, 7]},
								"west": {"uv": [77, 415], "uv_size": [7, 7]},
								"up": {"uv": [100, 407], "uv_size": [3, 7]},
								"down": {"uv": [100, 422], "uv_size": [3, -7]}
							}
						},
						{
							"origin": [-0.473, 1.06205, -6.21187],
							"size": [0.68873, 1.66274, 1.81958],
							"pivot": [-0.12863, 1.7115, -1.40524],
							"rotation": [0, 0, 45],
							"uv": {
								"north": {"uv": [100, 423], "uv_size": [3, 7]},
								"east": {"uv": [55, 462], "uv_size": [7, 7]},
								"south": {"uv": [55, 485], "uv_size": [3, 7]},
								"west": {"uv": [63, 462], "uv_size": [7, 7]},
								"up": {"uv": [59, 485], "uv_size": [3, 7]},
								"down": {"uv": [63, 492], "uv_size": [3, -7]}
							}
						},
						{
							"origin": [-0.52628, 1.19068, -6.21187],
							"size": [0.68873, 1.66274, 1.81958],
							"pivot": [-0.18191, 1.84014, -1.40524],
							"rotation": [0, 0, 90],
							"uv": {
								"north": {"uv": [67, 485], "uv_size": [3, 7]},
								"east": {"uv": [79, 396], "uv_size": [7, 7]},
								"south": {"uv": [101, 471], "uv_size": [3, 7]},
								"west": {"uv": [81, 423], "uv_size": [7, 7]},
								"up": {"uv": [101, 479], "uv_size": [3, 7]},
								"down": {"uv": [102, 438], "uv_size": [3, -7]}
							}
						},
						{
							"origin": [-0.21573, 1.06205, -6.21187],
							"size": [0.68873, 1.66274, 1.81958],
							"pivot": [0.12863, 1.7115, -1.40524],
							"rotation": [0, 0, -45],
							"uv": {
								"north": {"uv": [102, 439], "uv_size": [3, 7]},
								"east": {"uv": [82, 386], "uv_size": [7, 7]},
								"south": {"uv": [78, 487], "uv_size": [3, 7]},
								"west": {"uv": [82, 431], "uv_size": [7, 7]},
								"up": {"uv": [101, 487], "uv_size": [3, 7]},
								"down": {"uv": [103, 454], "uv_size": [3, -7]}
							}
						}
					]
				},
				{
					"name": "bone38",
					"parent": "scope_body",
					"pivot": [0, 3.44359, -5.29569],
					"rotation": [-90, 0, 0],
					"cubes": [
						{
							"origin": [-0.2777, 2.77317, -5.11298],
							"size": [0.55539, 1.34083, 0.54741],
							"uv": {
								"north": {"uv": [90, 501], "uv_size": [2, 5]},
								"east": {"uv": [93, 501], "uv_size": [2, 5]},
								"south": {"uv": [117, 390], "uv_size": [2, 5]},
								"west": {"uv": [117, 396], "uv_size": [2, 5]},
								"up": {"uv": [126, 485], "uv_size": [2, 2]},
								"down": {"uv": [126, 490], "uv_size": [2, -2]}
							}
						},
						{
							"origin": [-0.2777, 2.77317, -5.10944],
							"size": [0.55539, 1.34083, 0.54741],
							"pivot": [0, 3.44359, -4.83573],
							"rotation": [0, 0, 45],
							"uv": {
								"north": {"uv": [117, 402], "uv_size": [2, 5]},
								"east": {"uv": [117, 408], "uv_size": [2, 5]},
								"south": {"uv": [117, 414], "uv_size": [2, 5]},
								"west": {"uv": [55, 502], "uv_size": [2, 5]},
								"up": {"uv": [126, 491], "uv_size": [2, 2]},
								"down": {"uv": [126, 496], "uv_size": [2, -2]}
							}
						},
						{
							"origin": [-0.2777, 2.77317, -5.1181],
							"size": [0.55539, 1.34083, 0.54741],
							"pivot": [0, 3.44359, -4.83573],
							"rotation": [0, 0, 90],
							"uv": {
								"north": {"uv": [76, 502], "uv_size": [2, 5]},
								"east": {"uv": [99, 502], "uv_size": [2, 5]},
								"south": {"uv": [102, 502], "uv_size": [2, 5]},
								"west": {"uv": [105, 502], "uv_size": [2, 5]},
								"up": {"uv": [126, 503], "uv_size": [2, 2]},
								"down": {"uv": [126, 508], "uv_size": [2, -2]}
							}
						},
						{
							"origin": [-0.17397, 2.81614, -5.10944],
							"size": [0.55539, 1.34083, 0.54741],
							"pivot": [0.10373, 3.33986, -2.15328],
							"rotation": [0, 0, -45],
							"uv": {
								"north": {"uv": [108, 502], "uv_size": [2, 5]},
								"east": {"uv": [117, 495], "uv_size": [2, 5]},
								"south": {"uv": [111, 502], "uv_size": [2, 5]},
								"west": {"uv": [114, 502], "uv_size": [2, 5]},
								"up": {"uv": [127, 389], "uv_size": [2, 2]},
								"down": {"uv": [127, 394], "uv_size": [2, -2]}
							}
						}
					]
				},
				{
					"name": "bone47",
					"parent": "scope_body",
					"pivot": [0, 3.01557, -5.29569],
					"rotation": [-90, 0, 0],
					"cubes": [
						{
							"origin": [-0.30547, 2.27812, -5.4658],
							"size": [0.61093, 1.47492, 0.28912],
							"uv": {
								"north": {"uv": [113, 452], "uv_size": [2, 6]},
								"east": {"uv": [55, 508], "uv_size": [1, 6]},
								"south": {"uv": [73, 498], "uv_size": [2, 6]},
								"west": {"uv": [70, 508], "uv_size": [1, 6]},
								"up": {"uv": [134, 519], "uv_size": [2, 1]},
								"down": {"uv": [1, 521], "uv_size": [2, -1]}
							}
						},
						{
							"origin": [-0.41957, 2.32538, -5.4658],
							"size": [0.61093, 1.47492, 0.28912],
							"pivot": [-0.1141, 2.90147, -2.30986],
							"rotation": [0, 0, 45],
							"uv": {
								"north": {"uv": [81, 498], "uv_size": [2, 6]},
								"east": {"uv": [76, 508], "uv_size": [1, 6]},
								"south": {"uv": [84, 498], "uv_size": [2, 6]},
								"west": {"uv": [123, 471], "uv_size": [1, 6]},
								"up": {"uv": [4, 520], "uv_size": [2, 1]},
								"down": {"uv": [7, 521], "uv_size": [2, -1]}
							}
						},
						{
							"origin": [-0.46683, 2.43948, -5.4658],
							"size": [0.61093, 1.47492, 0.28912],
							"pivot": [-0.16136, 3.01557, -2.30986],
							"rotation": [0, 0, 90],
							"uv": {
								"north": {"uv": [87, 498], "uv_size": [2, 6]},
								"east": {"uv": [99, 508], "uv_size": [1, 6]},
								"south": {"uv": [1, 499], "uv_size": [2, 6]},
								"west": {"uv": [101, 508], "uv_size": [1, 6]},
								"up": {"uv": [10, 520], "uv_size": [2, 1]},
								"down": {"uv": [17, 521], "uv_size": [2, -1]}
							}
						},
						{
							"origin": [-0.19136, 2.32538, -5.4658],
							"size": [0.61093, 1.47492, 0.28912],
							"pivot": [0.1141, 2.90147, -2.30986],
							"rotation": [0, 0, -45],
							"uv": {
								"north": {"uv": [4, 499], "uv_size": [2, 6]},
								"east": {"uv": [103, 508], "uv_size": [1, 6]},
								"south": {"uv": [7, 499], "uv_size": [2, 6]},
								"west": {"uv": [105, 508], "uv_size": [1, 6]},
								"up": {"uv": [135, 411], "uv_size": [2, 1]},
								"down": {"uv": [135, 414], "uv_size": [2, -1]}
							}
						}
					]
				},
				{
					"name": "bone36",
					"parent": "scope_body",
					"pivot": [0, 1.84652, -5.29569],
					"rotation": [0, -90, 0],
					"cubes": [
						{
							"origin": [-0.34436, 1.01515, -6.20548],
							"size": [0.68873, 1.66274, 1.81958],
							"uv": {
								"north": {"uv": [103, 455], "uv_size": [3, 7]},
								"east": {"uv": [82, 439], "uv_size": [7, 7]},
								"south": {"uv": [103, 463], "uv_size": [3, 7]},
								"west": {"uv": [71, 467], "uv_size": [7, 7]},
								"up": {"uv": [104, 399], "uv_size": [3, 7]},
								"down": {"uv": [21, 496], "uv_size": [3, -7]}
							}
						},
						{
							"origin": [-0.473, 1.06844, -6.20548],
							"size": [0.68873, 1.66274, 1.81958],
							"pivot": [-0.12863, 1.71789, -1.39886],
							"rotation": [0, 0, 45],
							"uv": {
								"north": {"uv": [104, 407], "uv_size": [3, 7]},
								"east": {"uv": [79, 467], "uv_size": [7, 7]},
								"south": {"uv": [104, 415], "uv_size": [3, 7]},
								"west": {"uv": [1, 468], "uv_size": [7, 7]},
								"up": {"uv": [104, 423], "uv_size": [3, 7]},
								"down": {"uv": [105, 478], "uv_size": [3, -7]}
							}
						},
						{
							"origin": [-0.52628, 1.19707, -6.20548],
							"size": [0.68873, 1.66274, 1.81958],
							"pivot": [-0.18191, 1.84652, -1.39886],
							"rotation": [0, 0, 90],
							"uv": {
								"north": {"uv": [105, 479], "uv_size": [3, 7]},
								"east": {"uv": [9, 468], "uv_size": [7, 7]},
								"south": {"uv": [105, 487], "uv_size": [3, 7]},
								"west": {"uv": [17, 468], "uv_size": [7, 7]},
								"up": {"uv": [31, 491], "uv_size": [3, 7]},
								"down": {"uv": [35, 498], "uv_size": [3, -7]}
							}
						},
						{
							"origin": [-0.21573, 1.06844, -6.20548],
							"size": [0.68873, 1.66274, 1.81958],
							"pivot": [0.12863, 1.71789, -1.39886],
							"rotation": [0, 0, -45],
							"uv": {
								"north": {"uv": [39, 491], "uv_size": [3, 7]},
								"east": {"uv": [83, 447], "uv_size": [7, 7]},
								"south": {"uv": [43, 491], "uv_size": [3, 7]},
								"west": {"uv": [83, 455], "uv_size": [7, 7]},
								"up": {"uv": [106, 431], "uv_size": [3, 7]},
								"down": {"uv": [47, 498], "uv_size": [3, -7]}
							}
						}
					]
				},
				{
					"name": "bone50",
					"parent": "scope_body",
					"pivot": [0, 1.79542, -5.34679],
					"rotation": [0, -90, 0],
					"cubes": [
						{
							"origin": [-0.29271, 1.08875, -6.89914],
							"size": [0.58542, 1.41333, 3.10469],
							"uv": {
								"north": {"uv": [114, 392], "uv_size": [2, 6]},
								"east": {"uv": [53, 414], "uv_size": [12, 6]},
								"south": {"uv": [10, 499], "uv_size": [2, 6]},
								"west": {"uv": [53, 421], "uv_size": [12, 6]},
								"up": {"uv": [22, 476], "uv_size": [2, 12]},
								"down": {"uv": [93, 411], "uv_size": [2, -12]}
							}
						},
						{
							"origin": [-0.40205, 1.13404, -6.88671],
							"size": [0.58542, 1.41333, 3.07983],
							"pivot": [-0.10934, 1.68608, -2.03449],
							"rotation": [0, 0, 45],
							"uv": {
								"north": {"uv": [13, 499], "uv_size": [2, 6]},
								"east": {"uv": [53, 428], "uv_size": [12, 6]},
								"south": {"uv": [114, 399], "uv_size": [2, 6]},
								"west": {"uv": [55, 445], "uv_size": [12, 6]},
								"up": {"uv": [93, 412], "uv_size": [2, 12]},
								"down": {"uv": [93, 437], "uv_size": [2, -12]}
							}
						},
						{
							"origin": [-0.44734, 1.24338, -6.89658],
							"size": [0.58542, 1.41333, 3.09958],
							"pivot": [-0.15463, 1.79542, -2.03449],
							"rotation": [0, 0, 90],
							"uv": {
								"north": {"uv": [16, 499], "uv_size": [2, 6]},
								"east": {"uv": [61, 435], "uv_size": [12, 6]},
								"south": {"uv": [114, 406], "uv_size": [2, 6]},
								"west": {"uv": [1, 451], "uv_size": [12, 6]},
								"up": {"uv": [85, 478], "uv_size": [2, 12]},
								"down": {"uv": [88, 490], "uv_size": [2, -12]}
							}
						},
						{
							"origin": [-0.18337, 1.13404, -6.88671],
							"size": [0.58542, 1.41333, 3.07983],
							"pivot": [0.10934, 1.68608, -2.03449],
							"rotation": [0, 0, -45],
							"uv": {
								"north": {"uv": [114, 413], "uv_size": [2, 6]},
								"east": {"uv": [14, 451], "uv_size": [12, 6]},
								"south": {"uv": [31, 499], "uv_size": [2, 6]},
								"west": {"uv": [66, 400], "uv_size": [12, 6]},
								"up": {"uv": [91, 479], "uv_size": [2, 12]},
								"down": {"uv": [94, 491], "uv_size": [2, -12]}
							}
						}
					]
				},
				{
					"name": "bone51",
					"parent": "scope_body",
					"pivot": [1.27765, 1.79542, -5.34679],
					"rotation": [0, -90, 0],
					"cubes": [
						{
							"origin": [0.97323, 1.06049, -5.48667],
							"size": [0.60884, 1.46986, 0.34364],
							"uv": {
								"north": {"uv": [34, 499], "uv_size": [2, 6]},
								"east": {"uv": [107, 508], "uv_size": [1, 6]},
								"south": {"uv": [37, 499], "uv_size": [2, 6]},
								"west": {"uv": [109, 508], "uv_size": [1, 6]},
								"up": {"uv": [135, 415], "uv_size": [2, 1]},
								"down": {"uv": [135, 418], "uv_size": [2, -1]}
							}
						},
						{
							"origin": [0.85952, 1.10759, -5.48667],
							"size": [0.60884, 1.46986, 0.34364],
							"pivot": [1.16394, 1.68171, -0.70611],
							"rotation": [0, 0, 45],
							"uv": {
								"north": {"uv": [40, 499], "uv_size": [2, 6]},
								"east": {"uv": [111, 508], "uv_size": [1, 6]},
								"south": {"uv": [43, 499], "uv_size": [2, 6]},
								"west": {"uv": [113, 508], "uv_size": [1, 6]},
								"up": {"uv": [135, 419], "uv_size": [2, 1]},
								"down": {"uv": [135, 428], "uv_size": [2, -1]}
							}
						},
						{
							"origin": [0.81242, 1.2213, -5.48667],
							"size": [0.60884, 1.46986, 0.34364],
							"pivot": [1.11684, 1.79542, -0.70611],
							"rotation": [0, 0, 90],
							"uv": {
								"north": {"uv": [46, 499], "uv_size": [2, 6]},
								"east": {"uv": [115, 508], "uv_size": [1, 6]},
								"south": {"uv": [114, 495], "uv_size": [2, 6]},
								"west": {"uv": [19, 509], "uv_size": [1, 6]},
								"up": {"uv": [135, 429], "uv_size": [2, 1]},
								"down": {"uv": [45, 521], "uv_size": [2, -1]}
							}
						},
						{
							"origin": [1.08694, 1.10759, -5.48667],
							"size": [0.60884, 1.46986, 0.34364],
							"pivot": [1.39136, 1.68171, -0.70611],
							"rotation": [0, 0, -45],
							"uv": {
								"north": {"uv": [115, 459], "uv_size": [2, 6]},
								"east": {"uv": [124, 411], "uv_size": [1, 6]},
								"south": {"uv": [96, 500], "uv_size": [2, 6]},
								"west": {"uv": [48, 509], "uv_size": [1, 6]},
								"up": {"uv": [135, 431], "uv_size": [2, 1]},
								"down": {"uv": [135, 434], "uv_size": [2, -1]}
							}
						}
					]
				},
				{
					"name": "bone52",
					"parent": "scope_body",
					"pivot": [-1.21377, 1.79542, -5.34679],
					"rotation": [0, -90, 0],
					"cubes": [
						{
							"origin": [-1.51819, 1.06049, -5.48667],
							"size": [0.60884, 1.46986, 0.34364],
							"uv": {
								"north": {"uv": [115, 481], "uv_size": [2, 6]},
								"east": {"uv": [81, 509], "uv_size": [1, 6]},
								"south": {"uv": [115, 488], "uv_size": [2, 6]},
								"west": {"uv": [83, 509], "uv_size": [1, 6]},
								"up": {"uv": [52, 520], "uv_size": [2, 1]},
								"down": {"uv": [55, 521], "uv_size": [2, -1]}
							}
						},
						{
							"origin": [-1.6319, 1.10759, -5.48667],
							"size": [0.60884, 1.46986, 0.34364],
							"pivot": [-1.32748, 1.68171, -0.70611],
							"rotation": [0, 0, 45],
							"uv": {
								"north": {"uv": [24, 501], "uv_size": [2, 6]},
								"east": {"uv": [85, 509], "uv_size": [1, 6]},
								"south": {"uv": [27, 501], "uv_size": [2, 6]},
								"west": {"uv": [87, 509], "uv_size": [1, 6]},
								"up": {"uv": [58, 520], "uv_size": [2, 1]},
								"down": {"uv": [135, 446], "uv_size": [2, -1]}
							}
						},
						{
							"origin": [-1.679, 1.2213, -5.48667],
							"size": [0.60884, 1.46986, 0.34364],
							"pivot": [-1.37458, 1.79542, -0.70611],
							"rotation": [0, 0, 90],
							"uv": {
								"north": {"uv": [116, 430], "uv_size": [2, 6]},
								"east": {"uv": [124, 483], "uv_size": [1, 6]},
								"south": {"uv": [116, 445], "uv_size": [2, 6]},
								"west": {"uv": [124, 490], "uv_size": [1, 6]},
								"up": {"uv": [61, 520], "uv_size": [2, 1]},
								"down": {"uv": [135, 448], "uv_size": [2, -1]}
							}
						},
						{
							"origin": [-1.40448, 1.10759, -5.48667],
							"size": [0.60884, 1.46986, 0.34364],
							"pivot": [-1.10006, 1.68171, -0.70611],
							"rotation": [0, 0, -45],
							"uv": {
								"north": {"uv": [116, 452], "uv_size": [2, 6]},
								"east": {"uv": [121, 509], "uv_size": [1, 6]},
								"south": {"uv": [70, 501], "uv_size": [2, 6]},
								"west": {"uv": [123, 509], "uv_size": [1, 6]},
								"up": {"uv": [64, 520], "uv_size": [2, 1]},
								"down": {"uv": [73, 521], "uv_size": [2, -1]}
							}
						}
					]
				},
				{
					"name": "bone30",
					"parent": "scope_body",
					"pivot": [0, 1.84014, 1.02229],
					"cubes": [
						{
							"origin": [-0.4453, 0.76509, -1.34524],
							"size": [0.8906, 2.15009, 3.53408],
							"uv": {
								"north": {"uv": [95, 457], "uv_size": [3, 8]},
								"east": {"uv": [38, 400], "uv_size": [14, 8]},
								"south": {"uv": [95, 466], "uv_size": [3, 8]},
								"west": {"uv": [38, 409], "uv_size": [14, 8]},
								"up": {"uv": [85, 404], "uv_size": [3, 14]},
								"down": {"uv": [55, 484], "uv_size": [3, -14]}
							}
						},
						{
							"origin": [-0.61163, 0.83399, -1.34524],
							"size": [0.8906, 2.15009, 3.53408],
							"pivot": [-0.16633, 1.6738, 1.78888],
							"rotation": [0, 0, 45],
							"uv": {
								"north": {"uv": [96, 399], "uv_size": [3, 8]},
								"east": {"uv": [38, 418], "uv_size": [14, 8]},
								"south": {"uv": [96, 408], "uv_size": [3, 8]},
								"west": {"uv": [38, 427], "uv_size": [14, 8]},
								"up": {"uv": [59, 470], "uv_size": [3, 14]},
								"down": {"uv": [63, 484], "uv_size": [3, -14]}
							}
						},
						{
							"origin": [-0.68053, 1.00032, -1.34524],
							"size": [0.8906, 2.15009, 3.53408],
							"pivot": [-0.23523, 1.84014, 1.78888],
							"rotation": [0, 0, 90],
							"uv": {
								"north": {"uv": [96, 417], "uv_size": [3, 8]},
								"east": {"uv": [1, 428], "uv_size": [14, 8]},
								"south": {"uv": [96, 426], "uv_size": [3, 8]},
								"west": {"uv": [16, 428], "uv_size": [14, 8]},
								"up": {"uv": [67, 470], "uv_size": [3, 14]},
								"down": {"uv": [87, 477], "uv_size": [3, -14]}
							}
						},
						{
							"origin": [-0.27897, 0.83399, -1.34524],
							"size": [0.8906, 2.15009, 3.53408],
							"pivot": [0.16633, 1.6738, 1.78888],
							"rotation": [0, 0, -45],
							"uv": {
								"north": {"uv": [31, 482], "uv_size": [3, 8]},
								"south": {"uv": [35, 482], "uv_size": [3, 8]},
								"up": {"uv": [89, 394], "uv_size": [3, 14]},
								"down": {"uv": [89, 423], "uv_size": [3, -14]}
							}
						}
					]
				},
				{
					"name": "bone37",
					"parent": "scope_body",
					"pivot": [0, 1.84014, -0.44701],
					"cubes": [
						{
							"origin": [0.03014, 0.67909, -1.17537],
							"size": [0.32302, 2.3221, 1.44395],
							"uv": {
								"north": {"uv": [87, 394], "uv_size": [1, 9]},
								"east": {"uv": [55, 452], "uv_size": [6, 9]},
								"south": {"uv": [19, 499], "uv_size": [1, 9]},
								"west": {"uv": [62, 452], "uv_size": [6, 9]},
								"up": {"uv": [13, 510], "uv_size": [1, 6]},
								"down": {"uv": [15, 516], "uv_size": [1, -6]}
							}
						},
						{
							"origin": [-0.5328, 0.7535, -1.17537],
							"size": [0.70632, 2.3221, 1.44395],
							"pivot": [-0.17964, 1.6605, 2.24372],
							"rotation": [0, 0, 45],
							"uv": {
								"north": {"uv": [22, 458], "uv_size": [3, 9]},
								"east": {"uv": [68, 442], "uv_size": [6, 9]},
								"south": {"uv": [91, 469], "uv_size": [3, 9]},
								"west": {"uv": [69, 452], "uv_size": [6, 9]},
								"up": {"uv": [51, 491], "uv_size": [3, 6]},
								"down": {"uv": [74, 497], "uv_size": [3, -6]}
							}
						},
						{
							"origin": [-0.22391, 0.93314, -1.17537],
							"size": [0.32302, 2.3221, 1.44395],
							"pivot": [-0.25405, 1.84014, 2.24372],
							"rotation": [0, 0, 90],
							"uv": {
								"north": {"uv": [49, 499], "uv_size": [1, 9]},
								"east": {"uv": [70, 407], "uv_size": [6, 9]},
								"south": {"uv": [79, 502], "uv_size": [1, 9]},
								"west": {"uv": [70, 417], "uv_size": [6, 9]},
								"up": {"uv": [30, 510], "uv_size": [1, 6]},
								"down": {"uv": [32, 516], "uv_size": [1, -6]}
							}
						},
						{
							"origin": [-0.17352, 0.7535, -1.17537],
							"size": [0.32302, 2.3221, 1.44395],
							"pivot": [0.17964, 1.6605, 2.24372],
							"rotation": [0, 0, -45],
							"uv": {
								"north": {"uv": [118, 483], "uv_size": [1, 9]},
								"east": {"uv": [1, 458], "uv_size": [6, 9]},
								"south": {"uv": [117, 503], "uv_size": [1, 9]},
								"west": {"uv": [8, 458], "uv_size": [6, 9]},
								"up": {"uv": [34, 510], "uv_size": [1, 6]},
								"down": {"uv": [36, 516], "uv_size": [1, -6]}
							}
						},
						{
							"origin": [-0.60721, 0.93314, -1.17537],
							"size": [0.32302, 2.3221, 1.44395],
							"pivot": [-0.25405, 1.84014, 2.24372],
							"rotation": [0, 0, 90],
							"uv": {
								"north": {"uv": [21, 504], "uv_size": [1, 9]},
								"east": {"uv": [15, 458], "uv_size": [6, 9]},
								"south": {"uv": [119, 445], "uv_size": [1, 9]},
								"west": {"uv": [74, 427], "uv_size": [6, 9]},
								"up": {"uv": [125, 421], "uv_size": [1, 6]},
								"down": {"uv": [38, 516], "uv_size": [1, -6]}
							}
						},
						{
							"origin": [-0.35316, 0.67909, -1.17537],
							"size": [0.32302, 2.3221, 1.44395],
							"uv": {
								"north": {"uv": [119, 503], "uv_size": [1, 9]},
								"east": {"uv": [75, 386], "uv_size": [6, 9]},
								"south": {"uv": [120, 390], "uv_size": [1, 9]},
								"west": {"uv": [75, 437], "uv_size": [6, 9]},
								"up": {"uv": [40, 510], "uv_size": [1, 6]},
								"down": {"uv": [42, 516], "uv_size": [1, -6]}
							}
						},
						{
							"origin": [0.20978, 0.7535, -1.17537],
							"size": [0.32302, 2.3221, 1.44395],
							"pivot": [0.17964, 1.6605, 2.24372],
							"rotation": [0, 0, -45],
							"uv": {
								"north": {"uv": [120, 400], "uv_size": [1, 9]},
								"east": {"uv": [76, 447], "uv_size": [6, 9]},
								"south": {"uv": [120, 410], "uv_size": [1, 9]},
								"west": {"uv": [76, 457], "uv_size": [6, 9]},
								"up": {"uv": [44, 510], "uv_size": [1, 6]},
								"down": {"uv": [72, 516], "uv_size": [1, -6]}
							}
						},
						{
							"origin": [0.98113, 3.07059, -0.23118],
							"size": [0.20803, 0.21398, 0.42183],
							"pivot": [0.86156, 2.69063, -0.6131],
							"rotation": [-45, 0, 45],
							"uv": {
								"north": {"uv": [31, 521], "uv_size": [1, 1]},
								"east": {"uv": [135, 506], "uv_size": [2, 1]},
								"south": {"uv": [33, 521], "uv_size": [1, 1]},
								"west": {"uv": [122, 520], "uv_size": [2, 1]},
								"up": {"uv": [48, 520], "uv_size": [1, 2]},
								"down": {"uv": [95, 522], "uv_size": [1, -2]}
							}
						},
						{
							"origin": [1.03224, 2.76711, -1.11149],
							"size": [0.10582, 0.09899, 1.31619],
							"pivot": [0.86156, 2.69063, -0.35757],
							"rotation": [0, 0, 45],
							"uv": {
								"north": {"uv": [136, 421], "uv_size": [1, 1]},
								"east": {"uv": [123, 457], "uv_size": [5, 1]},
								"south": {"uv": [136, 423], "uv_size": [1, 1]},
								"west": {"uv": [124, 497], "uv_size": [5, 1]},
								"up": {"uv": [125, 439], "uv_size": [1, 5]},
								"down": {"uv": [74, 515], "uv_size": [1, -5]}
							}
						},
						{
							"origin": [0.98113, 2.54991, -0.98372],
							"size": [0.20803, 0.29064, 1.06066],
							"pivot": [0.86156, 2.69063, -0.35757],
							"rotation": [0, 0, 45],
							"uv": {
								"north": {"uv": [39, 521], "uv_size": [1, 1]},
								"east": {"uv": [127, 472], "uv_size": [4, 1]},
								"south": {"uv": [136, 425], "uv_size": [1, 1]},
								"west": {"uv": [127, 474], "uv_size": [4, 1]},
								"up": {"uv": [97, 510], "uv_size": [1, 4]},
								"down": {"uv": [53, 515], "uv_size": [1, -4]}
							}
						},
						{
							"origin": [0.98113, 3.07059, -1.09744],
							"size": [0.20803, 0.21398, 0.42183],
							"pivot": [0.86156, 2.69063, -0.29369],
							"rotation": [45, 0, 45],
							"uv": {
								"north": {"uv": [41, 521], "uv_size": [1, 1]},
								"east": {"uv": [135, 508], "uv_size": [2, 1]},
								"south": {"uv": [43, 521], "uv_size": [1, 1]},
								"west": {"uv": [135, 510], "uv_size": [2, 1]},
								"up": {"uv": [118, 520], "uv_size": [1, 2]},
								"down": {"uv": [135, 514], "uv_size": [1, -2]}
							}
						},
						{
							"origin": [0.53395, 3.07059, -1.09744],
							"size": [0.20803, 0.21398, 0.42183],
							"pivot": [0.86156, 2.69063, -0.29369],
							"rotation": [45, 0, 45],
							"uv": {
								"north": {"uv": [136, 435], "uv_size": [1, 1]},
								"east": {"uv": [135, 515], "uv_size": [2, 1]},
								"south": {"uv": [136, 439], "uv_size": [1, 1]},
								"west": {"uv": [135, 517], "uv_size": [2, 1]},
								"up": {"uv": [136, 386], "uv_size": [1, 2]},
								"down": {"uv": [136, 394], "uv_size": [1, -2]}
							}
						},
						{
							"origin": [0.53395, 2.54991, -0.98372],
							"size": [0.20803, 0.29064, 1.06066],
							"pivot": [0.86156, 2.69063, -0.35757],
							"rotation": [0, 0, 45],
							"uv": {
								"north": {"uv": [136, 441], "uv_size": [1, 1]},
								"east": {"uv": [127, 476], "uv_size": [4, 1]},
								"south": {"uv": [136, 443], "uv_size": [1, 1]},
								"west": {"uv": [127, 478], "uv_size": [4, 1]},
								"up": {"uv": [26, 512], "uv_size": [1, 4]},
								"down": {"uv": [28, 516], "uv_size": [1, -4]}
							}
						},
						{
							"origin": [0.53395, 3.07059, -0.23118],
							"size": [0.20803, 0.21398, 0.42183],
							"pivot": [0.86156, 2.69063, -0.6131],
							"rotation": [-45, 0, 45],
							"uv": {
								"north": {"uv": [136, 453], "uv_size": [1, 1]},
								"east": {"uv": [136, 395], "uv_size": [2, 1]},
								"south": {"uv": [70, 521], "uv_size": [1, 1]},
								"west": {"uv": [136, 397], "uv_size": [2, 1]},
								"up": {"uv": [136, 399], "uv_size": [1, 2]},
								"down": {"uv": [136, 404], "uv_size": [1, -2]}
							}
						},
						{
							"origin": [0.58506, 2.76711, -1.11149],
							"size": [0.10582, 0.09899, 1.31619],
							"pivot": [0.86156, 2.69063, -0.35757],
							"rotation": [0, 0, 45],
							"uv": {
								"north": {"uv": [136, 468], "uv_size": [1, 1]},
								"east": {"uv": [125, 428], "uv_size": [5, 1]},
								"south": {"uv": [136, 470], "uv_size": [1, 1]},
								"west": {"uv": [125, 465], "uv_size": [5, 1]},
								"up": {"uv": [125, 471], "uv_size": [1, 5]},
								"down": {"uv": [95, 515], "uv_size": [1, -5]}
							}
						}
					]
				},
				{
					"name": "bone27",
					"parent": "scope_body",
					"pivot": [-0.24382, 2.05734, -3.32172],
					"cubes": [
						{
							"origin": [-0.43809, 0.99272, -3.71779],
							"size": [0.87617, 1.6601, 0.79214],
							"uv": {
								"north": {"uv": [82, 491], "uv_size": [3, 6]},
								"east": {"uv": [86, 491], "uv_size": [3, 6]},
								"south": {"uv": [1, 492], "uv_size": [3, 6]},
								"west": {"uv": [5, 492], "uv_size": [3, 6]},
								"up": {"uv": [83, 463], "uv_size": [3, 3]},
								"down": {"uv": [85, 422], "uv_size": [3, -3]}
							}
						},
						{
							"origin": [0.58403, 1.45268, -3.62836],
							"size": [0.22457, 1.03406, 0.22456],
							"pivot": [0.70271, 1.82277, -3.47136],
							"rotation": [0, -45, 0],
							"uv": {
								"north": {"uv": [78, 512], "uv_size": [1, 4]},
								"east": {"uv": [125, 512], "uv_size": [1, 4]},
								"south": {"uv": [127, 512], "uv_size": [1, 4]},
								"west": {"uv": [1, 513], "uv_size": [1, 4]},
								"up": {"uv": [136, 472], "uv_size": [1, 1]},
								"down": {"uv": [88, 522], "uv_size": [1, -1]}
							}
						},
						{
							"origin": [0.63514, 1.45268, -3.25784],
							"size": [0.22457, 1.03406, 0.22456],
							"pivot": [0.70271, 1.82277, -3.15195],
							"rotation": [0, -45, 0],
							"uv": {
								"north": {"uv": [3, 513], "uv_size": [1, 4]},
								"east": {"uv": [5, 513], "uv_size": [1, 4]},
								"south": {"uv": [7, 513], "uv_size": [1, 4]},
								"west": {"uv": [9, 513], "uv_size": [1, 4]},
								"up": {"uv": [136, 474], "uv_size": [1, 1]},
								"down": {"uv": [90, 522], "uv_size": [1, -1]}
							}
						},
						{
							"origin": [-0.83416, 1.45268, -3.25784],
							"size": [0.22457, 1.03406, 0.22456],
							"pivot": [-0.76659, 1.82277, -3.15195],
							"rotation": [0, -45, 0],
							"uv": {
								"north": {"uv": [11, 513], "uv_size": [1, 4]},
								"east": {"uv": [128, 459], "uv_size": [1, 4]},
								"south": {"uv": [117, 513], "uv_size": [1, 4]},
								"west": {"uv": [119, 513], "uv_size": [1, 4]},
								"up": {"uv": [136, 476], "uv_size": [1, 1]},
								"down": {"uv": [92, 522], "uv_size": [1, -1]}
							}
						},
						{
							"origin": [-0.88526, 1.45268, -3.62836],
							"size": [0.22457, 1.03406, 0.22456],
							"pivot": [-0.76659, 1.82277, -3.47136],
							"rotation": [0, -45, 0],
							"uv": {
								"north": {"uv": [21, 514], "uv_size": [1, 4]},
								"east": {"uv": [23, 514], "uv_size": [1, 4]},
								"south": {"uv": [129, 411], "uv_size": [1, 4]},
								"west": {"uv": [129, 416], "uv_size": [1, 4]},
								"up": {"uv": [136, 478], "uv_size": [1, 1]},
								"down": {"uv": [97, 522], "uv_size": [1, -1]}
							}
						},
						{
							"origin": [-0.59926, 1.06367, -3.71779],
							"size": [0.74141, 0.34052, 0.28108],
							"pivot": [-0.24772, 1.88447, -3.32172],
							"rotation": [0, 0, 37.5],
							"uv": {
								"north": {"uv": [131, 413], "uv_size": [3, 1]},
								"east": {"uv": [99, 521], "uv_size": [1, 1]},
								"south": {"uv": [131, 415], "uv_size": [3, 1]},
								"west": {"uv": [101, 521], "uv_size": [1, 1]},
								"up": {"uv": [131, 417], "uv_size": [3, 1]},
								"down": {"uv": [131, 420], "uv_size": [3, -1]}
							}
						},
						{
							"origin": [-0.14215, 1.06367, -3.71779],
							"size": [0.74141, 0.34052, 0.28108],
							"pivot": [0.24772, 1.88447, -3.32172],
							"rotation": [0, 0, -37.5],
							"uv": {
								"north": {"uv": [131, 427], "uv_size": [3, 1]},
								"east": {"uv": [103, 521], "uv_size": [1, 1]},
								"south": {"uv": [131, 429], "uv_size": [3, 1]},
								"west": {"uv": [105, 521], "uv_size": [1, 1]},
								"up": {"uv": [131, 431], "uv_size": [3, 1]},
								"down": {"uv": [131, 434], "uv_size": [3, -1]}
							}
						},
						{
							"origin": [-0.14215, 1.12756, -3.43671],
							"size": [0.67753, 0.27663, 0.22998],
							"pivot": [0.24772, 1.88447, -3.09174],
							"rotation": [0, 0, -37.5],
							"uv": {
								"north": {"uv": [52, 516], "uv_size": [3, 1]},
								"east": {"uv": [107, 521], "uv_size": [1, 1]},
								"south": {"uv": [56, 516], "uv_size": [3, 1]},
								"west": {"uv": [109, 521], "uv_size": [1, 1]},
								"up": {"uv": [60, 516], "uv_size": [3, 1]},
								"down": {"uv": [131, 446], "uv_size": [3, -1]}
							}
						},
						{
							"origin": [-0.57371, 1.12756, -3.43671],
							"size": [0.71586, 0.27663, 0.22998],
							"pivot": [-0.24772, 1.88447, -3.09174],
							"rotation": [0, 0, 37.5],
							"uv": {
								"north": {"uv": [131, 447], "uv_size": [3, 1]},
								"east": {"uv": [111, 521], "uv_size": [1, 1]},
								"south": {"uv": [64, 516], "uv_size": [3, 1]},
								"west": {"uv": [113, 521], "uv_size": [1, 1]},
								"up": {"uv": [74, 516], "uv_size": [3, 1]},
								"down": {"uv": [131, 465], "uv_size": [3, -1]}
							}
						},
						{
							"origin": [-0.59926, 1.06367, -3.20673],
							"size": [0.74141, 0.34052, 0.28108],
							"pivot": [-0.24772, 1.88447, -3.32172],
							"rotation": [0, 0, 37.5],
							"uv": {
								"north": {"uv": [80, 516], "uv_size": [3, 1]},
								"east": {"uv": [120, 521], "uv_size": [1, 1]},
								"south": {"uv": [84, 516], "uv_size": [3, 1]},
								"west": {"uv": [125, 521], "uv_size": [1, 1]},
								"up": {"uv": [131, 482], "uv_size": [3, 1]},
								"down": {"uv": [131, 485], "uv_size": [3, -1]}
							}
						},
						{
							"origin": [-0.14215, 1.06367, -3.20673],
							"size": [0.74141, 0.34052, 0.28108],
							"pivot": [0.24772, 1.88447, -3.32172],
							"rotation": [0, 0, -37.5],
							"uv": {
								"north": {"uv": [131, 486], "uv_size": [3, 1]},
								"east": {"uv": [127, 521], "uv_size": [1, 1]},
								"south": {"uv": [131, 488], "uv_size": [3, 1]},
								"west": {"uv": [129, 521], "uv_size": [1, 1]},
								"up": {"uv": [131, 490], "uv_size": [3, 1]},
								"down": {"uv": [131, 493], "uv_size": [3, -1]}
							}
						},
						{
							"origin": [0.51282, 2.08297, -3.71779],
							"size": [0.74141, 0.34052, 0.79214],
							"pivot": [0.81326, 2.64824, -3.32172],
							"rotation": [0, 0, 37.5],
							"uv": {
								"north": {"uv": [131, 499], "uv_size": [3, 1]},
								"east": {"uv": [131, 501], "uv_size": [3, 1]},
								"south": {"uv": [131, 503], "uv_size": [3, 1]},
								"west": {"uv": [131, 505], "uv_size": [3, 1]},
								"up": {"uv": [93, 438], "uv_size": [3, 3]},
								"down": {"uv": [110, 462], "uv_size": [3, -3]}
							}
						},
						{
							"origin": [-1.25423, 2.08297, -3.71779],
							"size": [0.74141, 0.34052, 0.79214],
							"pivot": [-0.81326, 2.64824, -3.32172],
							"rotation": [0, 0, -37.5],
							"uv": {
								"north": {"uv": [121, 516], "uv_size": [3, 1]},
								"east": {"uv": [131, 507], "uv_size": [3, 1]},
								"south": {"uv": [131, 509], "uv_size": [3, 1]},
								"west": {"uv": [131, 511], "uv_size": [3, 1]},
								"up": {"uv": [119, 430], "uv_size": [3, 3]},
								"down": {"uv": [119, 458], "uv_size": [3, -3]}
							}
						},
						{
							"origin": [-0.1354, 1.08024, -3.71779],
							"size": [0.35812, 2.05258, 0.79214],
							"pivot": [-0.21826, 1.88827, -3.32172],
							"rotation": [0, 0, 90],
							"uv": {
								"north": {"uv": [17, 506], "uv_size": [1, 8]},
								"east": {"uv": [9, 483], "uv_size": [3, 8]},
								"south": {"uv": [46, 506], "uv_size": [1, 8]},
								"west": {"uv": [13, 483], "uv_size": [3, 8]},
								"up": {"uv": [95, 475], "uv_size": [1, 3]},
								"down": {"uv": [99, 474], "uv_size": [1, -3]}
							}
						},
						{
							"origin": [-0.53147, 1.08024, -3.71779],
							"size": [0.35812, 2.05258, 0.79214],
							"pivot": [-0.21826, 1.88827, -3.32172],
							"rotation": [0, 0, 90],
							"uv": {
								"north": {"uv": [122, 411], "uv_size": [1, 8]},
								"east": {"uv": [17, 483], "uv_size": [3, 8]},
								"south": {"uv": [58, 507], "uv_size": [1, 8]},
								"west": {"uv": [98, 435], "uv_size": [3, 8]},
								"up": {"uv": [100, 431], "uv_size": [1, 3]},
								"down": {"uv": [76, 501], "uv_size": [1, -3]}
							}
						}
					]
				},
				{
					"name": "bone29",
					"parent": "scope_body",
					"pivot": [-0.24382, 2.05734, -7.15467],
					"cubes": [
						{
							"origin": [-0.43809, 0.99272, -7.55074],
							"size": [0.87617, 1.6601, 0.79214],
							"uv": {
								"north": {"uv": [107, 392], "uv_size": [3, 6]},
								"east": {"uv": [9, 492], "uv_size": [3, 6]},
								"south": {"uv": [13, 492], "uv_size": [3, 6]},
								"west": {"uv": [17, 492], "uv_size": [3, 6]},
								"up": {"uv": [81, 505], "uv_size": [3, 3]},
								"down": {"uv": [85, 508], "uv_size": [3, -3]}
							}
						},
						{
							"origin": [0.58403, 1.45268, -7.46131],
							"size": [0.22457, 1.03406, 0.22456],
							"pivot": [0.70271, 1.82277, -7.30431],
							"rotation": [0, -45, 0],
							"uv": {
								"north": {"uv": [129, 430], "uv_size": [1, 4]},
								"east": {"uv": [50, 514], "uv_size": [1, 4]},
								"south": {"uv": [129, 445], "uv_size": [1, 4]},
								"west": {"uv": [68, 514], "uv_size": [1, 4]},
								"up": {"uv": [131, 521], "uv_size": [1, 1]},
								"down": {"uv": [133, 522], "uv_size": [1, -1]}
							}
						},
						{
							"origin": [0.63514, 1.45268, -7.09079],
							"size": [0.22457, 1.03406, 0.22456],
							"pivot": [0.70271, 1.82277, -6.9849],
							"rotation": [0, -45, 0],
							"uv": {
								"north": {"uv": [89, 514], "uv_size": [1, 4]},
								"east": {"uv": [91, 514], "uv_size": [1, 4]},
								"south": {"uv": [93, 514], "uv_size": [1, 4]},
								"west": {"uv": [129, 485], "uv_size": [1, 4]},
								"up": {"uv": [135, 521], "uv_size": [1, 1]},
								"down": {"uv": [1, 523], "uv_size": [1, -1]}
							}
						},
						{
							"origin": [-0.83416, 1.45268, -7.09079],
							"size": [0.22457, 1.03406, 0.22456],
							"pivot": [-0.76659, 1.82277, -6.9849],
							"rotation": [0, -45, 0],
							"uv": {
								"north": {"uv": [129, 490], "uv_size": [1, 4]},
								"east": {"uv": [129, 499], "uv_size": [1, 4]},
								"south": {"uv": [129, 504], "uv_size": [1, 4]},
								"west": {"uv": [129, 509], "uv_size": [1, 4]},
								"up": {"uv": [3, 522], "uv_size": [1, 1]},
								"down": {"uv": [137, 390], "uv_size": [1, -1]}
							}
						},
						{
							"origin": [-0.88526, 1.45268, -7.46131],
							"size": [0.22457, 1.03406, 0.22456],
							"pivot": [-0.76659, 1.82277, -7.30431],
							"rotation": [0, -45, 0],
							"uv": {
								"north": {"uv": [129, 514], "uv_size": [1, 4]},
								"east": {"uv": [130, 386], "uv_size": [1, 4]},
								"south": {"uv": [17, 515], "uv_size": [1, 4]},
								"west": {"uv": [46, 515], "uv_size": [1, 4]},
								"up": {"uv": [5, 522], "uv_size": [1, 1]},
								"down": {"uv": [7, 523], "uv_size": [1, -1]}
							}
						},
						{
							"origin": [-0.59926, 1.06367, -7.03968],
							"size": [0.74141, 0.34052, 0.28108],
							"pivot": [-0.24772, 1.88447, -7.15467],
							"rotation": [0, 0, 37.5],
							"uv": {
								"north": {"uv": [131, 513], "uv_size": [3, 1]},
								"east": {"uv": [9, 522], "uv_size": [1, 1]},
								"south": {"uv": [131, 515], "uv_size": [3, 1]},
								"west": {"uv": [11, 522], "uv_size": [1, 1]},
								"up": {"uv": [132, 386], "uv_size": [3, 1]},
								"down": {"uv": [132, 389], "uv_size": [3, -1]}
							}
						},
						{
							"origin": [-0.14215, 1.06367, -7.03968],
							"size": [0.74141, 0.34052, 0.28108],
							"pivot": [0.24772, 1.88447, -7.15467],
							"rotation": [0, 0, -37.5],
							"uv": {
								"north": {"uv": [132, 395], "uv_size": [3, 1]},
								"east": {"uv": [13, 522], "uv_size": [1, 1]},
								"south": {"uv": [132, 397], "uv_size": [3, 1]},
								"west": {"uv": [15, 522], "uv_size": [1, 1]},
								"up": {"uv": [13, 517], "uv_size": [3, 1]},
								"down": {"uv": [132, 400], "uv_size": [3, -1]}
							}
						},
						{
							"origin": [-0.59926, 1.06367, -7.55074],
							"size": [0.74141, 0.34052, 0.28108],
							"pivot": [-0.24772, 1.88447, -7.15467],
							"rotation": [0, 0, 37.5],
							"uv": {
								"north": {"uv": [132, 401], "uv_size": [3, 1]},
								"east": {"uv": [17, 522], "uv_size": [1, 1]},
								"south": {"uv": [132, 403], "uv_size": [3, 1]},
								"west": {"uv": [26, 522], "uv_size": [1, 1]},
								"up": {"uv": [132, 405], "uv_size": [3, 1]},
								"down": {"uv": [132, 408], "uv_size": [3, -1]}
							}
						},
						{
							"origin": [-0.14215, 1.06367, -7.55074],
							"size": [0.74141, 0.34052, 0.28108],
							"pivot": [0.24772, 1.88447, -7.15467],
							"rotation": [0, 0, -37.5],
							"uv": {
								"north": {"uv": [132, 409], "uv_size": [3, 1]},
								"east": {"uv": [35, 522], "uv_size": [1, 1]},
								"south": {"uv": [25, 517], "uv_size": [3, 1]},
								"west": {"uv": [37, 522], "uv_size": [1, 1]},
								"up": {"uv": [29, 517], "uv_size": [3, 1]},
								"down": {"uv": [33, 518], "uv_size": [3, -1]}
							}
						},
						{
							"origin": [-0.57371, 1.12756, -7.26966],
							"size": [0.71586, 0.27663, 0.22998],
							"pivot": [-0.24772, 1.88447, -6.92469],
							"rotation": [0, 0, 37.5],
							"uv": {
								"north": {"uv": [132, 421], "uv_size": [3, 1]},
								"east": {"uv": [45, 522], "uv_size": [1, 1]},
								"south": {"uv": [37, 517], "uv_size": [3, 1]},
								"west": {"uv": [50, 522], "uv_size": [1, 1]},
								"up": {"uv": [132, 423], "uv_size": [3, 1]},
								"down": {"uv": [132, 426], "uv_size": [3, -1]}
							}
						},
						{
							"origin": [-0.14215, 1.12756, -7.26966],
							"size": [0.67753, 0.27663, 0.22998],
							"pivot": [0.24772, 1.88447, -6.92469],
							"rotation": [0, 0, -37.5],
							"uv": {
								"north": {"uv": [41, 517], "uv_size": [3, 1]},
								"east": {"uv": [52, 522], "uv_size": [1, 1]},
								"south": {"uv": [132, 435], "uv_size": [3, 1]},
								"west": {"uv": [137, 437], "uv_size": [1, 1]},
								"up": {"uv": [132, 439], "uv_size": [3, 1]},
								"down": {"uv": [132, 442], "uv_size": [3, -1]}
							}
						},
						{
							"origin": [0.51282, 2.08297, -7.55074],
							"size": [0.74141, 0.34052, 0.79214],
							"pivot": [0.81326, 2.64824, -7.15467],
							"rotation": [0, 0, 37.5],
							"uv": {
								"north": {"uv": [132, 443], "uv_size": [3, 1]},
								"east": {"uv": [132, 454], "uv_size": [3, 1]},
								"south": {"uv": [70, 517], "uv_size": [3, 1]},
								"west": {"uv": [132, 469], "uv_size": [3, 1]},
								"up": {"uv": [120, 483], "uv_size": [3, 3]},
								"down": {"uv": [120, 490], "uv_size": [3, -3]}
							}
						},
						{
							"origin": [-1.25423, 2.08297, -7.55074],
							"size": [0.74141, 0.34052, 0.79214],
							"pivot": [-0.81326, 2.64824, -7.15467],
							"rotation": [0, 0, -37.5],
							"uv": {
								"north": {"uv": [132, 471], "uv_size": [3, 1]},
								"east": {"uv": [132, 473], "uv_size": [3, 1]},
								"south": {"uv": [132, 475], "uv_size": [3, 1]},
								"west": {"uv": [132, 477], "uv_size": [3, 1]},
								"up": {"uv": [120, 491], "uv_size": [3, 3]},
								"down": {"uv": [120, 498], "uv_size": [3, -3]}
							}
						},
						{
							"origin": [-0.1354, 1.08024, -7.55074],
							"size": [0.35812, 2.05258, 0.79214],
							"pivot": [-0.21826, 1.88827, -7.15467],
							"rotation": [0, 0, 90],
							"uv": {
								"north": {"uv": [60, 507], "uv_size": [1, 8]},
								"east": {"uv": [98, 444], "uv_size": [3, 8]},
								"south": {"uv": [62, 507], "uv_size": [1, 8]},
								"west": {"uv": [99, 453], "uv_size": [3, 8]},
								"up": {"uv": [127, 499], "uv_size": [1, 3]},
								"down": {"uv": [19, 519], "uv_size": [1, -3]}
							}
						},
						{
							"origin": [-0.53147, 1.08024, -7.55074],
							"size": [0.35812, 2.05258, 0.79214],
							"pivot": [-0.21826, 1.88827, -7.15467],
							"rotation": [0, 0, 90],
							"uv": {
								"north": {"uv": [64, 507], "uv_size": [1, 8]},
								"east": {"uv": [99, 462], "uv_size": [3, 8]},
								"south": {"uv": [66, 507], "uv_size": [1, 8]},
								"west": {"uv": [97, 484], "uv_size": [3, 8]},
								"up": {"uv": [48, 516], "uv_size": [1, 3]},
								"down": {"uv": [95, 519], "uv_size": [1, -3]}
							}
						}
					]
				},
				{
					"name": "ocular_ring",
					"pivot": [0, 2.04014, 2.80461],
					"cubes": [
						{
							"origin": [-0.4514, 0.73786, 2.58823],
							"size": [0.9028, 0.13531, 0.43275],
							"uv": {
								"north": {"uv": [127, 395], "uv_size": [4, 1]},
								"east": {"uv": [76, 520], "uv_size": [2, 1]},
								"south": {"uv": [127, 397], "uv_size": [4, 1]},
								"west": {"uv": [79, 520], "uv_size": [2, 1]},
								"up": {"uv": [61, 442], "uv_size": [4, 2]},
								"down": {"uv": [79, 406], "uv_size": [4, -2]}
							}
						},
						{
							"origin": [-0.62001, 2.85194, 2.58823],
							"size": [0.9028, 0.13531, 0.43275],
							"pivot": [-0.16861, 1.65902, 2.76887],
							"rotation": [0, 0, 45],
							"uv": {
								"north": {"uv": [127, 399], "uv_size": [4, 1]},
								"east": {"uv": [135, 464], "uv_size": [2, 1]},
								"south": {"uv": [127, 401], "uv_size": [4, 1]},
								"west": {"uv": [82, 520], "uv_size": [2, 1]},
								"up": {"uv": [119, 434], "uv_size": [4, 2]},
								"down": {"uv": [121, 447], "uv_size": [4, -2]}
							}
						},
						{
							"origin": [-0.68985, 3.02056, 2.58823],
							"size": [0.9028, 0.13531, 0.43275],
							"pivot": [-0.23845, 1.82764, 2.76887],
							"rotation": [0, 0, 90],
							"uv": {
								"north": {"uv": [127, 403], "uv_size": [4, 1]},
								"east": {"uv": [85, 520], "uv_size": [2, 1]},
								"south": {"uv": [127, 405], "uv_size": [4, 1]},
								"west": {"uv": [135, 481], "uv_size": [2, 1]},
								"up": {"uv": [121, 448], "uv_size": [4, 2]},
								"down": {"uv": [121, 453], "uv_size": [4, -2]}
							}
						},
						{
							"origin": [-0.28279, 0.8077, 2.58823],
							"size": [0.9028, 0.13531, 0.43275],
							"pivot": [0.16861, 1.65902, 2.76887],
							"rotation": [0, 0, -45],
							"uv": {
								"north": {"uv": [127, 407], "uv_size": [4, 1]},
								"east": {"uv": [135, 483], "uv_size": [2, 1]},
								"south": {"uv": [127, 409], "uv_size": [4, 1]},
								"west": {"uv": [135, 485], "uv_size": [2, 1]},
								"up": {"uv": [121, 468], "uv_size": [4, 2]},
								"down": {"uv": [121, 505], "uv_size": [4, -2]}
							}
						},
						{
							"origin": [-0.62001, 0.8077, 2.58823],
							"size": [0.9028, 0.13531, 0.43275],
							"pivot": [-0.16861, 1.65902, 2.76887],
							"rotation": [0, 0, 45],
							"uv": {
								"north": {"uv": [127, 421], "uv_size": [4, 1]},
								"east": {"uv": [135, 487], "uv_size": [2, 1]},
								"south": {"uv": [127, 423], "uv_size": [4, 1]},
								"west": {"uv": [135, 489], "uv_size": [2, 1]},
								"up": {"uv": [121, 506], "uv_size": [4, 2]},
								"down": {"uv": [122, 392], "uv_size": [4, -2]}
							}
						},
						{
							"origin": [-0.68985, 0.97632, 2.58823],
							"size": [0.9028, 0.13531, 0.43275],
							"pivot": [-0.23845, 1.82764, 2.76887],
							"rotation": [0, 0, 90],
							"uv": {
								"north": {"uv": [127, 425], "uv_size": [4, 1]},
								"east": {"uv": [135, 491], "uv_size": [2, 1]},
								"south": {"uv": [127, 439], "uv_size": [4, 1]},
								"west": {"uv": [135, 498], "uv_size": [2, 1]},
								"up": {"uv": [122, 393], "uv_size": [4, 2]},
								"down": {"uv": [122, 398], "uv_size": [4, -2]}
							}
						},
						{
							"origin": [-0.28279, 2.85194, 2.58823],
							"size": [0.9028, 0.13531, 0.43275],
							"pivot": [0.16861, 1.65902, 2.76887],
							"rotation": [0, 0, -45],
							"uv": {
								"north": {"uv": [127, 441], "uv_size": [4, 1]},
								"east": {"uv": [115, 520], "uv_size": [2, 1]},
								"south": {"uv": [127, 443], "uv_size": [4, 1]},
								"west": {"uv": [135, 500], "uv_size": [2, 1]},
								"up": {"uv": [122, 399], "uv_size": [4, 2]},
								"down": {"uv": [122, 404], "uv_size": [4, -2]}
							}
						},
						{
							"origin": [-0.4514, 2.7821, 2.58823],
							"size": [0.9028, 0.13531, 0.43275],
							"uv": {
								"north": {"uv": [127, 454], "uv_size": [4, 1]},
								"east": {"uv": [135, 502], "uv_size": [2, 1]},
								"south": {"uv": [127, 470], "uv_size": [4, 1]},
								"west": {"uv": [135, 504], "uv_size": [2, 1]},
								"up": {"uv": [122, 405], "uv_size": [4, 2]},
								"down": {"uv": [122, 410], "uv_size": [4, -2]}
							}
						},
						{
							"origin": [-0.41413, 0.82784, 2.12178],
							"size": [0.82826, 1.99959, 0.469],
							"uv": {
								"up": {"uv": [123, 454], "uv_size": [3, 2]},
								"down": {"uv": [123, 480], "uv_size": [3, -2]}
							}
						},
						{
							"origin": [-0.56882, 0.89192, 2.12178],
							"size": [0.82826, 1.99959, 0.45936],
							"pivot": [-0.15469, 1.67295, 2.45083],
							"rotation": [0, 0, 45],
							"uv": {
								"up": {"uv": [124, 418], "uv_size": [3, 2]},
								"down": {"uv": [124, 436], "uv_size": [3, -2]}
							}
						},
						{
							"origin": [-0.41413, 0.82784, 2.12178],
							"size": [0.82826, 1.99959, 0.46389],
							"pivot": [0, 1.82764, 2.37021],
							"rotation": [0, 0, 90],
							"uv": {
								"up": {"uv": [1, 510], "uv_size": [3, 2]},
								"down": {"uv": [125, 388], "uv_size": [3, -2]}
							}
						},
						{
							"origin": [-0.25944, 0.89192, 2.12178],
							"size": [0.82826, 1.99959, 0.45936],
							"pivot": [0.15469, 1.67295, 2.45083],
							"rotation": [0, 0, -45],
							"uv": {
								"up": {"uv": [5, 510], "uv_size": [3, 2]},
								"down": {"uv": [9, 512], "uv_size": [3, -2]}
							}
						}
					]
				},
				{
					"name": "division",
					"pivot": [-0.04488, -2.50335, -80.39226],
					"cubes": [
						{
							"origin": [-26.1875, -23.70624, -80.75],
							"size": [52.375, 52.40625, 0.25],
							"uv": {
								"south": {"uv": [1, 1], "uv_size": [383, 383]}
							}
						},
						{
							"origin": [-92.89375, -73.69062, -80.75],
							"size": [66.70625, 152.375, 0.25],
							"uv": {
								"south": {"uv": [74, 386], "uv_size": [1, 1]}
							}
						},
						{
							"origin": [26.1875, -73.69062, -80.75],
							"size": [67.26875, 152.375, 0.25],
							"uv": {
								"south": {"uv": [74, 386], "uv_size": [1, 1]}
							}
						},
						{
							"origin": [-26.1875, 28.68438, -80.75],
							"size": [52.375, 50, 0.25],
							"uv": {
								"south": {"uv": [74, 386], "uv_size": [1, 1]}
							}
						},
						{
							"origin": [-26.1875, -73.69062, -80.75],
							"size": [52.375, 50, 0.25],
							"uv": {
								"south": {"uv": [74, 386], "uv_size": [1, 1]}
							}
						},
						{
							"origin": [-29.08, 1.33804, -80.38255],
							"size": [11.94, 1.2375, 0],
							"uv": {
								"south": {"uv": [6, 0], "uv_size": [10, 1]}
							}
						},
						{
							"origin": [17.14, 1.33804, -80.38255],
							"size": [11.94, 1.2375, 0],
							"uv": {
								"south": {"uv": [16, 0], "uv_size": [-10, 1]}
							}
						},
						{
							"origin": [-0.64625, -25.08446, -80.38255],
							"size": [1.2925, 4.6425, 0],
							"uv": {
								"south": {"uv": [0, 27], "uv_size": [1, 4]}
							}
						},
						{
							"origin": [-0.09, -17.71196, -80.38255],
							"size": [0.18, 19.2375, 0],
							"uv": {
								"south": {"uv": [0, 11], "uv_size": [1, 16]}
							}
						},
						{
							"origin": [-0.7725, -0.32696, -80.38255],
							"size": [1.545, 0.2625, 0],
							"uv": {
								"south": {"uv": [41, 0], "uv_size": [1, 1]}
							}
						},
						{
							"origin": [-0.7725, -0.32696, -80.38255],
							"size": [1.545, 0.2625, 0],
							"uv": {
								"south": {"uv": [42, 0], "uv_size": [-1, 1]}
							}
						},
						{
							"origin": [-0.66, -1.85696, -80.38255],
							"size": [1.32, 0.2625, 0],
							"uv": {
								"south": {"uv": [0, 42], "uv_size": [1, 1]}
							}
						},
						{
							"origin": [-0.66, -1.85696, -80.38255],
							"size": [1.32, 0.2625, 0],
							"uv": {
								"south": {"uv": [1, 42], "uv_size": [-1, 1]}
							}
						},
						{
							"origin": [-0.4275, -3.59696, -80.38255],
							"size": [0.855, 0.2625, 0],
							"uv": {
								"south": {"uv": [42, 0], "uv_size": [1, 1]}
							}
						},
						{
							"origin": [-0.4275, -3.59696, -80.38255],
							"size": [0.855, 0.2625, 0],
							"uv": {
								"south": {"uv": [43, 0], "uv_size": [-1, 1]}
							}
						},
						{
							"origin": [-0.4575, -5.72696, -80.38255],
							"size": [0.915, 0.2625, 0],
							"uv": {
								"south": {"uv": [0, 43], "uv_size": [1, 1]}
							}
						},
						{
							"origin": [-0.4275, -8.03696, -80.38255],
							"size": [0.855, 0.2625, 0],
							"uv": {
								"south": {"uv": [43, 0], "uv_size": [1, 1]}
							}
						},
						{
							"origin": [-0.3225, -10.85696, -80.38255],
							"size": [0.645, 0.2925, 0],
							"uv": {
								"south": {"uv": [0, 44], "uv_size": [1, 1]}
							}
						},
						{
							"origin": [-0.33, -13.99196, -80.38255],
							"size": [0.66, 0.2925, 0],
							"uv": {
								"south": {"uv": [44, 0], "uv_size": [1, 1]}
							}
						},
						{
							"origin": [-0.3675, -17.71196, -80.38255],
							"size": [0.735, 0.2925, 0],
							"uv": {
								"south": {"uv": [0, 45], "uv_size": [1, 1]}
							}
						},
						{
							"origin": [11.00166, 1.57138, -80.38255],
							"size": [0.20334, 0.70717, 0],
							"uv": {
								"south": {"uv": [30, 0], "uv_size": [1, 1]}
							}
						},
						{
							"origin": [10.91166, 1.78138, -80.38255],
							"size": [0.29334, 0.24217, 0],
							"uv": {
								"south": {"uv": [0, 31], "uv_size": [1, 1]}
							}
						},
						{
							"origin": [11.87004, 0.838, -80.38135],
							"size": [0.195, 0.50004, -0.0012],
							"pivot": [11.235, 1.33804, -80.38135],
							"rotation": [0, 0, -135],
							"uv": {
								"south": {"uv": [28, 0], "uv_size": [1, 1]}
							}
						},
						{
							"origin": [7.35666, 1.78138, -80.38255],
							"size": [0.29334, 0.24217, 0],
							"uv": {
								"south": {"uv": [0, 33], "uv_size": [1, 1]}
							}
						},
						{
							"origin": [7.44666, 1.57138, -80.38255],
							"size": [0.20334, 0.70717, 0],
							"uv": {
								"south": {"uv": [32, 0], "uv_size": [1, 1]}
							}
						},
						{
							"origin": [8.66863, 1.65828, -80.38135],
							"size": [0.195, 0.50004, -0.0012],
							"pivot": [8.03358, 2.15832, -80.38135],
							"rotation": [0, 0, 135],
							"uv": {
								"south": {"uv": [0, 32], "uv_size": [1, 1]}
							}
						},
						{
							"origin": [8.31504, 0.838, -80.38135],
							"size": [0.195, 0.50004, -0.0012],
							"pivot": [7.68, 1.33804, -80.38135],
							"rotation": [0, 0, -135],
							"uv": {
								"south": {"uv": [31, 0], "uv_size": [1, 1]}
							}
						},
						{
							"origin": [3.77166, 1.78138, -80.38255],
							"size": [0.29334, 0.24217, 0],
							"uv": {
								"south": {"uv": [0, 35], "uv_size": [1, 1]}
							}
						},
						{
							"origin": [3.86166, 1.57138, -80.38255],
							"size": [0.20334, 0.70717, 0],
							"uv": {
								"south": {"uv": [34, 0], "uv_size": [1, 1]}
							}
						},
						{
							"origin": [-1.1325, -0.39362, -80.38255],
							"size": [0.41334, 0.37717, 0],
							"uv": {
								"south": {"uv": [46, 0], "uv_size": [-1, 1]}
							}
						},
						{
							"origin": [0.71916, -0.39362, -80.38255],
							"size": [0.41334, 0.37717, 0],
							"uv": {
								"south": {"uv": [45, 0], "uv_size": [1, 1]}
							}
						},
						{
							"origin": [1.13916, -1.87862, -80.38255],
							"size": [0.33834, 0.33217, 0],
							"uv": {
								"south": {"uv": [47, 0], "uv_size": [-1, 1]}
							}
						},
						{
							"origin": [-1.4775, -1.87862, -80.38255],
							"size": [0.33834, 0.33217, 0],
							"uv": {
								"south": {"uv": [46, 0], "uv_size": [1, 1]}
							}
						},
						{
							"origin": [-1.23, -3.63362, -80.38255],
							"size": [0.33834, 0.33217, 0],
							"uv": {
								"south": {"uv": [0, 49], "uv_size": [1, 1]}
							}
						},
						{
							"origin": [1.68666, -3.63362, -80.38255],
							"size": [0.33834, 0.33217, 0],
							"uv": {
								"south": {"uv": [49, 0], "uv_size": [-1, 1]}
							}
						},
						{
							"origin": [0.89166, -3.63362, -80.38255],
							"size": [0.33834, 0.33217, 0],
							"uv": {
								"south": {"uv": [1, 49], "uv_size": [-1, 1]}
							}
						},
						{
							"origin": [-1.38, -5.77862, -80.38255],
							"size": [0.33834, 0.33217, 0],
							"uv": {
								"south": {"uv": [49, 0], "uv_size": [1, 1]}
							}
						},
						{
							"origin": [2.06166, -5.77862, -80.38255],
							"size": [0.33834, 0.33217, 0],
							"uv": {
								"south": {"uv": [1, 50], "uv_size": [-1, 1]}
							}
						},
						{
							"origin": [1.04166, -5.77862, -80.38255],
							"size": [0.33834, 0.33217, 0],
							"uv": {
								"south": {"uv": [50, 0], "uv_size": [-1, 1]}
							}
						},
						{
							"origin": [-2.4, -5.77862, -80.38255],
							"size": [0.33834, 0.33217, 0],
							"uv": {
								"south": {"uv": [0, 50], "uv_size": [1, 1]}
							}
						},
						{
							"origin": [2.69166, -8.08862, -80.38255],
							"size": [0.33834, 0.33217, 0],
							"uv": {
								"south": {"uv": [53, 0], "uv_size": [-1, 1]}
							}
						},
						{
							"origin": [-1.665, -8.08862, -80.38255],
							"size": [0.33834, 0.33217, 0],
							"uv": {
								"south": {"uv": [0, 53], "uv_size": [1, 1]}
							}
						},
						{
							"origin": [-3.03, -8.08862, -80.38255],
							"size": [0.33834, 0.33217, 0],
							"uv": {
								"south": {"uv": [52, 0], "uv_size": [1, 1]}
							}
						},
						{
							"origin": [1.32666, -8.08862, -80.38255],
							"size": [0.33834, 0.33217, 0],
							"uv": {
								"south": {"uv": [1, 53], "uv_size": [-1, 1]}
							}
						},
						{
							"origin": [-1.89, -10.86362, -80.38255],
							"size": [0.33834, 0.33217, 0],
							"uv": {
								"south": {"uv": [53, 0], "uv_size": [1, 1]}
							}
						},
						{
							"origin": [3.17166, -10.86362, -80.38255],
							"size": [0.33834, 0.33217, 0],
							"uv": {
								"south": {"uv": [1, 54], "uv_size": [-1, 1]}
							}
						},
						{
							"origin": [1.55166, -10.86362, -80.38255],
							"size": [0.33834, 0.33217, 0],
							"uv": {
								"south": {"uv": [54, 0], "uv_size": [-1, 1]}
							}
						},
						{
							"origin": [-3.51, -10.86362, -80.38255],
							"size": [0.33834, 0.33217, 0],
							"uv": {
								"south": {"uv": [0, 54], "uv_size": [1, 1]}
							}
						},
						{
							"origin": [-4.185, -13.99862, -80.38255],
							"size": [0.33834, 0.33217, 0],
							"uv": {
								"south": {"uv": [56, 0], "uv_size": [1, 1]}
							}
						},
						{
							"origin": [1.86666, -13.99862, -80.38255],
							"size": [0.33834, 0.33217, 0],
							"uv": {
								"south": {"uv": [1, 57], "uv_size": [-1, 1]}
							}
						},
						{
							"origin": [3.84666, -13.99862, -80.38255],
							"size": [0.33834, 0.33217, 0],
							"uv": {
								"south": {"uv": [57, 0], "uv_size": [-1, 1]}
							}
						},
						{
							"origin": [-2.205, -13.99862, -80.38255],
							"size": [0.33834, 0.33217, 0],
							"uv": {
								"south": {"uv": [0, 57], "uv_size": [1, 1]}
							}
						},
						{
							"origin": [-2.535, -17.76362, -80.38255],
							"size": [0.33834, 0.33217, 0],
							"uv": {
								"south": {"uv": [57, 0], "uv_size": [1, 1]}
							}
						},
						{
							"origin": [4.34166, -17.76362, -80.38255],
							"size": [0.33834, 0.33217, 0],
							"uv": {
								"south": {"uv": [1, 58], "uv_size": [-1, 1]}
							}
						},
						{
							"origin": [2.19666, -17.76362, -80.38255],
							"size": [0.33834, 0.33217, 0],
							"uv": {
								"south": {"uv": [58, 0], "uv_size": [-1, 1]}
							}
						},
						{
							"origin": [-4.68, -17.76362, -80.38255],
							"size": [0.33834, 0.33217, 0],
							"uv": {
								"south": {"uv": [0, 58], "uv_size": [1, 1]}
							}
						},
						{
							"origin": [-2.025, -3.63362, -80.38255],
							"size": [0.33834, 0.33217, 0],
							"uv": {
								"south": {"uv": [48, 0], "uv_size": [1, 1]}
							}
						},
						{
							"origin": [5.08363, 1.65828, -80.38135],
							"size": [0.195, 0.50004, -0.0012],
							"pivot": [4.44858, 2.15832, -80.38135],
							"rotation": [0, 0, 135],
							"uv": {
								"south": {"uv": [0, 34], "uv_size": [1, 1]}
							}
						},
						{
							"origin": [4.73004, 0.838, -80.38135],
							"size": [0.195, 0.50004, -0.0012],
							"pivot": [4.095, 1.33804, -80.38135],
							"rotation": [0, 0, -135],
							"uv": {
								"south": {"uv": [33, 0], "uv_size": [1, 1]}
							}
						},
						{
							"origin": [-12.06504, 0.838, -80.38135],
							"size": [0.195, 0.50004, -0.0012],
							"pivot": [-11.235, 1.33804, -80.38135],
							"rotation": [0, 0, 135],
							"uv": {
								"south": {"uv": [0, 41], "uv_size": [1, 1]}
							}
						},
						{
							"origin": [14.76301, -0.88404, -80.38155],
							"size": [-0.87504, 0.87504, -0.001],
							"pivot": [15.235, 1.33804, -80.38135],
							"rotation": [0, 0, -135],
							"uv": {
								"south": {"uv": [1, 41], "uv_size": [-1, 1]}
							}
						},
						{
							"origin": [-11.205, 1.78138, -80.38255],
							"size": [0.29334, 0.24217, 0],
							"uv": {
								"south": {"uv": [40, 0], "uv_size": [1, 1]}
							}
						},
						{
							"origin": [-12.41863, 1.65828, -80.38135],
							"size": [0.195, 0.50004, -0.0012],
							"pivot": [-11.58858, 2.15832, -80.38135],
							"rotation": [0, 0, -135],
							"uv": {
								"south": {"uv": [0, 40], "uv_size": [1, 1]}
							}
						},
						{
							"origin": [-11.205, 1.57138, -80.38255],
							"size": [0.20334, 0.70717, 0],
							"uv": {
								"south": {"uv": [39, 0], "uv_size": [1, 1]}
							}
						},
						{
							"origin": [-8.86363, 1.65828, -80.38135],
							"size": [0.195, 0.50004, -0.0012],
							"pivot": [-8.03358, 2.15832, -80.38135],
							"rotation": [0, 0, -135],
							"uv": {
								"south": {"uv": [0, 39], "uv_size": [1, 1]}
							}
						},
						{
							"origin": [-8.51004, 0.838, -80.38135],
							"size": [0.195, 0.50004, -0.0012],
							"pivot": [-7.68, 1.33804, -80.38135],
							"rotation": [0, 0, 135],
							"uv": {
								"south": {"uv": [38, 0], "uv_size": [1, 1]}
							}
						},
						{
							"origin": [-7.65, 1.78138, -80.38255],
							"size": [0.29334, 0.24217, 0],
							"uv": {
								"south": {"uv": [0, 38], "uv_size": [1, 1]}
							}
						},
						{
							"origin": [-7.65, 1.57138, -80.38255],
							"size": [0.20334, 0.70717, 0],
							"uv": {
								"south": {"uv": [37, 0], "uv_size": [1, 1]}
							}
						},
						{
							"origin": [-4.065, 1.78138, -80.38255],
							"size": [0.29334, 0.24217, 0],
							"uv": {
								"south": {"uv": [0, 37], "uv_size": [1, 1]}
							}
						},
						{
							"origin": [-4.065, 1.57138, -80.38255],
							"size": [0.20334, 0.70717, 0],
							"uv": {
								"south": {"uv": [36, 0], "uv_size": [1, 1]}
							}
						},
						{
							"origin": [-5.27863, 1.65828, -80.38135],
							"size": [0.195, 0.50004, -0.0012],
							"pivot": [-4.44858, 2.15832, -80.38135],
							"rotation": [0, 0, -135],
							"uv": {
								"south": {"uv": [0, 36], "uv_size": [1, 1]}
							}
						},
						{
							"origin": [-4.92504, 0.838, -80.38135],
							"size": [0.195, 0.50004, -0.0012],
							"pivot": [-4.095, 1.33804, -80.38135],
							"rotation": [0, 0, 135],
							"uv": {
								"south": {"uv": [35, 0], "uv_size": [1, 1]}
							}
						},
						{
							"origin": [12.22363, 1.65828, -80.38135],
							"size": [0.195, 0.50004, -0.0012],
							"pivot": [11.58858, 2.15832, -80.38135],
							"rotation": [0, 0, 135],
							"uv": {
								"south": {"uv": [29, 0], "uv_size": [1, 1]}
							}
						}
					]
				},
				{
					"name": "cross_illuminated",
					"parent": "division",
					"pivot": [0, 3.1375, -80.3125],
					"cubes": [
						{
							"origin": [-0.9, 1.00429, -80.30755],
							"size": [1.8, 1.8, 0],
							"uv": {
								"south": {"uv": [141, 387], "uv_size": [16, 16]}
							}
						}
					]
				}
			]
		}
	]
}