{
	"format_version": "1.12.0",
	"minecraft:geometry": [
		{
			"description": {
				"identifier": "geometry.scope_qlu11",
				"texture_width": 128,
				"texture_height": 128,
				"visible_bounds_width": 29,
				"visible_bounds_height": 13,
				"visible_bounds_offset": [0, 1.5, 0]
			},
			"bones": [
				{
					"name": "scope_body",
					"pivot": [0, 0, 0]
				},
				{
					"name": "bone2",
					"parent": "scope_body",
					"pivot": [-9.9055, 22.59221, -22.59383],
					"rotation": [2.5, 0, 0],
					"cubes": [
						{
							"origin": [1.10435, -0.71642, -7.89637],
							"size": [0.42349, 1.83502, 0.93063],
							"uv": {
								"north": {"uv": [76, 97], "uv_size": [0.4375, 1.84375]},
								"east": {"uv": [79, 82], "uv_size": [0.9375, 1.84375]},
								"south": {"uv": [77, 97], "uv_size": [0.4375, 1.84375]},
								"west": {"uv": [89, 71], "uv_size": [0.9375, 1.84375]},
								"up": {"uv": [97, 101], "uv_size": [0.4375, 0.9375]},
								"down": {"uv": [98, 101.9375], "uv_size": [0.4375, -0.9375]}
							}
						},
						{
							"origin": [-1.05278, -1.16638, -7.44093],
							"size": [2.15713, 2.93541, 0.47519],
							"uv": {
								"north": {"uv": [77, 79], "uv_size": [2.15625, 2.9375]},
								"east": {"uv": [93, 94], "uv_size": [0.46875, 2.9375]},
								"south": {"uv": [80, 64], "uv_size": [2.15625, 2.9375]},
								"west": {"uv": [94, 93], "uv_size": [0.46875, 2.9375]},
								"up": {"uv": [96, 53], "uv_size": [2.15625, 0.46875]},
								"down": {"uv": [96, 54.46875], "uv_size": [2.15625, -0.46875]}
							}
						},
						{
							"origin": [-1.47626, -1.51046, -7.10233],
							"size": [3.0041, 0.15881, 0.1366],
							"uv": {
								"north": {"uv": [90, 101], "uv_size": [3, 0.15625]},
								"east": {"uv": [105, 83], "uv_size": [0.125, 0.15625]},
								"south": {"uv": [101, 90], "uv_size": [3, 0.15625]},
								"west": {"uv": [84, 105], "uv_size": [0.125, 0.15625]},
								"up": {"uv": [102, 69], "uv_size": [3, 0.125]},
								"down": {"uv": [102, 70.125], "uv_size": [3, -0.125]}
							}
						},
						{
							"origin": [1.10435, 3.13679, -7.38128],
							"size": [0.42349, 1.62251, 0.79404],
							"pivot": [-0.13964, 2.94453, -10.83927],
							"rotation": [-35, 0, 0],
							"uv": {
								"north": {"uv": [74, 99], "uv_size": [0.4375, 1.625]},
								"east": {"uv": [68, 95], "uv_size": [0.78125, 1.625]},
								"south": {"uv": [76, 99], "uv_size": [0.4375, 1.625]},
								"west": {"uv": [95, 68], "uv_size": [0.78125, 1.625]},
								"up": {"uv": [102, 88], "uv_size": [0.4375, 0.78125]},
								"down": {"uv": [102, 89.78125], "uv_size": [0.4375, -0.78125]}
							}
						},
						{
							"origin": [1.10435, -1.54013, -10.63383],
							"size": [0.42349, 0.81601, 1.12294],
							"pivot": [-0.1264, -4.43268, -8.27081],
							"rotation": [-45, 0, 0],
							"uv": {
								"north": {"uv": [71, 102], "uv_size": [0.4375, 0.8125]},
								"east": {"uv": [79, 60], "uv_size": [1.125, 0.8125]},
								"south": {"uv": [102, 71], "uv_size": [0.4375, 0.8125]},
								"west": {"uv": [83, 59], "uv_size": [1.125, 0.8125]},
								"up": {"uv": [86, 101], "uv_size": [0.4375, 1.125]},
								"down": {"uv": [101, 87.125], "uv_size": [0.4375, -1.125]}
							}
						},
						{
							"origin": [-1.05278, -1.53625, -9.99362],
							"size": [2.15713, 0.81213, 0.48273],
							"pivot": [-0.54989, -4.43268, -8.27081],
							"rotation": [-45, 0, 0],
							"uv": {
								"north": {"uv": [90, 79], "uv_size": [2.15625, 0.8125]},
								"east": {"uv": [102, 67], "uv_size": [0.46875, 0.8125]},
								"south": {"uv": [91, 68], "uv_size": [2.15625, 0.8125]},
								"west": {"uv": [68, 102], "uv_size": [0.46875, 0.8125]},
								"up": {"uv": [96, 56], "uv_size": [2.15625, 0.46875]},
								"down": {"uv": [96, 57.46875], "uv_size": [2.15625, -0.46875]}
							}
						},
						{
							"origin": [-1.47626, -0.71642, -7.89637],
							"size": [0.42349, 1.83502, 0.93063],
							"uv": {
								"north": {"uv": [78, 97], "uv_size": [0.4375, 1.84375]},
								"east": {"uv": [69, 91], "uv_size": [0.9375, 1.84375]},
								"south": {"uv": [82, 97], "uv_size": [0.4375, 1.84375]},
								"west": {"uv": [91, 69], "uv_size": [0.9375, 1.84375]},
								"up": {"uv": [101, 98], "uv_size": [0.4375, 0.9375]},
								"down": {"uv": [99, 101.9375], "uv_size": [0.4375, -0.9375]}
							}
						},
						{
							"origin": [-1.47626, 3.13679, -7.38128],
							"size": [0.42349, 1.62251, 0.79404],
							"pivot": [0.19121, 2.94453, -10.83927],
							"rotation": [-35, 0, 0],
							"uv": {
								"north": {"uv": [77, 99], "uv_size": [0.4375, 1.625]},
								"east": {"uv": [95, 74], "uv_size": [0.78125, 1.625]},
								"south": {"uv": [78, 99], "uv_size": [0.4375, 1.625]},
								"west": {"uv": [95, 76], "uv_size": [0.78125, 1.625]},
								"up": {"uv": [90, 102], "uv_size": [0.4375, 0.78125]},
								"down": {"uv": [91, 102.78125], "uv_size": [0.4375, -0.78125]}
							}
						},
						{
							"origin": [-1.05278, 3.93083, -7.38128],
							"size": [2.15713, 0.82848, 0.79404],
							"pivot": [0.48236, 2.94453, -10.83927],
							"rotation": [-35, 0, 0],
							"uv": {
								"north": {"uv": [89, 53], "uv_size": [2.15625, 0.84375]},
								"east": {"uv": [87, 99], "uv_size": [0.78125, 0.84375]},
								"south": {"uv": [89, 54], "uv_size": [2.15625, 0.84375]},
								"west": {"uv": [88, 99], "uv_size": [0.78125, 0.84375]},
								"up": {"uv": [91, 73], "uv_size": [2.15625, 0.78125]},
								"down": {"uv": [91, 82.78125], "uv_size": [2.15625, -0.78125]}
							}
						},
						{
							"origin": [-1.47626, -1.54013, -10.63383],
							"size": [0.42349, 0.81601, 1.12294],
							"pivot": [0.20445, -4.43268, -8.27081],
							"rotation": [-45, 0, 0],
							"uv": {
								"north": {"uv": [73, 102], "uv_size": [0.4375, 0.8125]},
								"east": {"uv": [92, 74], "uv_size": [1.125, 0.8125]},
								"south": {"uv": [102, 73], "uv_size": [0.4375, 0.8125]},
								"west": {"uv": [96, 64], "uv_size": [1.125, 0.8125]},
								"up": {"uv": [101, 88], "uv_size": [0.4375, 1.125]},
								"down": {"uv": [89, 102.125], "uv_size": [0.4375, -1.125]}
							}
						},
						{
							"origin": [-1.47626, -1.51046, 0.70118],
							"size": [3.0041, 2.10539, 1.11165],
							"uv": {
								"north": {"uv": [80, 67], "uv_size": [3, 2.09375]},
								"east": {"uv": [89, 56], "uv_size": [1.125, 2.09375]},
								"south": {"uv": [69, 80], "uv_size": [3, 2.09375]},
								"west": {"uv": [89, 59], "uv_size": [1.125, 2.09375]},
								"up": {"uv": [69, 83], "uv_size": [3, 1.125]},
								"down": {"uv": [83, 75.125], "uv_size": [3, -1.125]}
							}
						},
						{
							"origin": [-1.49626, -1.70483, -0.70966],
							"size": [3.0201, 2.19803, 1.08518],
							"pivot": [0.05887, 2.10939, -3.13107],
							"rotation": [30, 0, 0],
							"uv": {
								"north": {"uv": [78, 70], "uv_size": [3, 2.1875]},
								"east": {"uv": [88, 81], "uv_size": [1.09375, 2.1875]},
								"south": {"uv": [74, 78], "uv_size": [3, 2.1875]},
								"west": {"uv": [88, 84], "uv_size": [1.09375, 2.1875]},
								"up": {"uv": [84, 79], "uv_size": [3, 1.09375]},
								"down": {"uv": [81, 85.09375], "uv_size": [3, -1.09375]}
							}
						},
						{
							"origin": [-0.68223, -1.40216, -0.69148],
							"size": [1.41603, 1.20548, 1.22281],
							"pivot": [0.02579, 2.12753, -2.92761],
							"rotation": [30, 0, 0],
							"uv": {
								"north": {"uv": [70, 91], "uv_size": [1.40625, 1.21875]},
								"east": {"uv": [92, 69], "uv_size": [1.21875, 1.21875]},
								"south": {"uv": [91, 71], "uv_size": [1.40625, 1.21875]},
								"west": {"uv": [92, 77], "uv_size": [1.21875, 1.21875]},
								"up": {"uv": [73, 91], "uv_size": [1.40625, 1.21875]},
								"down": {"uv": [91, 81.21875], "uv_size": [1.40625, -1.21875]}
							}
						},
						{
							"origin": [-0.41755, -0.89053, -0.29921],
							"size": [0.88667, 0.88667, 0.8602],
							"pivot": [0.02579, 2.50681, -2.53534],
							"rotation": [30, 0, 0],
							"uv": {
								"north": {"uv": [93, 97], "uv_size": [0.875, 0.875]},
								"east": {"uv": [69, 98], "uv_size": [0.875, 0.875]},
								"south": {"uv": [81, 98], "uv_size": [0.875, 0.875]},
								"west": {"uv": [71, 99], "uv_size": [0.875, 0.875]},
								"up": {"uv": [73, 99], "uv_size": [0.875, 0.875]},
								"down": {"uv": [99, 73.875], "uv_size": [0.875, -0.875]}
							}
						},
						{
							"origin": [1.85062, 0.4104, 0.44364],
							"size": [0.48965, 0.48965, 0.59553],
							"pivot": [0.02579, 2.72489, -2.10348],
							"rotation": [22.20765, -20.70481, 40.89339],
							"uv": {
								"north": {"uv": [103, 72], "uv_size": [0.5, 0.5]},
								"east": {"uv": [100, 102], "uv_size": [0.59375, 0.5]},
								"south": {"uv": [73, 103], "uv_size": [0.5, 0.5]},
								"west": {"uv": [101, 102], "uv_size": [0.59375, 0.5]},
								"up": {"uv": [102, 101], "uv_size": [0.5, 0.59375]},
								"down": {"uv": [102, 102.59375], "uv_size": [0.5, -0.59375]}
							}
						},
						{
							"origin": [-0.44126, -0.28729, -1.02966],
							"size": [0.93409, 0.30447, 1.22149],
							"pivot": [0.02579, 2.71328, -3.26579],
							"rotation": [30, 0, 0],
							"uv": {
								"north": {"uv": [103, 54], "uv_size": [0.9375, 0.3125]},
								"east": {"uv": [102, 68], "uv_size": [1.21875, 0.3125]},
								"south": {"uv": [103, 56], "uv_size": [0.9375, 0.3125]},
								"west": {"uv": [69, 102], "uv_size": [1.21875, 0.3125]},
								"up": {"uv": [95, 89], "uv_size": [0.9375, 1.21875]},
								"down": {"uv": [95, 94.21875], "uv_size": [0.9375, -1.21875]}
							}
						},
						{
							"origin": [-2.48107, 0.33279, -1.02966],
							"size": [0.75433, 0.27911, 1.22017],
							"pivot": [0.02579, 2.71328, -3.26579],
							"rotation": [26.56505, 14.47751, -26.56505],
							"uv": {
								"north": {"uv": [103, 91], "uv_size": [0.75, 0.28125]},
								"east": {"uv": [102, 85], "uv_size": [1.21875, 0.28125]},
								"south": {"uv": [92, 103], "uv_size": [0.75, 0.28125]},
								"west": {"uv": [102, 86], "uv_size": [1.21875, 0.28125]},
								"up": {"uv": [96, 65], "uv_size": [0.75, 1.21875]},
								"down": {"uv": [96, 68.21875], "uv_size": [0.75, -1.21875]}
							}
						},
						{
							"origin": [1.77831, 0.33279, -1.02966],
							"size": [0.75433, 0.27911, 1.22017],
							"pivot": [0.02579, 2.71328, -3.26579],
							"rotation": [26.56505, -14.47751, 26.56505],
							"uv": {
								"north": {"uv": [103, 92], "uv_size": [0.75, 0.28125]},
								"east": {"uv": [87, 102], "uv_size": [1.21875, 0.28125]},
								"south": {"uv": [93, 103], "uv_size": [0.75, 0.28125]},
								"west": {"uv": [102, 87], "uv_size": [1.21875, 0.28125]},
								"up": {"uv": [69, 96], "uv_size": [0.75, 1.21875]},
								"down": {"uv": [96, 70.21875], "uv_size": [0.75, -1.21875]}
							}
						},
						{
							"origin": [1.58766, -1.16587, -0.80432],
							"size": [0.42349, 1.20548, 1.21752],
							"pivot": [0.33515, 2.27333, -3.22572],
							"rotation": [28.48124, -9.84655, 17.49524],
							"uv": {
								"north": {"uv": [101, 68], "uv_size": [0.4375, 1.21875]},
								"east": {"uv": [92, 83], "uv_size": [1.21875, 1.21875]},
								"south": {"uv": [101, 70], "uv_size": [0.4375, 1.21875]},
								"west": {"uv": [92, 85], "uv_size": [1.21875, 1.21875]},
								"up": {"uv": [74, 101], "uv_size": [0.4375, 1.21875]},
								"down": {"uv": [76, 102.21875], "uv_size": [0.4375, -1.21875]}
							}
						},
						{
							"origin": [-1.90222, -1.19441, -0.70951],
							"size": [0.42349, 1.20548, 1.21752],
							"pivot": [-0.6894, 2.15876, -2.94564],
							"rotation": [28.48124, 9.84655, -17.49524],
							"uv": {
								"north": {"uv": [77, 101], "uv_size": [0.4375, 1.21875]},
								"east": {"uv": [92, 87], "uv_size": [1.21875, 1.21875]},
								"south": {"uv": [78, 101], "uv_size": [0.4375, 1.21875]},
								"west": {"uv": [88, 92], "uv_size": [1.21875, 1.21875]},
								"up": {"uv": [79, 101], "uv_size": [0.4375, 1.21875]},
								"down": {"uv": [101, 80.21875], "uv_size": [0.4375, -1.21875]}
							}
						},
						{
							"origin": [-1.47626, -1.51046, -6.96573],
							"size": [3.0041, 3.95814, 7.66692],
							"uv": {
								"north": {"uv": [74, 74], "uv_size": [3, 3.96875]},
								"east": {"uv": [67, 53], "uv_size": [7.65625, 3.96875]},
								"south": {"uv": [75, 53], "uv_size": [3, 3.96875]},
								"west": {"uv": [67, 57], "uv_size": [7.65625, 3.96875]},
								"up": {"uv": [67, 61], "uv_size": [3, 7.65625]},
								"down": {"uv": [67, 76.65625], "uv_size": [3, -7.65625]}
							}
						},
						{
							"origin": [-1.67742, -0.9811, -3.26024],
							"size": [3.40641, 1.86766, 4.32744],
							"uv": {
								"north": {"uv": [79, 56], "uv_size": [3.40625, 1.875]},
								"east": {"uv": [77, 77], "uv_size": [4.3125, 1.875]},
								"south": {"uv": [79, 58], "uv_size": [3.40625, 1.875]},
								"west": {"uv": [78, 53], "uv_size": [4.3125, 1.875]},
								"up": {"uv": [74, 64], "uv_size": [3.40625, 4.3125]},
								"down": {"uv": [74, 73.3125], "uv_size": [3.40625, -4.3125]}
							}
						},
						{
							"origin": [-1.93945, 1.53169, -0.5519],
							"size": [0.48965, 0.6617, 0.6617],
							"pivot": [-1.69462, -0.19403, -3.7184],
							"rotation": [-45, 0, 0],
							"uv": {
								"north": {"uv": [93, 102], "uv_size": [0.5, 0.65625]},
								"east": {"uv": [96, 101], "uv_size": [0.65625, 0.65625]},
								"south": {"uv": [102, 93], "uv_size": [0.5, 0.65625]},
								"west": {"uv": [101, 96], "uv_size": [0.65625, 0.65625]},
								"up": {"uv": [94, 102], "uv_size": [0.5, 0.65625]},
								"down": {"uv": [102, 94.65625], "uv_size": [0.5, -0.65625]}
							}
						},
						{
							"origin": [-1.67477, -0.26525, -6.07923],
							"size": [3.40112, 1.70837, 3.03505],
							"pivot": [0.02579, 1.85106, -11.35005],
							"rotation": [-5, 0, 0],
							"uv": {
								"north": {"uv": [80, 79], "uv_size": [3.40625, 1.71875]},
								"east": {"uv": [81, 62], "uv_size": [3.03125, 1.71875]},
								"south": {"uv": [81, 60], "uv_size": [3.40625, 1.71875]},
								"west": {"uv": [81, 70], "uv_size": [3.03125, 1.71875]},
								"up": {"uv": [75, 57], "uv_size": [3.40625, 3.03125]},
								"down": {"uv": [70, 79.03125], "uv_size": [3.40625, -3.03125]}
							}
						},
						{
							"origin": [-1.67477, 1.4038, -6.74803],
							"size": [3.40112, 1.27716, 1.1143],
							"pivot": [0.02579, 2.81228, -14.01167],
							"rotation": [-15, 0, 0],
							"uv": {
								"north": {"uv": [81, 72], "uv_size": [3.40625, 1.28125]},
								"east": {"uv": [94, 70], "uv_size": [1.125, 1.28125]},
								"south": {"uv": [73, 81], "uv_size": [3.40625, 1.28125]},
								"west": {"uv": [94, 72], "uv_size": [1.125, 1.28125]},
								"up": {"uv": [83, 53], "uv_size": [3.40625, 1.125]},
								"down": {"uv": [73, 84.125], "uv_size": [3.40625, -1.125]}
							}
						},
						{
							"origin": [-1.67477, 0.52939, -4.32212],
							"size": [3.40112, 0.75553, 5.36422],
							"pivot": [0.02579, 1.28325, -7.07658],
							"rotation": [2.5, 0, 0],
							"uv": {
								"north": {"uv": [87, 80], "uv_size": [3.40625, 0.75]},
								"east": {"uv": [82, 77], "uv_size": [5.375, 0.75]},
								"south": {"uv": [88, 74], "uv_size": [3.40625, 0.75]},
								"west": {"uv": [82, 78], "uv_size": [5.375, 0.75]},
								"up": {"uv": [70, 64], "uv_size": [3.40625, 5.375]},
								"down": {"uv": [70, 75.375], "uv_size": [3.40625, -5.375]}
							}
						},
						{
							"origin": [-1.67742, -0.28187, -7.33449],
							"size": [3.40641, 0.57026, 2.77037],
							"pivot": [0.02579, 1.93926, -9.54267],
							"rotation": [12.5, 0, 0],
							"uv": {
								"north": {"uv": [88, 77], "uv_size": [3.40625, 0.5625]},
								"east": {"uv": [91, 89], "uv_size": [2.78125, 0.5625]},
								"south": {"uv": [88, 78], "uv_size": [3.40625, 0.5625]},
								"west": {"uv": [92, 53], "uv_size": [2.78125, 0.5625]},
								"up": {"uv": [77, 61], "uv_size": [3.40625, 2.78125]},
								"down": {"uv": [77, 76.78125], "uv_size": [3.40625, -2.78125]}
							}
						},
						{
							"origin": [-1.54243, -0.85597, -7.13093],
							"size": [3.13644, 0.26468, 0.26468],
							"pivot": [0.02579, -0.76805, -7.19183],
							"rotation": [-45, 0, 0],
							"uv": {
								"north": {"uv": [97, 70], "uv_size": [3.125, 0.25]},
								"east": {"uv": [105, 73], "uv_size": [0.25, 0.25]},
								"south": {"uv": [97, 77], "uv_size": [3.125, 0.25]},
								"west": {"uv": [74, 105], "uv_size": [0.25, 0.25]},
								"up": {"uv": [97, 83], "uv_size": [3.125, 0.25]},
								"down": {"uv": [84, 97.25], "uv_size": [3.125, -0.25]}
							}
						},
						{
							"origin": [-1.54243, -1.25299, -4.21946],
							"size": [3.13644, 0.26468, 0.26468],
							"pivot": [0.02579, -1.16507, -4.28037],
							"rotation": [-45, 0, 0],
							"uv": {
								"north": {"uv": [97, 84], "uv_size": [3.125, 0.25]},
								"east": {"uv": [105, 74], "uv_size": [0.25, 0.25]},
								"south": {"uv": [97, 85], "uv_size": [3.125, 0.25]},
								"west": {"uv": [75, 105], "uv_size": [0.25, 0.25]},
								"up": {"uv": [97, 86], "uv_size": [3.125, 0.25]},
								"down": {"uv": [97, 87.25], "uv_size": [3.125, -0.25]}
							}
						},
						{
							"origin": [-1.54243, -1.25299, -1.04332],
							"size": [3.13644, 0.26468, 0.26468],
							"pivot": [0.02579, -1.16507, -1.10423],
							"rotation": [-45, 0, 0],
							"uv": {
								"north": {"uv": [97, 88], "uv_size": [3.125, 0.25]},
								"east": {"uv": [105, 75], "uv_size": [0.25, 0.25]},
								"south": {"uv": [97, 89], "uv_size": [3.125, 0.25]},
								"west": {"uv": [76, 105], "uv_size": [0.25, 0.25]},
								"up": {"uv": [97, 90], "uv_size": [3.125, 0.25]},
								"down": {"uv": [97, 92.25], "uv_size": [3.125, -0.25]}
							}
						},
						{
							"origin": [-1.54243, 2.22753, -1.57268],
							"size": [3.13644, 0.26468, 0.26468],
							"pivot": [0.02579, 2.31545, -1.63359],
							"rotation": [-45, 0, 0],
							"uv": {
								"north": {"uv": [97, 93], "uv_size": [3.125, 0.25]},
								"east": {"uv": [105, 76], "uv_size": [0.25, 0.25]},
								"south": {"uv": [97, 94], "uv_size": [3.125, 0.25]},
								"west": {"uv": [77, 105], "uv_size": [0.25, 0.25]},
								"up": {"uv": [96, 97], "uv_size": [3.125, 0.25]},
								"down": {"uv": [97, 96.25], "uv_size": [3.125, -0.25]}
							}
						},
						{
							"origin": [-1.54243, 2.22753, -4.74882],
							"size": [3.13644, 0.26468, 0.26468],
							"pivot": [0.02579, 2.31545, -4.80973],
							"rotation": [-45, 0, 0],
							"uv": {
								"north": {"uv": [98, 58], "uv_size": [3.125, 0.25]},
								"east": {"uv": [105, 77], "uv_size": [0.25, 0.25]},
								"south": {"uv": [98, 59], "uv_size": [3.125, 0.25]},
								"west": {"uv": [78, 105], "uv_size": [0.25, 0.25]},
								"up": {"uv": [98, 60], "uv_size": [3.125, 0.25]},
								"down": {"uv": [98, 61.25], "uv_size": [3.125, -0.25]}
							}
						},
						{
							"origin": [-1.54243, -1.25299, 1.33878],
							"size": [3.13644, 0.26468, 0.26468],
							"pivot": [0.02579, -1.16507, 1.27787],
							"rotation": [-45, 0, 0],
							"uv": {
								"north": {"uv": [98, 62], "uv_size": [3.125, 0.25]},
								"east": {"uv": [105, 78], "uv_size": [0.25, 0.25]},
								"south": {"uv": [98, 63], "uv_size": [3.125, 0.25]},
								"west": {"uv": [79, 105], "uv_size": [0.25, 0.25]},
								"up": {"uv": [98, 64], "uv_size": [3.125, 0.25]},
								"down": {"uv": [98, 65.25], "uv_size": [3.125, -0.25]}
							}
						},
						{
							"origin": [-1.54243, 0.59976, 1.33878],
							"size": [3.13644, 0.26468, 0.26468],
							"pivot": [0.02579, 0.68768, 1.27787],
							"rotation": [-45, 0, 0],
							"uv": {
								"north": {"uv": [98, 66], "uv_size": [3.125, 0.25]},
								"east": {"uv": [105, 79], "uv_size": [0.25, 0.25]},
								"south": {"uv": [98, 67], "uv_size": [3.125, 0.25]},
								"west": {"uv": [80, 105], "uv_size": [0.25, 0.25]},
								"up": {"uv": [98, 74], "uv_size": [3.125, 0.25]},
								"down": {"uv": [98, 75.25], "uv_size": [3.125, -0.25]}
							}
						},
						{
							"origin": [-1.54243, 1.79081, -7.13093],
							"size": [3.13644, 0.26468, 0.26468],
							"pivot": [0.02579, 1.87874, -7.19183],
							"rotation": [-45, 0, 0],
							"uv": {
								"north": {"uv": [98, 76], "uv_size": [3.125, 0.25]},
								"east": {"uv": [105, 80], "uv_size": [0.25, 0.25]},
								"south": {"uv": [98, 78], "uv_size": [3.125, 0.25]},
								"west": {"uv": [81, 105], "uv_size": [0.25, 0.25]},
								"up": {"uv": [83, 98], "uv_size": [3.125, 0.25]},
								"down": {"uv": [87, 98.25], "uv_size": [3.125, -0.25]}
							}
						},
						{
							"origin": [1.23669, 1.52011, -6.76723],
							"size": [0.33085, 0.50409, 2.77037],
							"uv": {
								"north": {"uv": [104, 79], "uv_size": [0.34375, 0.5]},
								"east": {"uv": [92, 54], "uv_size": [2.78125, 0.5]},
								"south": {"uv": [80, 104], "uv_size": [0.34375, 0.5]},
								"west": {"uv": [94, 92], "uv_size": [2.78125, 0.5]},
								"up": {"uv": [96, 58], "uv_size": [0.34375, 2.78125]},
								"down": {"uv": [96, 63.78125], "uv_size": [0.34375, -2.78125]}
							}
						},
						{
							"origin": [-0.68223, 2.26121, -5.90702],
							"size": [1.41603, 0.45115, 5.68183],
							"uv": {
								"north": {"uv": [89, 99], "uv_size": [1.40625, 0.4375]},
								"east": {"uv": [88, 75], "uv_size": [5.6875, 0.4375]},
								"south": {"uv": [91, 99], "uv_size": [1.40625, 0.4375]},
								"west": {"uv": [88, 76], "uv_size": [5.6875, 0.4375]},
								"up": {"uv": [67, 77], "uv_size": [1.40625, 5.6875]},
								"down": {"uv": [78, 69.6875], "uv_size": [1.40625, -5.6875]}
							}
						},
						{
							"origin": [2.62409, 2.39355, -6.72643],
							"size": [0.42349, 0.41145, 0.42349],
							"pivot": [0.02579, 3.73148, -9.32474],
							"rotation": [0, -45, 0],
							"uv": {
								"north": {"uv": [104, 73], "uv_size": [0.4375, 0.40625]},
								"east": {"uv": [74, 104], "uv_size": [0.4375, 0.40625]},
								"south": {"uv": [104, 74], "uv_size": [0.4375, 0.40625]},
								"west": {"uv": [75, 104], "uv_size": [0.4375, 0.40625]},
								"up": {"uv": [104, 54], "uv_size": [0.4375, 0.4375]},
								"down": {"uv": [104, 56.4375], "uv_size": [0.4375, -0.4375]}
							}
						},
						{
							"origin": [2.62409, 2.39355, -5.73389],
							"size": [0.42349, 0.41145, 0.42349],
							"pivot": [0.02579, 3.73148, -8.33219],
							"rotation": [0, -45, 0],
							"uv": {
								"north": {"uv": [104, 75], "uv_size": [0.4375, 0.40625]},
								"east": {"uv": [76, 104], "uv_size": [0.4375, 0.40625]},
								"south": {"uv": [104, 76], "uv_size": [0.4375, 0.40625]},
								"west": {"uv": [77, 104], "uv_size": [0.4375, 0.40625]},
								"up": {"uv": [104, 57], "uv_size": [0.4375, 0.4375]},
								"down": {"uv": [104, 58.4375], "uv_size": [0.4375, -0.4375]}
							}
						},
						{
							"origin": [2.62409, 2.39355, -4.74135],
							"size": [0.42349, 0.41145, 0.42349],
							"pivot": [0.02579, 3.73148, -7.33965],
							"rotation": [0, -45, 0],
							"uv": {
								"north": {"uv": [104, 77], "uv_size": [0.4375, 0.40625]},
								"east": {"uv": [78, 104], "uv_size": [0.4375, 0.40625]},
								"south": {"uv": [104, 78], "uv_size": [0.4375, 0.40625]},
								"west": {"uv": [79, 104], "uv_size": [0.4375, 0.40625]},
								"up": {"uv": [104, 59], "uv_size": [0.4375, 0.4375]},
								"down": {"uv": [104, 60.4375], "uv_size": [0.4375, -0.4375]}
							}
						},
						{
							"origin": [2.8226, 2.39355, -1.49904],
							"size": [0.22498, 0.35851, 0.22498],
							"pivot": [0.02579, 3.73148, -4.29585],
							"rotation": [0, -45, 0],
							"uv": {
								"north": {"uv": [69, 105], "uv_size": [0.21875, 0.34375]},
								"east": {"uv": [105, 69], "uv_size": [0.21875, 0.34375]},
								"south": {"uv": [70, 105], "uv_size": [0.21875, 0.34375]},
								"west": {"uv": [105, 70], "uv_size": [0.21875, 0.34375]},
								"up": {"uv": [105, 81], "uv_size": [0.21875, 0.21875]},
								"down": {"uv": [82, 105.21875], "uv_size": [0.21875, -0.21875]}
							}
						},
						{
							"origin": [2.8226, 2.39355, -7.32196],
							"size": [0.22498, 0.35851, 0.22498],
							"pivot": [0.02579, 3.73148, -10.11877],
							"rotation": [0, -45, 0],
							"uv": {
								"north": {"uv": [71, 105], "uv_size": [0.21875, 0.34375]},
								"east": {"uv": [105, 71], "uv_size": [0.21875, 0.34375]},
								"south": {"uv": [105, 72], "uv_size": [0.21875, 0.34375]},
								"west": {"uv": [73, 105], "uv_size": [0.21875, 0.34375]},
								"up": {"uv": [105, 82], "uv_size": [0.21875, 0.21875]},
								"down": {"uv": [83, 105.21875], "uv_size": [0.21875, -0.21875]}
							}
						},
						{
							"origin": [2.62409, 2.39355, -3.41795],
							"size": [0.55582, 0.45115, 0.55582],
							"pivot": [0.02579, 3.73148, -6.01626],
							"rotation": [0, -45, 0],
							"uv": {
								"north": {"uv": [103, 73], "uv_size": [0.5625, 0.4375]},
								"east": {"uv": [74, 103], "uv_size": [0.5625, 0.4375]},
								"south": {"uv": [103, 74], "uv_size": [0.5625, 0.4375]},
								"west": {"uv": [75, 103], "uv_size": [0.5625, 0.4375]},
								"up": {"uv": [102, 95], "uv_size": [0.5625, 0.5625]},
								"down": {"uv": [96, 102.5625], "uv_size": [0.5625, -0.5625]}
							}
						},
						{
							"origin": [2.62409, 2.39355, -2.35924],
							"size": [0.55582, 0.45115, 0.55582],
							"pivot": [0.02579, 3.73148, -4.95754],
							"rotation": [0, -45, 0],
							"uv": {
								"north": {"uv": [103, 75], "uv_size": [0.5625, 0.4375]},
								"east": {"uv": [76, 103], "uv_size": [0.5625, 0.4375]},
								"south": {"uv": [103, 76], "uv_size": [0.5625, 0.4375]},
								"west": {"uv": [77, 103], "uv_size": [0.5625, 0.4375]},
								"up": {"uv": [102, 96], "uv_size": [0.5625, 0.5625]},
								"down": {"uv": [97, 102.5625], "uv_size": [0.5625, -0.5625]}
							}
						},
						{
							"origin": [2.40848, 2.26121, -0.45818],
							"size": [0.8205, 0.45115, 0.38826],
							"pivot": [1.15288, 3.59914, -5.91488],
							"rotation": [0, -30, 0],
							"uv": {
								"north": {"uv": [102, 74], "uv_size": [0.8125, 0.4375]},
								"east": {"uv": [104, 80], "uv_size": [0.375, 0.4375]},
								"south": {"uv": [75, 102], "uv_size": [0.8125, 0.4375]},
								"west": {"uv": [81, 104], "uv_size": [0.375, 0.4375]},
								"up": {"uv": [102, 97], "uv_size": [0.8125, 0.375]},
								"down": {"uv": [98, 102.375], "uv_size": [0.8125, -0.375]}
							}
						},
						{
							"origin": [-2.17188, 2.26121, -0.88743],
							"size": [0.8205, 0.45115, 0.33533],
							"pivot": [0.30124, 3.59914, -4.27964],
							"rotation": [0, 30, 0],
							"uv": {
								"north": {"uv": [102, 75], "uv_size": [0.8125, 0.4375]},
								"east": {"uv": [104, 82], "uv_size": [0.34375, 0.4375]},
								"south": {"uv": [102, 76], "uv_size": [0.8125, 0.4375]},
								"west": {"uv": [83, 104], "uv_size": [0.34375, 0.4375]},
								"up": {"uv": [103, 59], "uv_size": [0.8125, 0.34375]},
								"down": {"uv": [103, 60.34375], "uv_size": [0.8125, -0.34375]}
							}
						},
						{
							"origin": [2.9198, 2.26121, -6.21401],
							"size": [0.8205, 0.45115, 0.38826],
							"pivot": [1.6642, 3.59914, -11.67072],
							"rotation": [0, -30, 0],
							"uv": {
								"north": {"uv": [102, 78], "uv_size": [0.8125, 0.4375]},
								"east": {"uv": [104, 81], "uv_size": [0.375, 0.4375]},
								"south": {"uv": [102, 79], "uv_size": [0.8125, 0.4375]},
								"west": {"uv": [82, 104], "uv_size": [0.375, 0.4375]},
								"up": {"uv": [102, 98], "uv_size": [0.8125, 0.375]},
								"down": {"uv": [99, 102.375], "uv_size": [0.8125, -0.375]}
							}
						},
						{
							"origin": [-2.70967, 2.26121, -6.68911],
							"size": [0.8205, 0.45115, 0.33533],
							"pivot": [-0.23655, 3.59914, -10.08132],
							"rotation": [0, 30, 0],
							"uv": {
								"north": {"uv": [102, 80], "uv_size": [0.8125, 0.4375]},
								"east": {"uv": [104, 83], "uv_size": [0.34375, 0.4375]},
								"south": {"uv": [81, 102], "uv_size": [0.8125, 0.4375]},
								"west": {"uv": [84, 104], "uv_size": [0.34375, 0.4375]},
								"up": {"uv": [103, 61], "uv_size": [0.8125, 0.34375]},
								"down": {"uv": [103, 62.34375], "uv_size": [0.8125, -0.34375]}
							}
						},
						{
							"origin": [1.15348, 2.39065, -5.90702],
							"size": [0.43672, 0.21294, 5.68183],
							"pivot": [1.07494, 3.16457, -6.86099],
							"rotation": [0, 0, 45],
							"uv": {
								"north": {"uv": [67, 105], "uv_size": [0.4375, 0.21875]},
								"east": {"uv": [95, 79], "uv_size": [5.6875, 0.21875]},
								"south": {"uv": [105, 67], "uv_size": [0.4375, 0.21875]},
								"west": {"uv": [95, 80], "uv_size": [5.6875, 0.21875]},
								"up": {"uv": [71, 85], "uv_size": [0.4375, 5.6875]},
								"down": {"uv": [75, 93.6875], "uv_size": [0.4375, -5.6875]}
							}
						},
						{
							"origin": [-1.76626, 2.702, -5.90702],
							"size": [0.43672, 0.21294, 5.68183],
							"pivot": [-0.76134, 3.59503, -6.86099],
							"rotation": [0, 0, -45],
							"uv": {
								"north": {"uv": [68, 105], "uv_size": [0.4375, 0.21875]},
								"east": {"uv": [95, 81], "uv_size": [5.6875, 0.21875]},
								"south": {"uv": [105, 68], "uv_size": [0.4375, 0.21875]},
								"west": {"uv": [95, 82], "uv_size": [5.6875, 0.21875]},
								"up": {"uv": [76, 88], "uv_size": [0.4375, 5.6875]},
								"down": {"uv": [77, 93.6875], "uv_size": [0.4375, -5.6875]}
							}
						},
						{
							"origin": [-1.41009, 2.05791, 1.00465],
							"size": [2.87176, 0.38498, 0.90439],
							"pivot": [0.05887, 3.2683, -6.4375],
							"rotation": [-30, 0, 0],
							"uv": {
								"north": {"uv": [95, 91], "uv_size": [2.875, 0.375]},
								"east": {"uv": [102, 91], "uv_size": [0.90625, 0.375]},
								"south": {"uv": [95, 95], "uv_size": [2.875, 0.375]},
								"west": {"uv": [92, 102], "uv_size": [0.90625, 0.375]},
								"up": {"uv": [78, 73], "uv_size": [2.875, 0.90625]},
								"down": {"uv": [83, 76.90625], "uv_size": [2.875, -0.90625]}
							}
						},
						{
							"origin": [-1.41009, -3.49156, -1.23345],
							"size": [2.87176, 0.45115, 0.90439],
							"pivot": [0.05887, -0.07437, -3.39455],
							"rotation": [30, 0, 0],
							"uv": {
								"north": {"uv": [95, 78], "uv_size": [2.875, 0.4375]},
								"east": {"uv": [102, 54], "uv_size": [0.90625, 0.4375]},
								"south": {"uv": [79, 95], "uv_size": [2.875, 0.4375]},
								"west": {"uv": [102, 56], "uv_size": [0.90625, 0.4375]},
								"up": {"uv": [87, 73], "uv_size": [2.875, 0.90625]},
								"down": {"uv": [87, 79.90625], "uv_size": [2.875, -0.90625]}
							}
						}
					]
				},
				{
					"name": "bone53",
					"parent": "bone2",
					"pivot": [-9.91873, 22.21647, -25.50832],
					"cubes": [
						{
							"origin": [-0.28199, -0.96055, -8.09535],
							"size": [0.58909, 1.42219, 0.96174],
							"uv": {
								"north": {"uv": [79, 96], "uv_size": [0.59375, 1.4375]},
								"east": {"uv": [94, 86], "uv_size": [0.96875, 1.4375]},
								"south": {"uv": [80, 96], "uv_size": [0.59375, 1.4375]},
								"west": {"uv": [88, 94], "uv_size": [0.96875, 1.4375]},
								"up": {"uv": [100, 98], "uv_size": [0.59375, 0.96875]},
								"down": {"uv": [99, 100.96875], "uv_size": [0.59375, -0.96875]}
							}
						},
						{
							"origin": [0.4778, -0.58094, -8.09006],
							"size": [0.58909, 1.42219, 0.96174],
							"pivot": [-0.06579, 0.85749, -11.33144],
							"rotation": [0, 0, 45],
							"uv": {
								"north": {"uv": [81, 96], "uv_size": [0.59375, 1.4375]},
								"east": {"uv": [94, 88], "uv_size": [0.96875, 1.4375]},
								"south": {"uv": [83, 96], "uv_size": [0.59375, 1.4375]},
								"west": {"uv": [89, 94], "uv_size": [0.96875, 1.4375]},
								"up": {"uv": [100, 99], "uv_size": [0.59375, 0.96875]},
								"down": {"uv": [100, 100.96875], "uv_size": [0.59375, -0.96875]}
							}
						},
						{
							"origin": [0.74978, 0.23239, -8.0927],
							"size": [0.58909, 1.42219, 0.96174],
							"pivot": [-0.06803, 0.8629, -11.33144],
							"rotation": [0, 0, 90],
							"uv": {
								"north": {"uv": [96, 83], "uv_size": [0.59375, 1.4375]},
								"east": {"uv": [90, 94], "uv_size": [0.96875, 1.4375]},
								"south": {"uv": [96, 85], "uv_size": [0.59375, 1.4375]},
								"west": {"uv": [94, 90], "uv_size": [0.96875, 1.4375]},
								"up": {"uv": [101, 53], "uv_size": [0.59375, 0.96875]},
								"down": {"uv": [101, 54.96875], "uv_size": [0.59375, -0.96875]}
							}
						},
						{
							"origin": [-1.08451, -0.68409, -8.09006],
							"size": [0.58909, 1.42219, 0.96174],
							"pivot": [-0.05497, 0.85749, -11.33144],
							"rotation": [0, 0, -45],
							"uv": {
								"north": {"uv": [96, 87], "uv_size": [0.59375, 1.4375]},
								"east": {"uv": [91, 94], "uv_size": [0.96875, 1.4375]},
								"south": {"uv": [88, 96], "uv_size": [0.59375, 1.4375]},
								"west": {"uv": [92, 94], "uv_size": [0.96875, 1.4375]},
								"up": {"uv": [101, 56], "uv_size": [0.59375, 0.96875]},
								"down": {"uv": [101, 57.96875], "uv_size": [0.59375, -0.96875]}
							}
						}
					]
				},
				{
					"name": "bone54",
					"parent": "bone2",
					"pivot": [-9.91873, 24.00304, -25.50832],
					"cubes": [
						{
							"origin": [-0.28199, 0.82603, -8.09535],
							"size": [0.58909, 1.42219, 1.02791],
							"uv": {
								"north": {"uv": [89, 96], "uv_size": [0.59375, 1.4375]},
								"east": {"uv": [90, 92], "uv_size": [1.03125, 1.4375]},
								"south": {"uv": [96, 89], "uv_size": [0.59375, 1.4375]},
								"west": {"uv": [92, 90], "uv_size": [1.03125, 1.4375]},
								"up": {"uv": [67, 100], "uv_size": [0.59375, 1.03125]},
								"down": {"uv": [68, 101.03125], "uv_size": [0.59375, -1.03125]}
							}
						},
						{
							"origin": [0.4778, 1.20564, -8.09006],
							"size": [0.58909, 1.42219, 1.02791],
							"pivot": [-0.06579, 2.64407, -11.33144],
							"rotation": [0, 0, 45],
							"uv": {
								"north": {"uv": [90, 96], "uv_size": [0.59375, 1.4375]},
								"east": {"uv": [92, 92], "uv_size": [1.03125, 1.4375]},
								"south": {"uv": [91, 96], "uv_size": [0.59375, 1.4375]},
								"west": {"uv": [93, 56], "uv_size": [1.03125, 1.4375]},
								"up": {"uv": [100, 68], "uv_size": [0.59375, 1.03125]},
								"down": {"uv": [69, 101.03125], "uv_size": [0.59375, -1.03125]}
							}
						},
						{
							"origin": [0.74978, 2.01897, -8.0927],
							"size": [0.58909, 1.42219, 1.02791],
							"pivot": [-0.06803, 2.64948, -11.33144],
							"rotation": [0, 0, 90],
							"uv": {
								"north": {"uv": [92, 96], "uv_size": [0.59375, 1.4375]},
								"east": {"uv": [93, 58], "uv_size": [1.03125, 1.4375]},
								"south": {"uv": [96, 93], "uv_size": [0.59375, 1.4375]},
								"west": {"uv": [93, 60], "uv_size": [1.03125, 1.4375]},
								"up": {"uv": [70, 100], "uv_size": [0.59375, 1.03125]},
								"down": {"uv": [71, 101.03125], "uv_size": [0.59375, -1.03125]}
							}
						},
						{
							"origin": [-1.08451, 1.10249, -8.09006],
							"size": [0.58909, 1.42219, 1.02791],
							"pivot": [-0.05497, 2.64407, -11.33144],
							"rotation": [0, 0, -45],
							"uv": {
								"north": {"uv": [94, 96], "uv_size": [0.59375, 1.4375]},
								"east": {"uv": [93, 62], "uv_size": [1.03125, 1.4375]},
								"south": {"uv": [95, 96], "uv_size": [0.59375, 1.4375]},
								"west": {"uv": [93, 64], "uv_size": [1.03125, 1.4375]},
								"up": {"uv": [73, 100], "uv_size": [0.59375, 1.03125]},
								"down": {"uv": [75, 101.03125], "uv_size": [0.59375, -1.03125]}
							}
						}
					]
				},
				{
					"name": "bone55",
					"parent": "bone2",
					"pivot": [-10.03784, 22.08413, -15.64958],
					"cubes": [
						{
							"origin": [-0.42873, -1.44715, 1.52182],
							"size": [0.88257, 2.13071, 1.45547],
							"uv": {
								"north": {"uv": [90, 81], "uv_size": [0.875, 2.125]},
								"east": {"uv": [84, 81], "uv_size": [1.46875, 2.125]},
								"south": {"uv": [83, 90], "uv_size": [0.875, 2.125]},
								"west": {"uv": [84, 84], "uv_size": [1.46875, 2.125]},
								"up": {"uv": [95, 53], "uv_size": [0.875, 1.46875]},
								"down": {"uv": [95, 57.46875], "uv_size": [0.875, -1.46875]}
							}
						},
						{
							"origin": [0.31484, -1.03378, 1.52182],
							"size": [0.88257, 2.13071, 1.45547],
							"pivot": [-0.11466, 0.72246, -1.67767],
							"rotation": [0, 0, 45],
							"uv": {
								"north": {"uv": [84, 90], "uv_size": [0.875, 2.125]},
								"east": {"uv": [85, 56], "uv_size": [1.46875, 2.125]},
								"south": {"uv": [90, 84], "uv_size": [0.875, 2.125]},
								"west": {"uv": [85, 59], "uv_size": [1.46875, 2.125]},
								"up": {"uv": [95, 58], "uv_size": [0.875, 1.46875]},
								"down": {"uv": [95, 61.46875], "uv_size": [0.875, -1.46875]}
							}
						},
						{
							"origin": [0.55306, -0.20423, 1.52182],
							"size": [0.88257, 2.13071, 1.45547],
							"pivot": [-0.11801, 0.73056, -1.67767],
							"rotation": [0, 0, 90],
							"uv": {
								"north": {"uv": [85, 90], "uv_size": [0.875, 2.125]},
								"east": {"uv": [85, 62], "uv_size": [1.46875, 2.125]},
								"south": {"uv": [86, 90], "uv_size": [0.875, 2.125]},
								"west": {"uv": [85, 65], "uv_size": [1.46875, 2.125]},
								"up": {"uv": [95, 62], "uv_size": [0.875, 1.46875]},
								"down": {"uv": [95, 65.46875], "uv_size": [0.875, -1.46875]}
							}
						},
						{
							"origin": [-1.24207, -1.20222, 1.52182],
							"size": [0.88257, 2.13071, 1.45547],
							"pivot": [-0.09845, 0.72246, -1.67767],
							"rotation": [0, 0, -45],
							"uv": {
								"north": {"uv": [87, 90], "uv_size": [0.875, 2.125]},
								"east": {"uv": [85, 68], "uv_size": [1.46875, 2.125]},
								"south": {"uv": [90, 87], "uv_size": [0.875, 2.125]},
								"west": {"uv": [69, 85], "uv_size": [1.46875, 2.125]},
								"up": {"uv": [95, 66], "uv_size": [0.875, 1.46875]},
								"down": {"uv": [67, 96.46875], "uv_size": [0.875, -1.46875]}
							}
						}
					]
				},
				{
					"name": "bone56",
					"parent": "bone55",
					"pivot": [-10.03784, 22.08413, -14.7232],
					"cubes": [
						{
							"origin": [-0.46845, -1.54304, 2.81545],
							"size": [0.962, 2.32248, 0.72096],
							"uv": {
								"north": {"uv": [69, 77], "uv_size": [0.96875, 2.3125]},
								"east": {"uv": [78, 91], "uv_size": [0.71875, 2.3125]},
								"south": {"uv": [78, 88], "uv_size": [0.96875, 2.3125]},
								"west": {"uv": [91, 83], "uv_size": [0.71875, 2.3125]},
								"up": {"uv": [79, 99], "uv_size": [0.96875, 0.71875]},
								"down": {"uv": [80, 99.71875], "uv_size": [0.96875, -0.71875]}
							}
						},
						{
							"origin": [0.27439, -1.12936, 2.81545],
							"size": [0.962, 2.32248, 0.72096],
							"pivot": [-0.11539, 0.72173, -0.31854],
							"rotation": [0, 0, 45],
							"uv": {
								"north": {"uv": [89, 62], "uv_size": [0.96875, 2.3125]},
								"east": {"uv": [91, 86], "uv_size": [0.71875, 2.3125]},
								"south": {"uv": [89, 65], "uv_size": [0.96875, 2.3125]},
								"west": {"uv": [67, 92], "uv_size": [0.71875, 2.3125]},
								"up": {"uv": [81, 99], "uv_size": [0.96875, 0.71875]},
								"down": {"uv": [82, 99.71875], "uv_size": [0.96875, -0.71875]}
							}
						},
						{
							"origin": [0.51232, -0.29908, 2.81545],
							"size": [0.962, 2.32248, 0.72096],
							"pivot": [-0.11904, 0.73056, -0.31854],
							"rotation": [0, 0, 90],
							"uv": {
								"north": {"uv": [67, 89], "uv_size": [0.96875, 2.3125]},
								"east": {"uv": [68, 92], "uv_size": [0.71875, 2.3125]},
								"south": {"uv": [68, 89], "uv_size": [0.96875, 2.3125]},
								"west": {"uv": [79, 92], "uv_size": [0.71875, 2.3125]},
								"up": {"uv": [83, 99], "uv_size": [0.96875, 0.71875]},
								"down": {"uv": [84, 99.71875], "uv_size": [0.96875, -0.71875]}
							}
						},
						{
							"origin": [-1.28106, -1.2978, 2.81545],
							"size": [0.962, 2.32248, 0.72096],
							"pivot": [-0.09772, 0.72173, -0.31854],
							"rotation": [0, 0, -45],
							"uv": {
								"north": {"uv": [89, 68], "uv_size": [0.96875, 2.3125]},
								"east": {"uv": [80, 92], "uv_size": [0.71875, 2.3125]},
								"south": {"uv": [79, 89], "uv_size": [0.96875, 2.3125]},
								"west": {"uv": [81, 92], "uv_size": [0.71875, 2.3125]},
								"up": {"uv": [85, 99], "uv_size": [0.96875, 0.71875]},
								"down": {"uv": [86, 99.71875], "uv_size": [0.96875, -0.71875]}
							}
						}
					]
				},
				{
					"name": "bone58",
					"parent": "bone55",
					"pivot": [-10.03784, 22.08413, -12.14259]
				},
				{
					"name": "bone59",
					"parent": "bone55",
					"pivot": [-10.03784, 22.08413, -13.79683],
					"cubes": [
						{
							"origin": [-0.52011, -1.66775, 3.44372],
							"size": [1.06532, 2.57191, 1.64801],
							"uv": {
								"north": {"uv": [87, 64], "uv_size": [1.0625, 2.5625]},
								"east": {"uv": [81, 74], "uv_size": [1.65625, 2.5625]},
								"south": {"uv": [87, 67], "uv_size": [1.0625, 2.5625]},
								"west": {"uv": [80, 81], "uv_size": [1.65625, 2.5625]},
								"up": {"uv": [88, 90], "uv_size": [1.0625, 1.65625]},
								"down": {"uv": [90, 91.65625], "uv_size": [1.0625, -1.65625]}
							}
						},
						{
							"origin": [0.22179, -1.25368, 3.44372],
							"size": [1.06532, 2.57191, 1.64801],
							"pivot": [-0.11633, 0.72078, 0.39492],
							"rotation": [0, 0, 45],
							"uv": {
								"north": {"uv": [87, 70], "uv_size": [1.0625, 2.5625]},
								"east": {"uv": [77, 82], "uv_size": [1.65625, 2.5625]},
								"south": {"uv": [83, 87], "uv_size": [1.0625, 2.5625]},
								"west": {"uv": [82, 81], "uv_size": [1.65625, 2.5625]},
								"up": {"uv": [91, 56], "uv_size": [1.0625, 1.65625]},
								"down": {"uv": [91, 59.65625], "uv_size": [1.0625, -1.65625]}
							}
						},
						{
							"origin": [0.45931, -0.42245, 3.44372],
							"size": [1.06532, 2.57191, 1.64801],
							"pivot": [-0.12039, 0.73056, 0.39492],
							"rotation": [0, 0, 90],
							"uv": {
								"north": {"uv": [85, 87], "uv_size": [1.0625, 2.5625]},
								"east": {"uv": [83, 56], "uv_size": [1.65625, 2.5625]},
								"south": {"uv": [87, 87], "uv_size": [1.0625, 2.5625]},
								"west": {"uv": [83, 64], "uv_size": [1.65625, 2.5625]},
								"up": {"uv": [91, 60], "uv_size": [1.0625, 1.65625]},
								"down": {"uv": [91, 63.65625], "uv_size": [1.0625, -1.65625]}
							}
						},
						{
							"origin": [-1.33177, -1.42212, 3.44372],
							"size": [1.06532, 2.57191, 1.64801],
							"pivot": [-0.09677, 0.72078, 0.39492],
							"rotation": [0, 0, -45],
							"uv": {
								"north": {"uv": [69, 88], "uv_size": [1.0625, 2.5625]},
								"east": {"uv": [67, 83], "uv_size": [1.65625, 2.5625]},
								"south": {"uv": [73, 88], "uv_size": [1.0625, 2.5625]},
								"west": {"uv": [83, 67], "uv_size": [1.65625, 2.5625]},
								"up": {"uv": [91, 64], "uv_size": [1.0625, 1.65625]},
								"down": {"uv": [91, 67.65625], "uv_size": [1.0625, -1.65625]}
							}
						}
					]
				},
				{
					"name": "bone60",
					"parent": "bone55",
					"pivot": [-10.03784, 22.08413, -13.39981],
					"cubes": [
						{
							"origin": [-0.54141, -1.71919, 4.22729],
							"size": [1.10793, 2.67479, 0.54405],
							"uv": {
								"north": {"uv": [85, 71], "uv_size": [1.09375, 2.6875]},
								"east": {"uv": [94, 74], "uv_size": [0.53125, 2.6875]},
								"south": {"uv": [73, 85], "uv_size": [1.09375, 2.6875]},
								"west": {"uv": [75, 94], "uv_size": [0.53125, 2.6875]},
								"up": {"uv": [89, 100], "uv_size": [1.09375, 0.53125]},
								"down": {"uv": [91, 100.53125], "uv_size": [1.09375, -0.53125]}
							}
						},
						{
							"origin": [0.20009, -1.30496, 4.22729],
							"size": [1.10793, 2.67479, 0.54405],
							"pivot": [-0.11673, 0.72039, 0.38783],
							"rotation": [0, 0, 45],
							"uv": {
								"north": {"uv": [75, 85], "uv_size": [1.09375, 2.6875]},
								"east": {"uv": [76, 94], "uv_size": [0.53125, 2.6875]},
								"south": {"uv": [77, 85], "uv_size": [1.09375, 2.6875]},
								"west": {"uv": [77, 94], "uv_size": [0.53125, 2.6875]},
								"up": {"uv": [100, 91], "uv_size": [1.09375, 0.53125]},
								"down": {"uv": [93, 100.53125], "uv_size": [1.09375, -0.53125]}
							}
						},
						{
							"origin": [0.43745, -0.47334, 4.22729],
							"size": [1.10793, 2.67479, 0.54405],
							"pivot": [-0.12094, 0.73056, 0.38783],
							"rotation": [0, 0, 90],
							"uv": {
								"north": {"uv": [67, 86], "uv_size": [1.09375, 2.6875]},
								"east": {"uv": [94, 77], "uv_size": [0.53125, 2.6875]},
								"south": {"uv": [86, 74], "uv_size": [1.09375, 2.6875]},
								"west": {"uv": [78, 94], "uv_size": [0.53125, 2.6875]},
								"up": {"uv": [95, 100], "uv_size": [1.09375, 0.53125]},
								"down": {"uv": [100, 95.53125], "uv_size": [1.09375, -0.53125]}
							}
						},
						{
							"origin": [-1.35268, -1.4734, 4.22729],
							"size": [1.10793, 2.67479, 0.54405],
							"pivot": [-0.09638, 0.72039, 0.38783],
							"rotation": [0, 0, -45],
							"uv": {
								"north": {"uv": [79, 86], "uv_size": [1.09375, 2.6875]},
								"east": {"uv": [94, 80], "uv_size": [0.53125, 2.6875]},
								"south": {"uv": [81, 86], "uv_size": [1.09375, 2.6875]},
								"west": {"uv": [94, 83], "uv_size": [0.53125, 2.6875]},
								"up": {"uv": [97, 100], "uv_size": [1.09375, 0.53125]},
								"down": {"uv": [100, 97.53125], "uv_size": [1.09375, -0.53125]}
							}
						}
					]
				},
				{
					"name": "bone61",
					"parent": "bone2",
					"pivot": [-12.06925, 23.47369, -18.06424],
					"rotation": [0, -90, 0],
					"cubes": [
						{
							"origin": [5.44018, 0.06693, -28.70464],
							"size": [0.77941, 1.88167, 1.55586],
							"uv": {
								"north": {"uv": [93, 66], "uv_size": [0.78125, 1.875]},
								"east": {"uv": [86, 81], "uv_size": [1.5625, 1.875]},
								"south": {"uv": [93, 71], "uv_size": [0.78125, 1.875]},
								"west": {"uv": [86, 83], "uv_size": [1.5625, 1.875]},
								"up": {"uv": [82, 95], "uv_size": [0.78125, 1.5625]},
								"down": {"uv": [95, 84.5625], "uv_size": [0.78125, -1.5625]}
							}
						},
						{
							"origin": [5.04105, 3.24089, -28.70464],
							"size": [0.77941, 1.88167, 1.55057],
							"pivot": [1.79901, 2.11297, -27.79722],
							"rotation": [0, 0, 45],
							"uv": {
								"north": {"uv": [84, 93], "uv_size": [0.78125, 1.875]},
								"east": {"uv": [86, 85], "uv_size": [1.5625, 1.875]},
								"south": {"uv": [85, 93], "uv_size": [0.78125, 1.875]},
								"west": {"uv": [87, 53], "uv_size": [1.5625, 1.875]},
								"up": {"uv": [84, 95], "uv_size": [0.78125, 1.5625]},
								"down": {"uv": [85, 96.5625], "uv_size": [0.78125, -1.5625]}
							}
						},
						{
							"origin": [2.62532, 5.10651, -28.70464],
							"size": [0.77941, 1.88167, 1.55321],
							"pivot": [1.90266, 2.12012, -27.92936],
							"rotation": [0, 0, 90],
							"uv": {
								"north": {"uv": [86, 93], "uv_size": [0.78125, 1.875]},
								"east": {"uv": [87, 56], "uv_size": [1.5625, 1.875]},
								"south": {"uv": [87, 93], "uv_size": [0.78125, 1.875]},
								"west": {"uv": [87, 58], "uv_size": [1.5625, 1.875]},
								"up": {"uv": [95, 85], "uv_size": [0.78125, 1.5625]},
								"down": {"uv": [86, 96.5625], "uv_size": [0.78125, -1.5625]}
							}
						},
						{
							"origin": [3.48225, -2.4495, -28.70464],
							"size": [0.77941, 1.88167, 1.55057],
							"pivot": [1.81332, 2.11297, -27.79722],
							"rotation": [0, 0, -45],
							"uv": {
								"north": {"uv": [94, 66], "uv_size": [0.78125, 1.875]},
								"east": {"uv": [87, 60], "uv_size": [1.5625, 1.875]},
								"south": {"uv": [94, 68], "uv_size": [0.78125, 1.875]},
								"west": {"uv": [87, 62], "uv_size": [1.5625, 1.875]},
								"up": {"uv": [87, 95], "uv_size": [0.78125, 1.5625]},
								"down": {"uv": [95, 88.5625], "uv_size": [0.78125, -1.5625]}
							}
						}
					]
				},
				{
					"name": "bone62",
					"parent": "bone2",
					"pivot": [-12.56552, 23.47369, -18.06424],
					"rotation": [0, -90, 0],
					"cubes": [
						{
							"origin": [4.86862, -0.11482, -28.38341],
							"size": [0.92998, 2.24518, 0.64342],
							"uv": {
								"north": {"uv": [80, 89], "uv_size": [0.9375, 2.25]},
								"east": {"uv": [82, 92], "uv_size": [0.65625, 2.25]},
								"south": {"uv": [81, 89], "uv_size": [0.9375, 2.25]},
								"west": {"uv": [69, 93], "uv_size": [0.65625, 2.25]},
								"up": {"uv": [93, 99], "uv_size": [0.9375, 0.65625]},
								"down": {"uv": [94, 99.65625], "uv_size": [0.9375, -0.65625]}
							}
						},
						{
							"origin": [4.46266, 3.07289, -28.38341],
							"size": [0.92998, 2.24518, 0.64342],
							"pivot": [1.28271, 2.11158, -28.28],
							"rotation": [0, 0, 45],
							"uv": {
								"north": {"uv": [82, 89], "uv_size": [0.9375, 2.25]},
								"east": {"uv": [70, 93], "uv_size": [0.65625, 2.25]},
								"south": {"uv": [89, 87], "uv_size": [0.9375, 2.25]},
								"west": {"uv": [71, 93], "uv_size": [0.65625, 2.25]},
								"up": {"uv": [95, 99], "uv_size": [0.9375, 0.65625]},
								"down": {"uv": [96, 99.65625], "uv_size": [0.9375, -0.65625]}
							}
						},
						{
							"origin": [1.92654, 5.05197, -28.38341],
							"size": [0.92998, 2.24518, 0.64342],
							"pivot": [1.27917, 2.12012, -28.28],
							"rotation": [0, 0, 90],
							"uv": {
								"north": {"uv": [90, 62], "uv_size": [0.9375, 2.25]},
								"east": {"uv": [73, 93], "uv_size": [0.65625, 2.25]},
								"south": {"uv": [90, 65], "uv_size": [0.9375, 2.25]},
								"west": {"uv": [74, 93], "uv_size": [0.65625, 2.25]},
								"up": {"uv": [97, 99], "uv_size": [0.9375, 0.65625]},
								"down": {"uv": [98, 99.65625], "uv_size": [0.9375, -0.65625]}
							}
						},
						{
							"origin": [2.90661, -2.64386, -28.38341],
							"size": [0.92998, 2.24518, 0.64342],
							"pivot": [1.29979, 2.11158, -28.28],
							"rotation": [0, 0, -45],
							"uv": {
								"north": {"uv": [90, 68], "uv_size": [0.9375, 2.25]},
								"east": {"uv": [93, 79], "uv_size": [0.65625, 2.25]},
								"south": {"uv": [90, 71], "uv_size": [0.9375, 2.25]},
								"west": {"uv": [83, 93], "uv_size": [0.65625, 2.25]},
								"up": {"uv": [99, 98], "uv_size": [0.9375, 0.65625]},
								"down": {"uv": [99, 99.65625], "uv_size": [0.9375, -0.65625]}
							}
						}
					]
				},
				{
					"name": "bone7",
					"parent": "scope_body",
					"pivot": [-2.30514, 0.69796, -2.74337],
					"cubes": [
						{
							"origin": [-5.33843, -4.01246, 1.3179],
							"size": [0.31761, 0.31761, 1.25959],
							"pivot": [-5.17962, -3.85366, 1.94769],
							"rotation": [0, 0, 45],
							"uv": {
								"north": {"uv": [104, 84], "uv_size": [0.3125, 0.3125]},
								"east": {"uv": [102, 57], "uv_size": [1.25, 0.3125]},
								"south": {"uv": [85, 104], "uv_size": [0.3125, 0.3125]},
								"west": {"uv": [102, 58], "uv_size": [1.25, 0.3125]},
								"up": {"uv": [102, 59], "uv_size": [0.3125, 1.25]},
								"down": {"uv": [102, 62.25], "uv_size": [0.3125, -1.25]}
							}
						},
						{
							"origin": [-5.46715, -4.14118, 2.50059],
							"size": [0.31761, 0.31761, 1.25959],
							"pivot": [-5.30834, -3.98237, 3.13039],
							"rotation": [-17.5, 0, 45],
							"uv": {
								"north": {"uv": [104, 85], "uv_size": [0.3125, 0.3125]},
								"east": {"uv": [102, 63], "uv_size": [1.25, 0.3125]},
								"south": {"uv": [86, 104], "uv_size": [0.3125, 0.3125]},
								"west": {"uv": [102, 64], "uv_size": [1.25, 0.3125]},
								"up": {"uv": [102, 65], "uv_size": [0.3125, 1.25]},
								"down": {"uv": [67, 103.25], "uv_size": [0.3125, -1.25]}
							}
						},
						{
							"origin": [-5.59586, -4.2699, 3.68328],
							"size": [0.31761, 0.31761, 2.58299],
							"pivot": [-5.43706, -4.11109, 4.31308],
							"rotation": [0, 0, 45],
							"uv": {
								"north": {"uv": [104, 86], "uv_size": [0.3125, 0.3125]},
								"east": {"uv": [97, 68], "uv_size": [2.59375, 0.3125]},
								"south": {"uv": [87, 104], "uv_size": [0.3125, 0.3125]},
								"west": {"uv": [97, 69], "uv_size": [2.59375, 0.3125]},
								"up": {"uv": [97, 74], "uv_size": [0.3125, 2.59375]},
								"down": {"uv": [75, 99.59375], "uv_size": [0.3125, -2.59375]}
							}
						},
						{
							"origin": [-5.48443, -4.15846, 6.2037],
							"size": [0.31761, 0.31761, 0.73024],
							"pivot": [-5.32562, -3.99966, 6.8335],
							"rotation": [15, 0, 45],
							"uv": {
								"north": {"uv": [104, 87], "uv_size": [0.3125, 0.3125]},
								"east": {"uv": [103, 79], "uv_size": [0.71875, 0.3125]},
								"south": {"uv": [88, 104], "uv_size": [0.3125, 0.3125]},
								"west": {"uv": [80, 103], "uv_size": [0.71875, 0.3125]},
								"up": {"uv": [103, 80], "uv_size": [0.3125, 0.71875]},
								"down": {"uv": [81, 103.71875], "uv_size": [0.3125, -0.71875]}
							}
						},
						{
							"origin": [-5.66246, -3.73884, 6.31536],
							"size": [0.31761, 0.31761, 0.86258],
							"pivot": [-5.50365, -3.58003, 6.81282],
							"rotation": [90, 0, -20],
							"uv": {
								"north": {"uv": [104, 88], "uv_size": [0.3125, 0.3125]},
								"east": {"uv": [103, 65], "uv_size": [0.875, 0.3125]},
								"south": {"uv": [89, 104], "uv_size": [0.3125, 0.3125]},
								"west": {"uv": [103, 66], "uv_size": [0.875, 0.3125]},
								"up": {"uv": [103, 67], "uv_size": [0.3125, 0.875]},
								"down": {"uv": [68, 103.875], "uv_size": [0.3125, -0.875]}
							}
						},
						{
							"origin": [-5.77776, -2.9526, 6.31536],
							"size": [0.31761, 0.31761, 0.79641],
							"pivot": [-5.61895, -2.79379, 6.81282],
							"rotation": [90, 0, 0],
							"uv": {
								"north": {"uv": [104, 89], "uv_size": [0.3125, 0.3125]},
								"east": {"uv": [103, 77], "uv_size": [0.78125, 0.3125]},
								"south": {"uv": [90, 104], "uv_size": [0.3125, 0.3125]},
								"west": {"uv": [78, 103], "uv_size": [0.78125, 0.3125]},
								"up": {"uv": [103, 78], "uv_size": [0.3125, 0.78125]},
								"down": {"uv": [79, 103.78125], "uv_size": [0.3125, -0.78125]}
							}
						},
						{
							"origin": [-5.48319, -2.28304, 6.24919],
							"size": [0.31761, 0.31761, 1.92129],
							"pivot": [-5.32439, -2.12423, 6.81282],
							"rotation": [90, 0, 35],
							"uv": {
								"north": {"uv": [104, 90], "uv_size": [0.3125, 0.3125]},
								"east": {"uv": [100, 73], "uv_size": [1.90625, 0.3125]},
								"south": {"uv": [91, 104], "uv_size": [0.3125, 0.3125]},
								"west": {"uv": [79, 100], "uv_size": [1.90625, 0.3125]},
								"up": {"uv": [81, 100], "uv_size": [0.3125, 1.90625]},
								"down": {"uv": [82, 101.90625], "uv_size": [0.3125, -1.90625]}
							}
						},
						{
							"origin": [-4.48076, -0.85141, 5.97122],
							"size": [0.31761, 0.31761, 0.86258],
							"pivot": [-4.32195, -0.6926, 6.53485],
							"rotation": [122.5, 0, 35],
							"uv": {
								"north": {"uv": [104, 91], "uv_size": [0.3125, 0.3125]},
								"east": {"uv": [69, 103], "uv_size": [0.875, 0.3125]},
								"south": {"uv": [92, 104], "uv_size": [0.3125, 0.3125]},
								"west": {"uv": [70, 103], "uv_size": [0.875, 0.3125]},
								"up": {"uv": [71, 103], "uv_size": [0.3125, 0.875]},
								"down": {"uv": [103, 71.875], "uv_size": [0.3125, -0.875]}
							}
						},
						{
							"origin": [-3.91976, -0.53485, 5.60103],
							"size": [0.31761, 0.31761, 1.92129],
							"pivot": [-3.76096, -0.37605, 6.16466],
							"rotation": [118.24912, -16.7796, 63.24912],
							"uv": {
								"north": {"uv": [104, 92], "uv_size": [0.3125, 0.3125]},
								"east": {"uv": [83, 100], "uv_size": [1.90625, 0.3125]},
								"south": {"uv": [93, 104], "uv_size": [0.3125, 0.3125]},
								"west": {"uv": [85, 100], "uv_size": [1.90625, 0.3125]},
								"up": {"uv": [87, 100], "uv_size": [0.3125, 1.90625]},
								"down": {"uv": [88, 101.90625], "uv_size": [0.3125, -1.90625]}
							}
						},
						{
							"origin": [-2.58889, -0.2148, 4.56218],
							"size": [0.31761, 0.31761, 1.39193],
							"pivot": [-2.43009, -0.05599, 5.12581],
							"rotation": [158.24912, -16.7796, 63.24912],
							"uv": {
								"north": {"uv": [94, 104], "uv_size": [0.3125, 0.3125]},
								"east": {"uv": [101, 92], "uv_size": [1.40625, 0.3125]},
								"south": {"uv": [95, 104], "uv_size": [0.3125, 0.3125]},
								"west": {"uv": [93, 101], "uv_size": [1.40625, 0.3125]},
								"up": {"uv": [101, 93], "uv_size": [0.3125, 1.40625]},
								"down": {"uv": [95, 102.40625], "uv_size": [0.3125, -1.40625]}
							}
						},
						{
							"origin": [-2.25585, -0.44606, 3.38015],
							"size": [0.31761, 0.31761, 1.65661],
							"pivot": [-2.09704, -0.28726, 3.94377],
							"rotation": [-169.25088, -16.7796, 63.24912],
							"uv": {
								"north": {"uv": [96, 104], "uv_size": [0.3125, 0.3125]},
								"east": {"uv": [101, 72], "uv_size": [1.65625, 0.3125]},
								"south": {"uv": [97, 104], "uv_size": [0.3125, 0.3125]},
								"west": {"uv": [101, 77], "uv_size": [1.65625, 0.3125]},
								"up": {"uv": [80, 101], "uv_size": [0.3125, 1.65625]},
								"down": {"uv": [101, 82.65625], "uv_size": [0.3125, -1.65625]}
							}
						},
						{
							"origin": [-2.4397, -0.68778, 1.91842],
							"size": [0.31761, 0.31761, 1.65661],
							"pivot": [-2.28089, -0.52897, 2.48205],
							"rotation": [-169.20016, 17.64012, 69.69447],
							"uv": {
								"north": {"uv": [98, 104], "uv_size": [0.3125, 0.3125]},
								"east": {"uv": [83, 101], "uv_size": [1.65625, 0.3125]},
								"south": {"uv": [99, 104], "uv_size": [0.3125, 0.3125]},
								"west": {"uv": [101, 83], "uv_size": [1.65625, 0.3125]},
								"up": {"uv": [101, 84], "uv_size": [0.3125, 1.65625]},
								"down": {"uv": [85, 102.65625], "uv_size": [0.3125, -1.65625]}
							}
						},
						{
							"origin": [-2.78156, -0.53318, 0.93749],
							"size": [0.58229, 0.58229, 0.58229],
							"uv": {
								"north": {"uv": [102, 81], "uv_size": [0.59375, 0.59375]},
								"east": {"uv": [82, 102], "uv_size": [0.59375, 0.59375]},
								"south": {"uv": [102, 82], "uv_size": [0.59375, 0.59375]},
								"west": {"uv": [83, 102], "uv_size": [0.59375, 0.59375]},
								"up": {"uv": [84, 102], "uv_size": [0.59375, 0.59375]},
								"down": {"uv": [102, 84.59375], "uv_size": [0.59375, -0.59375]}
							}
						},
						{
							"origin": [-2.94037, -0.40084, 1.06983],
							"size": [1.27046, 0.31761, 0.31761],
							"pivot": [-2.30514, -0.24204, 1.22863],
							"rotation": [-45, 0, 0],
							"uv": {
								"north": {"uv": [101, 99], "uv_size": [1.28125, 0.3125]},
								"east": {"uv": [100, 104], "uv_size": [0.3125, 0.3125]},
								"south": {"uv": [100, 101], "uv_size": [1.28125, 0.3125]},
								"west": {"uv": [101, 104], "uv_size": [0.3125, 0.3125]},
								"up": {"uv": [101, 100], "uv_size": [1.28125, 0.3125]},
								"down": {"uv": [102, 53.3125], "uv_size": [1.28125, -0.3125]}
							}
						}
					]
				},
				{
					"name": "ocular",
					"pivot": [0, 0.85263, 6.114],
					"cubes": [
						{
							"origin": [-1.05875, 0.64203, 6.104],
							"size": [2.1175, 0.4212, 0.02],
							"pivot": [0, 0.85263, 5.499],
							"rotation": [0, 0, 22.5],
							"uv": {
								"south": {"uv": [96, 71], "uv_size": [2.125, 0.40625]}
							}
						},
						{
							"origin": [-1.05875, 0.64203, 6.104],
							"size": [2.1175, 0.4212, 0.02],
							"uv": {
								"south": {"uv": [96, 72], "uv_size": [2.125, 0.40625]}
							}
						},
						{
							"origin": [-1.05875, 0.64203, 6.104],
							"size": [2.1175, 0.4212, 0.02],
							"pivot": [0, 0.85263, 5.499],
							"rotation": [0, 0, -22.5],
							"uv": {
								"south": {"uv": [96, 73], "uv_size": [2.125, 0.40625]}
							}
						},
						{
							"origin": [-0.2106, -0.20612, 6.104],
							"size": [0.4212, 2.1175, 0.02],
							"pivot": [0, 0.85263, 5.499],
							"rotation": [0, 0, 45],
							"uv": {
								"south": {"uv": [70, 96], "uv_size": [0.40625, 2.125]}
							}
						},
						{
							"origin": [-0.2106, -0.20612, 6.104],
							"size": [0.4212, 2.1175, 0.02],
							"pivot": [0, 0.85263, 5.499],
							"rotation": [0, 0, 22.5],
							"uv": {
								"south": {"uv": [71, 96], "uv_size": [0.40625, 2.125]}
							}
						},
						{
							"origin": [-0.2106, -0.20612, 6.104],
							"size": [0.4212, 2.1175, 0.02],
							"uv": {
								"south": {"uv": [73, 96], "uv_size": [0.40625, 2.125]}
							}
						},
						{
							"origin": [-0.2106, -0.20612, 6.104],
							"size": [0.4212, 2.1175, 0.02],
							"pivot": [0, 0.85263, 5.499],
							"rotation": [0, 0, -22.5],
							"uv": {
								"south": {"uv": [74, 96], "uv_size": [0.40625, 2.125]}
							}
						},
						{
							"origin": [-0.2106, -0.20612, 6.104],
							"size": [0.4212, 2.1175, 0.02],
							"pivot": [0, 0.85263, 5.499],
							"rotation": [0, 0, -45],
							"uv": {
								"south": {"uv": [96, 74], "uv_size": [0.40625, 2.125]}
							}
						}
					]
				},
				{
					"name": "ocular_ring",
					"pivot": [0.01255, 0.84056, 6.63548],
					"cubes": [
						{
							"origin": [-0.46845, -0.32068, 6.00999],
							"size": [0.962, 0.20505, 0.8533],
							"uv": {
								"north": {"uv": [103, 81], "uv_size": [0.96875, 0.21875]},
								"east": {"uv": [104, 61], "uv_size": [0.84375, 0.21875]},
								"south": {"uv": [82, 103], "uv_size": [0.96875, 0.21875]},
								"west": {"uv": [104, 62], "uv_size": [0.84375, 0.21875]},
								"up": {"uv": [78, 56], "uv_size": [0.96875, 0.84375]},
								"down": {"uv": [73, 80.84375], "uv_size": [0.96875, -0.84375]}
							}
						},
						{
							"origin": [-0.51217, 1.88463, 6.00999],
							"size": [0.962, 0.20505, 0.8533],
							"pivot": [-0.11539, 0.83173, 6.93556],
							"rotation": [0, 0, 45],
							"uv": {
								"north": {"uv": [103, 82], "uv_size": [0.96875, 0.21875]},
								"east": {"uv": [104, 63], "uv_size": [0.84375, 0.21875]},
								"south": {"uv": [83, 103], "uv_size": [0.96875, 0.21875]},
								"west": {"uv": [104, 64], "uv_size": [0.84375, 0.21875]},
								"up": {"uv": [83, 86], "uv_size": [0.96875, 0.84375]},
								"down": {"uv": [96, 77.84375], "uv_size": [0.96875, -0.84375]}
							}
						},
						{
							"origin": [-0.60004, 1.92835, 6.00999],
							"size": [0.962, 0.20505, 0.8533],
							"pivot": [-0.11904, 0.84056, 6.93556],
							"rotation": [0, 0, 90],
							"uv": {
								"north": {"uv": [103, 83], "uv_size": [0.96875, 0.21875]},
								"east": {"uv": [104, 65], "uv_size": [0.84375, 0.21875]},
								"south": {"uv": [84, 103], "uv_size": [0.96875, 0.21875]},
								"west": {"uv": [104, 66], "uv_size": [0.84375, 0.21875]},
								"up": {"uv": [96, 96], "uv_size": [0.96875, 0.84375]},
								"down": {"uv": [97, 58.84375], "uv_size": [0.96875, -0.84375]}
							}
						},
						{
							"origin": [-0.4945, -0.40124, 6.00999],
							"size": [0.962, 0.20505, 0.8533],
							"pivot": [-0.09772, 0.83173, 6.93556],
							"rotation": [0, 0, -45],
							"uv": {
								"north": {"uv": [103, 84], "uv_size": [0.96875, 0.21875]},
								"east": {"uv": [67, 104], "uv_size": [0.84375, 0.21875]},
								"south": {"uv": [85, 103], "uv_size": [0.96875, 0.21875]},
								"west": {"uv": [104, 67], "uv_size": [0.84375, 0.21875]},
								"up": {"uv": [97, 59], "uv_size": [0.96875, 0.84375]},
								"down": {"uv": [97, 60.84375], "uv_size": [0.96875, -0.84375]}
							}
						},
						{
							"origin": [-0.46845, 1.79675, 6.00999],
							"size": [0.962, 0.20505, 0.8533],
							"uv": {
								"north": {"uv": [86, 103], "uv_size": [0.96875, 0.21875]},
								"east": {"uv": [68, 104], "uv_size": [0.84375, 0.21875]},
								"south": {"uv": [87, 103], "uv_size": [0.96875, 0.21875]},
								"west": {"uv": [104, 68], "uv_size": [0.84375, 0.21875]},
								"up": {"uv": [97, 61], "uv_size": [0.96875, 0.84375]},
								"down": {"uv": [97, 62.84375], "uv_size": [0.96875, -0.84375]}
							}
						},
						{
							"origin": [-0.60004, -0.18908, 6.00999],
							"size": [0.962, 0.20505, 0.8533],
							"pivot": [-0.11904, 0.84056, 6.93556],
							"rotation": [0, 0, 90],
							"uv": {
								"north": {"uv": [88, 103], "uv_size": [0.96875, 0.21875]},
								"east": {"uv": [69, 104], "uv_size": [0.84375, 0.21875]},
								"south": {"uv": [103, 88], "uv_size": [0.96875, 0.21875]},
								"west": {"uv": [70, 104], "uv_size": [0.84375, 0.21875]},
								"up": {"uv": [97, 63], "uv_size": [0.96875, 0.84375]},
								"down": {"uv": [97, 65.84375], "uv_size": [0.96875, -0.84375]}
							}
						},
						{
							"origin": [-0.4945, 1.71619, 6.00999],
							"size": [0.962, 0.20505, 0.8533],
							"pivot": [-0.09772, 0.83173, 6.93556],
							"rotation": [0, 0, -45],
							"uv": {
								"north": {"uv": [89, 103], "uv_size": [0.96875, 0.21875]},
								"east": {"uv": [71, 104], "uv_size": [0.84375, 0.21875]},
								"south": {"uv": [103, 89], "uv_size": [0.96875, 0.21875]},
								"west": {"uv": [104, 71], "uv_size": [0.84375, 0.21875]},
								"up": {"uv": [97, 66], "uv_size": [0.96875, 0.84375]},
								"down": {"uv": [67, 97.84375], "uv_size": [0.96875, -0.84375]}
							}
						},
						{
							"origin": [-0.51217, -0.2328, 6.00999],
							"size": [0.962, 0.20505, 0.8533],
							"pivot": [-0.11539, 0.83173, 6.93556],
							"rotation": [0, 0, 45],
							"uv": {
								"north": {"uv": [90, 103], "uv_size": [0.96875, 0.21875]},
								"east": {"uv": [104, 72], "uv_size": [0.84375, 0.21875]},
								"south": {"uv": [91, 103], "uv_size": [0.96875, 0.21875]},
								"west": {"uv": [73, 104], "uv_size": [0.84375, 0.21875]},
								"up": {"uv": [97, 67], "uv_size": [0.96875, 0.84375]},
								"down": {"uv": [68, 97.84375], "uv_size": [0.96875, -0.84375]}
							}
						},
						{
							"origin": [-0.60794, -0.65743, 6.75706],
							"size": [1.24098, 0.61389, 0.15321],
							"uv": {
								"north": {"uv": [67, 98], "uv_size": [1.25, 0.625]},
								"east": {"uv": [102, 104], "uv_size": [0.15625, 0.625]},
								"south": {"uv": [79, 98], "uv_size": [1.25, 0.625]},
								"west": {"uv": [103, 104], "uv_size": [0.15625, 0.625]},
								"up": {"uv": [103, 93], "uv_size": [1.25, 0.15625]},
								"down": {"uv": [94, 103.15625], "uv_size": [1.25, -0.15625]}
							}
						},
						{
							"origin": [-0.60794, 1.72467, 6.75706],
							"size": [1.24098, 0.61389, 0.15584],
							"pivot": [0.01255, 0.84056, 6.83366],
							"rotation": [0, 0, 45],
							"uv": {
								"north": {"uv": [91, 98], "uv_size": [1.25, 0.625]},
								"east": {"uv": [104, 103], "uv_size": [0.15625, 0.625]},
								"south": {"uv": [98, 91], "uv_size": [1.25, 0.625]},
								"west": {"uv": [104, 104], "uv_size": [0.15625, 0.625]},
								"up": {"uv": [103, 94], "uv_size": [1.25, 0.15625]},
								"down": {"uv": [103, 95.15625], "uv_size": [1.25, -0.15625]}
							}
						},
						{
							"origin": [-0.74316, -0.52221, 6.75706],
							"size": [1.24098, 0.61389, 0.15321],
							"pivot": [-0.12267, 0.84056, 7.00349],
							"rotation": [0, 0, 90],
							"uv": {
								"north": {"uv": [93, 98], "uv_size": [1.25, 0.625]},
								"east": {"uv": [105, 54], "uv_size": [0.15625, 0.625]},
								"south": {"uv": [95, 98], "uv_size": [1.25, 0.625]},
								"west": {"uv": [105, 56], "uv_size": [0.15625, 0.625]},
								"up": {"uv": [96, 103], "uv_size": [1.25, 0.15625]},
								"down": {"uv": [103, 96.15625], "uv_size": [1.25, -0.15625]}
							}
						},
						{
							"origin": [-0.60794, -0.65743, 6.75706],
							"size": [1.24098, 0.61389, 0.15584],
							"pivot": [0.01255, 0.84056, 6.83366],
							"rotation": [0, 0, -45],
							"uv": {
								"north": {"uv": [98, 95], "uv_size": [1.25, 0.625]},
								"east": {"uv": [105, 57], "uv_size": [0.15625, 0.625]},
								"south": {"uv": [97, 98], "uv_size": [1.25, 0.625]},
								"west": {"uv": [105, 58], "uv_size": [0.15625, 0.625]},
								"up": {"uv": [103, 97], "uv_size": [1.25, 0.15625]},
								"down": {"uv": [98, 103.15625], "uv_size": [1.25, -0.15625]}
							}
						},
						{
							"origin": [-0.60794, 1.72467, 6.75706],
							"size": [1.24098, 0.61389, 0.15321],
							"uv": {
								"north": {"uv": [99, 53], "uv_size": [1.25, 0.625]},
								"east": {"uv": [105, 59], "uv_size": [0.15625, 0.625]},
								"south": {"uv": [99, 54], "uv_size": [1.25, 0.625]},
								"west": {"uv": [105, 60], "uv_size": [0.15625, 0.625]},
								"up": {"uv": [103, 98], "uv_size": [1.25, 0.15625]},
								"down": {"uv": [103, 99.15625], "uv_size": [1.25, -0.15625]}
							}
						},
						{
							"origin": [-0.74316, 1.85989, 6.75706],
							"size": [1.24098, 0.61389, 0.15321],
							"pivot": [-0.12267, 0.84056, 7.00349],
							"rotation": [0, 0, 90],
							"uv": {
								"north": {"uv": [99, 56], "uv_size": [1.25, 0.625]},
								"east": {"uv": [105, 61], "uv_size": [0.15625, 0.625]},
								"south": {"uv": [99, 57], "uv_size": [1.25, 0.625]},
								"west": {"uv": [105, 62], "uv_size": [0.15625, 0.625]},
								"up": {"uv": [100, 103], "uv_size": [1.25, 0.15625]},
								"down": {"uv": [103, 100.15625], "uv_size": [1.25, -0.15625]}
							}
						},
						{
							"origin": [-0.60794, 1.72467, 6.75706],
							"size": [1.24098, 0.61389, 0.15584],
							"pivot": [0.01255, 0.84056, 6.83366],
							"rotation": [0, 0, -45],
							"uv": {
								"north": {"uv": [67, 99], "uv_size": [1.25, 0.625]},
								"east": {"uv": [105, 63], "uv_size": [0.15625, 0.625]},
								"south": {"uv": [69, 99], "uv_size": [1.25, 0.625]},
								"west": {"uv": [105, 64], "uv_size": [0.15625, 0.625]},
								"up": {"uv": [103, 101], "uv_size": [1.25, 0.15625]},
								"down": {"uv": [102, 103.15625], "uv_size": [1.25, -0.15625]}
							}
						},
						{
							"origin": [-0.60794, -0.65743, 6.75706],
							"size": [1.24098, 0.61389, 0.15584],
							"pivot": [0.01255, 0.84056, 6.83366],
							"rotation": [0, 0, 45],
							"uv": {
								"north": {"uv": [99, 71], "uv_size": [1.25, 0.625]},
								"east": {"uv": [105, 65], "uv_size": [0.15625, 0.625]},
								"south": {"uv": [99, 72], "uv_size": [1.25, 0.625]},
								"west": {"uv": [105, 66], "uv_size": [0.15625, 0.625]},
								"up": {"uv": [103, 102], "uv_size": [1.25, 0.15625]},
								"down": {"uv": [104, 53.15625], "uv_size": [1.25, -0.15625]}
							}
						}
					]
				},
				{
					"name": "division",
					"pivot": [0.10452, -4.13215, -80.4758],
					"cubes": [
						{
							"origin": [-92.89375, -74.52262, -80.75],
							"size": [66.70625, 152.375, 0.25],
							"uv": {
								"south": {"uv": [0, 0], "uv_size": [66.71875, 152.375]}
							}
						},
						{
							"origin": [26.1875, -74.52262, -80.75],
							"size": [67.26875, 152.375, 0.25],
							"uv": {
								"south": {"uv": [0, 0], "uv_size": [66.71875, 152.375]}
							}
						},
						{
							"origin": [-26.1875, 27.85238, -80.75],
							"size": [52.375, 50, 0.25],
							"uv": {
								"south": {"uv": [0, 0], "uv_size": [66.71875, 152.375]}
							}
						},
						{
							"origin": [-26.1875, -74.52262, -80.75],
							"size": [52.375, 50, 0.25],
							"uv": {
								"south": {"uv": [0, 0], "uv_size": [66.71875, 152.375]}
							}
						},
						{
							"origin": [-27.135, 1.00604, -80.38255],
							"size": [56.215, 0.1375, 0],
							"uv": {
								"south": {"uv": [78, 55], "uv_size": [56.21875, 0.125]}
							}
						},
						{
							"origin": [-1.8325, -1.132, -80.38255],
							"size": [1.925, 0.1375, 0],
							"uv": {
								"south": {"uv": [78, 55], "uv_size": [56.21875, 0.125]}
							}
						},
						{
							"origin": [-0.0575, -16.132, -80.38255],
							"size": [1.925, 0.1375, 0],
							"uv": {
								"south": {"uv": [78, 55], "uv_size": [56.21875, 0.125]}
							}
						},
						{
							"origin": [-1.8325, -13.132, -80.38255],
							"size": [1.925, 0.1375, 0],
							"uv": {
								"south": {"uv": [78, 55], "uv_size": [56.21875, 0.125]}
							}
						},
						{
							"origin": [-0.0575, -10.132, -80.38255],
							"size": [1.925, 0.1375, 0],
							"uv": {
								"south": {"uv": [78, 55], "uv_size": [56.21875, 0.125]}
							}
						},
						{
							"origin": [-1.8325, -7.132, -80.38255],
							"size": [1.925, 0.1375, 0],
							"uv": {
								"south": {"uv": [78, 55], "uv_size": [56.21875, 0.125]}
							}
						},
						{
							"origin": [-0.0575, -4.132, -80.38255],
							"size": [1.925, 0.1375, 0],
							"uv": {
								"south": {"uv": [78, 55], "uv_size": [56.21875, 0.125]}
							}
						},
						{
							"origin": [-0.09, -24.54396, -80.38255],
							"size": [0.18, 25.6125, 0],
							"uv": {
								"south": {"uv": [72, 80], "uv_size": [0.1875, 25.625]}
							}
						},
						{
							"origin": [-26.1875, -24.53824, -80.75],
							"size": [52.375, 52.40625, 0.25],
							"uv": {
								"south": {"uv": [67, 0], "uv_size": [52.375, 52.40625]}
							}
						}
					]
				},
				{
					"name": "cross_illuminated",
					"parent": "division",
					"pivot": [0, 2.3055, -80.3125],
					"cubes": [
						{
							"origin": [-0.9, 0.17229, -80.30755],
							"size": [1.8, 1.8, 0],
							"uv": {
								"south": {"uv": [79, 84], "uv_size": [1.8125, 1.8125]}
							}
						},
						{
							"origin": [-15, -7.4945, -81.3125],
							"size": [7, 3, 2],
							"uv": {
								"south": {"uv": [70, 61], "uv_size": [7, 3]}
							}
						}
					]
				},
				{
					"name": "scope_view",
					"pivot": [0, 0.85113, 10.2]
				}
			]
		}
	]
}