{
	"format_version": "1.12.0",
	"minecraft:geometry": [
		{
			"description": {
				"identifier": "geometry.stock_carbon_bone_c5",
				"texture_width": 128,
				"texture_height": 128,
				"visible_bounds_width": 3,
				"visible_bounds_height": 1.5,
				"visible_bounds_offset": [0, 0.25, 0]
			},
			"bones": [
				{
					"name": "stock",
					"pivot": [0, -1.30038, 4.20826],
					"cubes": [
						{
							"origin": [-1.01892, -0.82681, 1.0543],
							"size": [2.03785, 0.43011, 3.67485],
							"uv": {
								"north": {"uv": [83, 7], "uv_size": [10, 2]},
								"east": {"uv": [72, 20], "uv_size": [18, 2]},
								"south": {"uv": [83, 9], "uv_size": [10, 2]},
								"west": {"uv": [72, 22], "uv_size": [18, 2]},
								"up": {"uv": [39, 14], "uv_size": [10, 18]},
								"down": {"uv": [39, 50], "uv_size": [10, -18]}
							}
						},
						{
							"origin": [-0.8137, -0.00592, 7.18019],
							"size": [1.62741, 0.48141, 1.31479],
							"uv": {
								"north": {"uv": [84, 30], "uv_size": [8, 2]},
								"east": {"uv": [8, 88], "uv_size": [6, 2]},
								"south": {"uv": [85, 0], "uv_size": [8, 2]},
								"west": {"uv": [29, 88], "uv_size": [6, 2]},
								"up": {"uv": [70, 61], "uv_size": [8, 6]},
								"down": {"uv": [70, 73], "uv_size": [8, -6]}
							}
						},
						{
							"origin": [-0.8137, -0.08297, 7.16607],
							"size": [1.62741, 0.17162, 1.30354],
							"pivot": [0, -0.15206, 7.76092],
							"rotation": [-7.5, 0, 0],
							"uv": {
								"north": {"uv": [92, 4], "uv_size": [8, 1]},
								"east": {"uv": [85, 92], "uv_size": [6, 1]},
								"south": {"uv": [92, 5], "uv_size": [8, 1]},
								"west": {"uv": [92, 85], "uv_size": [6, 1]},
								"up": {"uv": [72, 14], "uv_size": [8, 6]},
								"down": {"uv": [0, 79], "uv_size": [8, -6]}
							}
						},
						{
							"origin": [-0.80932, -4.75742, 7.1727],
							"size": [0.80652, 4.7378, 1.30354],
							"pivot": [0.00438, -0.10543, 7.82447],
							"rotation": [-7.47178, -0.65182, -4.95744],
							"uv": {
								"north": {"uv": [45, 50], "uv_size": [4, 23]},
								"east": {"uv": [0, 42], "uv_size": [6, 23]},
								"south": {"uv": [52, 32], "uv_size": [4, 23]},
								"west": {"uv": [6, 42], "uv_size": [6, 23]},
								"up": {"uv": [4, 79], "uv_size": [4, 6]},
								"down": {"uv": [19, 86], "uv_size": [4, -6]}
							}
						},
						{
							"origin": [-0.19775, -4.76474, 6.87116],
							"size": [0.80652, 4.7378, 1.30354],
							"pivot": [0.20552, -2.39584, 7.52293],
							"rotation": [-7.47178, 0.65182, 4.95744],
							"uv": {
								"north": {"uv": [49, 55], "uv_size": [4, 23]},
								"east": {"uv": [12, 42], "uv_size": [6, 23]},
								"south": {"uv": [53, 55], "uv_size": [4, 23]},
								"west": {"uv": [18, 42], "uv_size": [6, 23]},
								"up": {"uv": [80, 41], "uv_size": [4, 6]},
								"down": {"uv": [80, 53], "uv_size": [4, -6]}
							}
						},
						{
							"origin": [0.19606, 0.68376, 7.18019],
							"size": [0.70391, 0.43011, 1.31479],
							"pivot": [0.08627, 0.8988, 7.78627],
							"rotation": [0, 0, 45],
							"uv": {
								"north": {"uv": [49, 53], "uv_size": [3, 2]},
								"east": {"uv": [48, 88], "uv_size": [6, 2]},
								"south": {"uv": [92, 86], "uv_size": [3, 2]},
								"west": {"uv": [88, 53], "uv_size": [6, 2]},
								"up": {"uv": [78, 83], "uv_size": [3, 6]},
								"down": {"uv": [84, 30], "uv_size": [3, -6]}
							}
						},
						{
							"origin": [-0.76473, 0.35724, 7.18019],
							"size": [0.70391, 0.43011, 1.31479],
							"pivot": [-0.41277, 0.5723, 7.78627],
							"rotation": [0, 0, -45],
							"uv": {
								"north": {"uv": [92, 88], "uv_size": [3, 2]},
								"east": {"uv": [88, 55], "uv_size": [6, 2]},
								"south": {"uv": [91, 92], "uv_size": [3, 2]},
								"west": {"uv": [88, 57], "uv_size": [6, 2]},
								"up": {"uv": [84, 41], "uv_size": [3, 6]},
								"down": {"uv": [84, 53], "uv_size": [3, -6]}
							}
						},
						{
							"origin": [-0.31596, 0.4755, 7.18019],
							"size": [0.63193, 0.49774, 1.31479],
							"uv": {
								"north": {"uv": [93, 0], "uv_size": [3, 2]},
								"east": {"uv": [88, 63], "uv_size": [6, 2]},
								"south": {"uv": [3, 93], "uv_size": [3, 2]},
								"west": {"uv": [88, 65], "uv_size": [6, 2]},
								"up": {"uv": [56, 84], "uv_size": [3, 6]},
								"down": {"uv": [64, 90], "uv_size": [3, -6]}
							}
						},
						{
							"origin": [-0.44862, -0.78144, -0.74139],
							"size": [0.89726, 0.43011, 1.43655],
							"uv": {
								"north": {"uv": [92, 13], "uv_size": [4, 2]},
								"east": {"uv": [87, 59], "uv_size": [7, 2]},
								"south": {"uv": [92, 15], "uv_size": [4, 2]},
								"west": {"uv": [87, 61], "uv_size": [7, 2]},
								"up": {"uv": [78, 76], "uv_size": [4, 7]},
								"down": {"uv": [0, 86], "uv_size": [4, -7]}
							}
						},
						{
							"origin": [-0.45067, -1.09953, -0.67534],
							"size": [0.90136, 0.57376, 1.55969],
							"pivot": [0, -0.81266, 0.1045],
							"rotation": [-24.5, 0, 0],
							"uv": {
								"north": {"uv": [35, 88], "uv_size": [4, 3]},
								"east": {"uv": [80, 53], "uv_size": [8, 3]},
								"south": {"uv": [67, 88], "uv_size": [4, 3]},
								"west": {"uv": [80, 56], "uv_size": [8, 3]},
								"up": {"uv": [77, 24], "uv_size": [4, 8]},
								"down": {"uv": [78, 8], "uv_size": [4, -8]}
							}
						},
						{
							"origin": [-0.44862, -1.39711, 0.69517],
							"size": [0.89726, 1.04577, 4.03398],
							"uv": {
								"north": {"uv": [29, 83], "uv_size": [4, 5]},
								"east": {"uv": [52, 14], "uv_size": [20, 5]},
								"south": {"uv": [83, 59], "uv_size": [4, 5]},
								"west": {"uv": [52, 19], "uv_size": [20, 5]},
								"up": {"uv": [56, 32], "uv_size": [4, 20]},
								"down": {"uv": [57, 72], "uv_size": [4, -20]}
							}
						},
						{
							"origin": [-0.29471, -2.44288, 3.62984],
							"size": [0.58943, 0.15391, 0.27841],
							"uv": {
								"north": {"uv": [87, 29], "uv_size": [3, 1]},
								"east": {"uv": [48, 77], "uv_size": [1, 1]},
								"south": {"uv": [87, 37], "uv_size": [3, 1]},
								"west": {"uv": [19, 79], "uv_size": [1, 1]},
								"up": {"uv": [67, 87], "uv_size": [3, 1]},
								"down": {"uv": [63, 94], "uv_size": [3, -1]}
							}
						},
						{
							"origin": [-0.43727, -2.38382, 3.62984],
							"size": [0.21768, 0.12227, 0.27841],
							"pivot": [-0.32844, -2.32269, 3.76905],
							"rotation": [0, 0, 45],
							"uv": {
								"north": {"uv": [23, 80], "uv_size": [1, 1]},
								"east": {"uv": [82, 7], "uv_size": [1, 1]},
								"south": {"uv": [38, 87], "uv_size": [1, 1]},
								"west": {"uv": [87, 63], "uv_size": [1, 1]},
								"up": {"uv": [81, 87], "uv_size": [1, 1]},
								"down": {"uv": [3, 89], "uv_size": [1, -1]}
							}
						},
						{
							"origin": [0.21961, -2.38382, 3.62984],
							"size": [0.21768, 0.12227, 0.27841],
							"pivot": [0.32845, -2.32269, 3.76905],
							"rotation": [0, 0, -45],
							"uv": {
								"north": {"uv": [81, 88], "uv_size": [1, 1]},
								"east": {"uv": [63, 89], "uv_size": [1, 1]},
								"south": {"uv": [13, 90], "uv_size": [1, 1]},
								"west": {"uv": [53, 90], "uv_size": [1, 1]},
								"up": {"uv": [66, 90], "uv_size": [1, 1]},
								"down": {"uv": [13, 92], "uv_size": [1, -1]}
							}
						},
						{
							"origin": [-0.44862, -2.28896, 3.62984],
							"size": [0.89726, 0.89185, 0.27841],
							"uv": {
								"north": {"uv": [85, 2], "uv_size": [4, 4]},
								"east": {"uv": [60, 32], "uv_size": [1, 4]},
								"south": {"uv": [4, 85], "uv_size": [4, 4]},
								"west": {"uv": [60, 36], "uv_size": [1, 4]},
								"up": {"uv": [81, 89], "uv_size": [4, 1]},
								"down": {"uv": [94, 61], "uv_size": [4, -1]}
							}
						},
						{
							"origin": [-0.44862, -2.01191, 3.54775],
							"size": [0.89726, 0.71741, 0.2579],
							"pivot": [0, -1.81737, 3.66644],
							"rotation": [22.5, 0, 0],
							"uv": {
								"north": {"uv": [88, 67], "uv_size": [4, 3]},
								"east": {"uv": [56, 52], "uv_size": [1, 3]},
								"south": {"uv": [88, 74], "uv_size": [4, 3]},
								"west": {"uv": [60, 40], "uv_size": [1, 3]},
								"up": {"uv": [94, 61], "uv_size": [4, 1]},
								"down": {"uv": [94, 63], "uv_size": [4, -1]}
							}
						},
						{
							"origin": [-0.34601, -2.60103, -0.1909],
							"size": [0.69204, 0.46427, 1.07212],
							"pivot": [0, -0.87422, 1.99388],
							"rotation": [-27.5, 0, 0],
							"uv": {
								"north": {"uv": [93, 7], "uv_size": [3, 2]},
								"east": {"uv": [88, 70], "uv_size": [5, 2]},
								"south": {"uv": [93, 9], "uv_size": [3, 2]},
								"west": {"uv": [88, 77], "uv_size": [5, 2]},
								"up": {"uv": [45, 85], "uv_size": [3, 5]},
								"down": {"uv": [85, 79], "uv_size": [3, -5]}
							}
						},
						{
							"origin": [-0.34601, -1.39711, -0.74139],
							"size": [0.69204, 0.62845, 1.01055],
							"uv": {
								"north": {"uv": [50, 90], "uv_size": [3, 3]},
								"east": {"uv": [85, 79], "uv_size": [5, 3]},
								"south": {"uv": [56, 90], "uv_size": [3, 3]},
								"west": {"uv": [85, 82], "uv_size": [5, 3]},
								"up": {"uv": [85, 85], "uv_size": [3, 5]},
								"down": {"uv": [0, 91], "uv_size": [3, -5]}
							}
						},
						{
							"origin": [-0.3768, -2.06407, 2.28563],
							"size": [0.75361, 0.52584, 0.24098],
							"uv": {
								"north": {"uv": [88, 85], "uv_size": [4, 3]},
								"east": {"uv": [60, 43], "uv_size": [1, 3]},
								"south": {"uv": [88, 88], "uv_size": [4, 3]},
								"west": {"uv": [60, 46], "uv_size": [1, 3]},
								"up": {"uv": [94, 63], "uv_size": [4, 1]},
								"down": {"uv": [94, 65], "uv_size": [4, -1]}
							}
						},
						{
							"origin": [-0.42811, -1.62345, 2.32093],
							"size": [0.85622, 0.1704, 0.1704],
							"pivot": [0, -1.53825, 2.40612],
							"rotation": [-45, 0, 0],
							"uv": {
								"north": {"uv": [65, 94], "uv_size": [4, 1]},
								"east": {"uv": [53, 91], "uv_size": [1, 1]},
								"south": {"uv": [94, 65], "uv_size": [4, 1]},
								"west": {"uv": [13, 92], "uv_size": [1, 1]},
								"up": {"uv": [94, 66], "uv_size": [4, 1]},
								"down": {"uv": [69, 95], "uv_size": [4, -1]}
							}
						},
						{
							"origin": [-0.34601, -1.93028, 0.2295],
							"size": [0.69204, 0.81314, 5.22787],
							"pivot": [0, -1.62633, 0.76556],
							"rotation": [-4, 0, 0],
							"uv": {
								"north": {"uv": [89, 2], "uv_size": [3, 4]},
								"east": {"uv": [52, 24], "uv_size": [25, 4]},
								"south": {"uv": [3, 89], "uv_size": [3, 4]},
								"west": {"uv": [52, 28], "uv_size": [25, 4]},
								"up": {"uv": [61, 32], "uv_size": [3, 25]},
								"down": {"uv": [61, 82], "uv_size": [3, -25]}
							}
						},
						{
							"origin": [-0.34807, -3.43457, 4.62043],
							"size": [0.69571, 1.01836, 2.14954],
							"pivot": [0.00162, -2.92538, 5.69519],
							"rotation": [-69, 0, 0],
							"uv": {
								"north": {"uv": [17, 86], "uv_size": [3, 5]},
								"east": {"uv": [0, 68], "uv_size": [10, 5]},
								"south": {"uv": [20, 86], "uv_size": [3, 5]},
								"west": {"uv": [10, 68], "uv_size": [10, 5]},
								"up": {"uv": [48, 78], "uv_size": [3, 10]},
								"down": {"uv": [51, 88], "uv_size": [3, -10]}
							}
						},
						{
							"origin": [-0.34601, -4.39969, 5.70956],
							"size": [0.69204, 0.75157, 0.91821],
							"pivot": [0, -4.07008, 6.16867],
							"rotation": [-31.5, 0, 0],
							"uv": {
								"north": {"uv": [89, 13], "uv_size": [3, 4]},
								"east": {"uv": [85, 13], "uv_size": [4, 4]},
								"south": {"uv": [14, 89], "uv_size": [3, 4]},
								"west": {"uv": [73, 85], "uv_size": [4, 4]},
								"up": {"uv": [39, 89], "uv_size": [3, 4]},
								"down": {"uv": [42, 93], "uv_size": [3, -4]}
							}
						},
						{
							"origin": [-0.34601, -4.59572, 6.66105],
							"size": [0.69204, 3.0398, 0.3641],
							"pivot": [-0.20522, -2.18824, 6.56605],
							"rotation": [-6.5, 0, 0],
							"uv": {
								"north": {"uv": [8, 73], "uv_size": [3, 15]},
								"east": {"uv": [54, 78], "uv_size": [2, 15]},
								"south": {"uv": [11, 73], "uv_size": [3, 15]},
								"west": {"uv": [78, 61], "uv_size": [2, 15]},
								"up": {"uv": [93, 11], "uv_size": [3, 2]},
								"down": {"uv": [13, 95], "uv_size": [3, -2]}
							}
						},
						{
							"origin": [-0.34601, -3.15917, 5.3784],
							"size": [0.69204, 1.68534, 1.03108],
							"pivot": [-0.20522, -2.18824, 5.95038],
							"rotation": [-6.5, 0, 0],
							"uv": {
								"north": {"uv": [80, 59], "uv_size": [3, 8]},
								"east": {"uv": [14, 73], "uv_size": [5, 8]},
								"south": {"uv": [80, 67], "uv_size": [3, 8]},
								"west": {"uv": [70, 73], "uv_size": [5, 8]},
								"up": {"uv": [87, 24], "uv_size": [3, 5]},
								"down": {"uv": [87, 37], "uv_size": [3, -5]}
							}
						},
						{
							"origin": [-0.34601, -3.61817, 6.21982],
							"size": [0.69204, 0.55387, 0.25986],
							"pivot": [-0.20522, -3.77871, 6.36083],
							"rotation": [-6.5, 0, 0],
							"uv": {
								"north": {"uv": [63, 90], "uv_size": [3, 3]},
								"east": {"uv": [60, 49], "uv_size": [1, 3]},
								"south": {"uv": [0, 91], "uv_size": [3, 3]},
								"west": {"uv": [23, 65], "uv_size": [1, 3]},
								"up": {"uv": [0, 94], "uv_size": [3, 1]},
								"down": {"uv": [95, 27], "uv_size": [3, -1]}
							}
						},
						{
							"origin": [-0.98497, -1.17494, 4.54307],
							"size": [0.80652, 0.43011, 0.18607],
							"pivot": [-0.58171, -0.95989, 4.63611],
							"rotation": [0, 0, 45],
							"uv": {
								"north": {"uv": [92, 18], "uv_size": [4, 2]},
								"east": {"uv": [19, 73], "uv_size": [1, 2]},
								"south": {"uv": [23, 92], "uv_size": [4, 2]},
								"west": {"uv": [48, 73], "uv_size": [1, 2]},
								"up": {"uv": [75, 94], "uv_size": [4, 1]},
								"down": {"uv": [79, 95], "uv_size": [4, -1]}
							}
						},
						{
							"origin": [0.17846, -1.17494, 4.54307],
							"size": [0.80652, 0.43011, 0.18607],
							"pivot": [0.58171, -0.95989, 4.63611],
							"rotation": [0, 0, -45],
							"uv": {
								"north": {"uv": [27, 92], "uv_size": [4, 2]},
								"east": {"uv": [19, 75], "uv_size": [1, 2]},
								"south": {"uv": [92, 30], "uv_size": [4, 2]},
								"west": {"uv": [48, 75], "uv_size": [1, 2]},
								"up": {"uv": [83, 94], "uv_size": [4, 1]},
								"down": {"uv": [87, 95], "uv_size": [4, -1]}
							}
						},
						{
							"origin": [0.00807, -1.54523, 3.31174],
							"size": [0.80652, 0.43011, 0.18607],
							"pivot": [0, -0.91885, 3.40478],
							"rotation": [-16.32495, -15.69986, -42.73421],
							"uv": {
								"north": {"uv": [92, 41], "uv_size": [4, 2]},
								"east": {"uv": [19, 77], "uv_size": [1, 2]},
								"south": {"uv": [92, 43], "uv_size": [4, 2]},
								"west": {"uv": [56, 78], "uv_size": [1, 2]},
								"up": {"uv": [91, 94], "uv_size": [4, 1]},
								"down": {"uv": [94, 93], "uv_size": [4, -1]}
							}
						},
						{
							"origin": [-0.8146, -1.54523, 3.31174],
							"size": [0.80652, 0.43011, 0.18607],
							"pivot": [0, -0.91885, 3.40478],
							"rotation": [-16.32495, 15.69986, 42.73421],
							"uv": {
								"north": {"uv": [45, 92], "uv_size": [4, 2]},
								"east": {"uv": [56, 80], "uv_size": [1, 2]},
								"south": {"uv": [92, 45], "uv_size": [4, 2]},
								"west": {"uv": [38, 81], "uv_size": [1, 2]},
								"up": {"uv": [94, 93], "uv_size": [4, 1]},
								"down": {"uv": [0, 96], "uv_size": [4, -1]}
							}
						},
						{
							"origin": [0.00807, -1.54523, 2.23433],
							"size": [0.80652, 0.43011, 0.18607],
							"pivot": [0, -0.91885, 2.32736],
							"rotation": [-16.32495, -15.69986, -42.73421],
							"uv": {
								"north": {"uv": [92, 47], "uv_size": [4, 2]},
								"east": {"uv": [56, 82], "uv_size": [1, 2]},
								"south": {"uv": [92, 49], "uv_size": [4, 2]},
								"west": {"uv": [38, 83], "uv_size": [1, 2]},
								"up": {"uv": [4, 95], "uv_size": [4, 1]},
								"down": {"uv": [8, 96], "uv_size": [4, -1]}
							}
						},
						{
							"origin": [-0.8146, -1.54523, 2.23433],
							"size": [0.80652, 0.43011, 0.18607],
							"pivot": [0, -0.91885, 2.32736],
							"rotation": [-16.32495, 15.69986, 42.73421],
							"uv": {
								"north": {"uv": [92, 51], "uv_size": [4, 2]},
								"east": {"uv": [81, 83], "uv_size": [1, 2]},
								"south": {"uv": [59, 92], "uv_size": [4, 2]},
								"west": {"uv": [38, 85], "uv_size": [1, 2]},
								"up": {"uv": [12, 95], "uv_size": [4, 1]},
								"down": {"uv": [16, 96], "uv_size": [4, -1]}
							}
						},
						{
							"origin": [0.00807, -1.54523, 1.003],
							"size": [0.80652, 0.43011, 0.18607],
							"pivot": [0, -0.91885, 1.09603],
							"rotation": [-10.72858, -10.54529, -44.00703],
							"uv": {
								"north": {"uv": [92, 67], "uv_size": [4, 2]},
								"east": {"uv": [77, 85], "uv_size": [1, 2]},
								"south": {"uv": [69, 92], "uv_size": [4, 2]},
								"west": {"uv": [81, 85], "uv_size": [1, 2]},
								"up": {"uv": [20, 95], "uv_size": [4, 1]},
								"down": {"uv": [95, 21], "uv_size": [4, -1]}
							}
						},
						{
							"origin": [-0.8146, -1.54523, 1.003],
							"size": [0.80652, 0.43011, 0.18607],
							"pivot": [0, -0.91885, 1.09603],
							"rotation": [-10.72858, 10.54529, 44.00703],
							"uv": {
								"north": {"uv": [92, 74], "uv_size": [4, 2]},
								"east": {"uv": [3, 86], "uv_size": [1, 2]},
								"south": {"uv": [81, 92], "uv_size": [4, 2]},
								"west": {"uv": [77, 87], "uv_size": [1, 2]},
								"up": {"uv": [95, 21], "uv_size": [4, 1]},
								"down": {"uv": [95, 23], "uv_size": [4, -1]}
							}
						},
						{
							"origin": [-0.45465, -0.98072, 4.72914],
							"size": [0.90932, 0.17357, 2.46266],
							"uv": {
								"north": {"uv": [95, 23], "uv_size": [4, 1]},
								"east": {"uv": [85, 6], "uv_size": [12, 1]},
								"south": {"uv": [24, 95], "uv_size": [4, 1]},
								"west": {"uv": [85, 17], "uv_size": [12, 1]},
								"up": {"uv": [20, 68], "uv_size": [4, 12]},
								"down": {"uv": [57, 84], "uv_size": [4, -12]}
							}
						},
						{
							"origin": [-0.55726, -1.61691, 4.72914],
							"size": [1.11454, 0.17357, 0.71828],
							"uv": {
								"north": {"uv": [21, 94], "uv_size": [5, 1]},
								"east": {"uv": [95, 24], "uv_size": [4, 1]},
								"south": {"uv": [26, 94], "uv_size": [5, 1]},
								"west": {"uv": [95, 25], "uv_size": [4, 1]},
								"up": {"uv": [83, 64], "uv_size": [5, 4]},
								"down": {"uv": [83, 72], "uv_size": [5, -4]}
							}
						},
						{
							"origin": [-0.55726, -1.61691, 6.1657],
							"size": [1.11454, 0.17357, 0.9235],
							"uv": {
								"north": {"uv": [33, 94], "uv_size": [5, 1]},
								"east": {"uv": [45, 94], "uv_size": [5, 1]},
								"south": {"uv": [50, 94], "uv_size": [5, 1]},
								"west": {"uv": [94, 53], "uv_size": [5, 1]},
								"up": {"uv": [78, 8], "uv_size": [5, 5]},
								"down": {"uv": [80, 18], "uv_size": [5, -5]}
							}
						},
						{
							"origin": [-0.55726, -1.31582, 6.05448],
							"size": [1.11454, 0.17357, 0.30783],
							"pivot": [0, -1.22904, 5.90057],
							"rotation": [-45, 0, 0],
							"uv": {
								"north": {"uv": [94, 54], "uv_size": [5, 1]},
								"east": {"uv": [95, 32], "uv_size": [2, 1]},
								"south": {"uv": [55, 94], "uv_size": [5, 1]},
								"west": {"uv": [33, 95], "uv_size": [2, 1]},
								"up": {"uv": [45, 90], "uv_size": [5, 2]},
								"down": {"uv": [90, 81], "uv_size": [5, -2]}
							}
						},
						{
							"origin": [-0.55726, -1.5335, 5.34098],
							"size": [1.11454, 0.17357, 0.30783],
							"pivot": [0, -1.4467, 5.49489],
							"rotation": [45, 0, 0],
							"uv": {
								"north": {"uv": [94, 55], "uv_size": [5, 1]},
								"east": {"uv": [95, 33], "uv_size": [2, 1]},
								"south": {"uv": [94, 56], "uv_size": [5, 1]},
								"west": {"uv": [95, 34], "uv_size": [2, 1]},
								"up": {"uv": [81, 90], "uv_size": [5, 2]},
								"down": {"uv": [90, 83], "uv_size": [5, -2]}
							}
						},
						{
							"origin": [-0.30074, -0.87811, 4.72914],
							"size": [0.60149, 0.43011, 2.46266],
							"uv": {
								"north": {"uv": [39, 93], "uv_size": [3, 2]},
								"east": {"uv": [80, 18], "uv_size": [12, 2]},
								"south": {"uv": [42, 93], "uv_size": [3, 2]},
								"west": {"uv": [23, 81], "uv_size": [12, 2]},
								"up": {"uv": [45, 73], "uv_size": [3, 12]},
								"down": {"uv": [75, 85], "uv_size": [3, -12]}
							}
						},
						{
							"origin": [-0.30074, -1.48352, 6.42223],
							"size": [0.60149, 0.52245, 0.76958],
							"uv": {
								"north": {"uv": [17, 91], "uv_size": [3, 3]},
								"east": {"uv": [59, 89], "uv_size": [4, 3]},
								"south": {"uv": [20, 91], "uv_size": [3, 3]},
								"west": {"uv": [71, 89], "uv_size": [4, 3]},
								"up": {"uv": [75, 89], "uv_size": [3, 4]},
								"down": {"uv": [78, 93], "uv_size": [3, -4]}
							}
						},
						{
							"origin": [-0.30074, -1.48352, 4.72914],
							"size": [0.60149, 0.21462, 1.69309],
							"uv": {
								"north": {"uv": [95, 27], "uv_size": [3, 1]},
								"east": {"uv": [92, 69], "uv_size": [8, 1]},
								"south": {"uv": [28, 95], "uv_size": [3, 1]},
								"west": {"uv": [92, 76], "uv_size": [8, 1]},
								"up": {"uv": [14, 81], "uv_size": [3, 8]},
								"down": {"uv": [81, 32], "uv_size": [3, -8]}
							}
						},
						{
							"origin": [-1.01892, -0.57028, 0.02819],
							"size": [2.03785, 0.17357, 1.02611],
							"uv": {
								"north": {"uv": [90, 40], "uv_size": [10, 1]},
								"east": {"uv": [94, 57], "uv_size": [5, 1]},
								"south": {"uv": [90, 83], "uv_size": [10, 1]},
								"west": {"uv": [94, 58], "uv_size": [5, 1]},
								"up": {"uv": [70, 41], "uv_size": [10, 5]},
								"down": {"uv": [70, 51], "uv_size": [10, -5]}
							}
						},
						{
							"origin": [-1.01892, -0.70112, 0.06627],
							"size": [2.03785, 0.17357, 1.02611],
							"pivot": [0, -0.61432, 0.57932],
							"rotation": [-14.5, 0, 0],
							"uv": {
								"north": {"uv": [90, 84], "uv_size": [10, 1]},
								"east": {"uv": [94, 59], "uv_size": [5, 1]},
								"south": {"uv": [86, 91], "uv_size": [10, 1]},
								"west": {"uv": [60, 94], "uv_size": [5, 1]},
								"up": {"uv": [70, 51], "uv_size": [10, 5]},
								"down": {"uv": [70, 61], "uv_size": [10, -5]}
							}
						},
						{
							"origin": [-1.01892, -0.53307, 0.76643],
							"size": [2.03785, 0.09149, 0.32836],
							"pivot": [0, -0.44628, 0.62278],
							"rotation": [-14.5, 0, 0],
							"uv": {
								"north": {"uv": [92, 2], "uv_size": [10, 1]},
								"east": {"uv": [35, 95], "uv_size": [2, 1]},
								"south": {"uv": [92, 3], "uv_size": [10, 1]},
								"west": {"uv": [95, 35], "uv_size": [2, 1]},
								"up": {"uv": [83, 11], "uv_size": [10, 2]},
								"down": {"uv": [83, 74], "uv_size": [10, -2]}
							}
						}
					]
				},
				{
					"name": "bone26",
					"parent": "stock",
					"pivot": [-0.38061, -1.68516, 5.83766],
					"cubes": [
						{
							"origin": [-0.48194, -1.59716, 5.58241],
							"size": [0.97224, 0.11133, 0.40788],
							"uv": {
								"north": {"uv": [92, 90], "uv_size": [5, 1]},
								"east": {"uv": [78, 13], "uv_size": [2, 1]},
								"south": {"uv": [49, 93], "uv_size": [5, 1]},
								"west": {"uv": [80, 75], "uv_size": [2, 1]},
								"up": {"uv": [6, 90], "uv_size": [5, 2]},
								"down": {"uv": [90, 22], "uv_size": [5, -2]}
							}
						},
						{
							"origin": [-0.48194, -1.59393, 5.57682],
							"size": [0.97224, 0.11132, 0.40788],
							"pivot": [-0.38061, -1.8423, 5.78075],
							"rotation": [-60, 0, 0],
							"uv": {
								"north": {"uv": [54, 93], "uv_size": [5, 1]},
								"east": {"uv": [83, 74], "uv_size": [2, 1]},
								"south": {"uv": [93, 70], "uv_size": [5, 1]},
								"west": {"uv": [73, 84], "uv_size": [2, 1]},
								"up": {"uv": [90, 22], "uv_size": [5, 2]},
								"down": {"uv": [23, 92], "uv_size": [5, -2]}
							}
						},
						{
							"origin": [-0.48194, -2.18908, 5.58799],
							"size": [0.97224, 0.11132, 0.40788],
							"pivot": [-0.38061, -1.8423, 5.79194],
							"rotation": [60, 0, 0],
							"uv": {
								"north": {"uv": [93, 71], "uv_size": [5, 1]},
								"east": {"uv": [71, 88], "uv_size": [2, 1]},
								"south": {"uv": [93, 72], "uv_size": [5, 1]},
								"west": {"uv": [6, 89], "uv_size": [2, 1]},
								"up": {"uv": [90, 24], "uv_size": [5, 2]},
								"down": {"uv": [90, 28], "uv_size": [5, -2]}
							}
						},
						{
							"origin": [-0.48194, -2.18908, 5.57682],
							"size": [0.97224, 0.11132, 0.40788],
							"pivot": [-0.38061, -1.8423, 5.78075],
							"rotation": [-60, 0, 0],
							"uv": {
								"north": {"uv": [93, 73], "uv_size": [5, 1]},
								"east": {"uv": [33, 90], "uv_size": [2, 1]},
								"south": {"uv": [75, 93], "uv_size": [5, 1]},
								"west": {"uv": [86, 90], "uv_size": [2, 1]},
								"up": {"uv": [28, 90], "uv_size": [5, 2]},
								"down": {"uv": [90, 30], "uv_size": [5, -2]}
							}
						},
						{
							"origin": [-0.48194, -1.59393, 5.58799],
							"size": [0.97224, 0.11132, 0.40788],
							"pivot": [-0.38061, -1.8423, 5.79194],
							"rotation": [60, 0, 0],
							"uv": {
								"north": {"uv": [93, 77], "uv_size": [5, 1]},
								"east": {"uv": [69, 91], "uv_size": [2, 1]},
								"south": {"uv": [93, 78], "uv_size": [5, 1]},
								"west": {"uv": [95, 28], "uv_size": [2, 1]},
								"up": {"uv": [90, 32], "uv_size": [5, 2]},
								"down": {"uv": [90, 36], "uv_size": [5, -2]}
							}
						},
						{
							"origin": [-0.48194, -2.1923, 5.58241],
							"size": [0.97224, 0.11133, 0.40788],
							"uv": {
								"north": {"uv": [85, 93], "uv_size": [5, 1]},
								"east": {"uv": [95, 29], "uv_size": [2, 1]},
								"south": {"uv": [16, 94], "uv_size": [5, 1]},
								"west": {"uv": [31, 95], "uv_size": [2, 1]},
								"up": {"uv": [90, 36], "uv_size": [5, 2]},
								"down": {"uv": [90, 40], "uv_size": [5, -2]}
							}
						}
					]
				},
				{
					"name": "bone23",
					"parent": "stock",
					"pivot": [0, 0.16056, 3.17391],
					"rotation": [0, 0, -22.5],
					"cubes": [
						{
							"origin": [-0.30159, -0.56753, -0.74139],
							"size": [0.60318, 1.45622, 7.9332],
							"uv": {
								"north": {"uv": [35, 81], "uv_size": [3, 7]},
								"east": {"uv": [0, 0], "uv_size": [39, 7]},
								"south": {"uv": [70, 81], "uv_size": [3, 7]},
								"west": {"uv": [0, 7], "uv_size": [39, 7]},
								"up": {"uv": [24, 42], "uv_size": [3, 39]},
								"down": {"uv": [27, 81], "uv_size": [3, -39]}
							}
						},
						{
							"origin": [-0.35531, -0.54529, -0.74139],
							"size": [0.60318, 1.45622, 7.9332],
							"pivot": [-0.05371, 0.10685, 5.99463],
							"rotation": [0, 0, 45],
							"uv": {
								"north": {"uv": [82, 0], "uv_size": [3, 7]},
								"east": {"uv": [0, 14], "uv_size": [39, 7]},
								"south": {"uv": [61, 82], "uv_size": [3, 7]},
								"west": {"uv": [0, 21], "uv_size": [39, 7]},
								"up": {"uv": [30, 42], "uv_size": [3, 39]},
								"down": {"uv": [33, 81], "uv_size": [3, -39]}
							}
						},
						{
							"origin": [-0.24787, -0.54529, -0.74139],
							"size": [0.60318, 1.45622, 7.9332],
							"pivot": [0.05371, 0.10685, 5.99463],
							"rotation": [0, 0, -45],
							"uv": {
								"north": {"uv": [82, 75], "uv_size": [3, 7]},
								"east": {"uv": [0, 28], "uv_size": [39, 7]},
								"south": {"uv": [82, 82], "uv_size": [3, 7]},
								"west": {"uv": [0, 35], "uv_size": [39, 7]},
								"up": {"uv": [36, 42], "uv_size": [3, 39]},
								"down": {"uv": [49, 53], "uv_size": [3, -39]}
							}
						},
						{
							"origin": [-0.67439, -0.15092, 0.02819],
							"size": [0.60318, 0.63533, 4.70096],
							"pivot": [-0.3728, -0.31966, 5.99463],
							"rotation": [0, 0, -45],
							"uv": {
								"north": {"uv": [33, 91], "uv_size": [3, 3]},
								"east": {"uv": [64, 32], "uv_size": [23, 3]},
								"south": {"uv": [36, 91], "uv_size": [3, 3]},
								"west": {"uv": [64, 35], "uv_size": [23, 3]},
								"up": {"uv": [64, 38], "uv_size": [3, 23]},
								"down": {"uv": [64, 84], "uv_size": [3, -23]}
							}
						},
						{
							"origin": [-0.82009, -0.15671, -0.7016],
							"size": [0.48005, 0.63533, 0.98643],
							"pivot": [-0.58006, 0.16096, -0.20839],
							"rotation": [0, -38.5, -45],
							"uv": {
								"north": {"uv": [73, 81], "uv_size": [2, 3]},
								"east": {"uv": [87, 41], "uv_size": [5, 3]},
								"south": {"uv": [9, 92], "uv_size": [2, 3]},
								"west": {"uv": [87, 44], "uv_size": [5, 3]},
								"up": {"uv": [17, 81], "uv_size": [2, 5]},
								"down": {"uv": [33, 88], "uv_size": [2, -5]}
							}
						},
						{
							"origin": [0.17042, -0.56699, -0.7016],
							"size": [0.48005, 0.63533, 0.98643],
							"pivot": [0.41044, -0.24932, -0.20839],
							"rotation": [0, 38.5, 90],
							"uv": {
								"north": {"uv": [31, 92], "uv_size": [2, 3]},
								"east": {"uv": [87, 47], "uv_size": [5, 3]},
								"south": {"uv": [73, 92], "uv_size": [2, 3]},
								"west": {"uv": [87, 50], "uv_size": [5, 3]},
								"up": {"uv": [59, 84], "uv_size": [2, 5]},
								"down": {"uv": [11, 95], "uv_size": [2, -5]}
							}
						},
						{
							"origin": [0.10885, -0.76028, 0.02819],
							"size": [0.60318, 0.63533, 4.70096],
							"pivot": [0.41044, -0.44262, 1.99388],
							"rotation": [0, 0, 90],
							"uv": {
								"north": {"uv": [66, 91], "uv_size": [3, 3]},
								"east": {"uv": [0, 65], "uv_size": [23, 3]},
								"south": {"uv": [6, 92], "uv_size": [3, 3]},
								"west": {"uv": [67, 38], "uv_size": [23, 3]},
								"up": {"uv": [67, 41], "uv_size": [3, 23]},
								"down": {"uv": [67, 87], "uv_size": [3, -23]}
							}
						},
						{
							"origin": [-0.22563, -0.6435, -0.74139],
							"size": [0.60318, 1.45622, 7.9332],
							"pivot": [0.07597, 0.16056, 5.99463],
							"rotation": [0, 0, 90],
							"uv": {
								"north": {"uv": [23, 83], "uv_size": [3, 7]},
								"east": {"uv": [39, 0], "uv_size": [39, 7]},
								"south": {"uv": [26, 83], "uv_size": [3, 7]},
								"west": {"uv": [39, 7], "uv_size": [39, 7]},
								"up": {"uv": [39, 50], "uv_size": [3, 39]},
								"down": {"uv": [42, 89], "uv_size": [3, -39]}
							}
						}
					]
				}
			]
		}
	]
}