{
	"format_version": "1.12.0",
	"minecraft:geometry": [
		{
			"description": {
				"identifier": "geometry.stock_carbon_bone_c5",
				"texture_width": 128,
				"texture_height": 128,
				"visible_bounds_width": 3,
				"visible_bounds_height": 1.5,
				"visible_bounds_offset": [0, 0.25, 0]
			},
			"bones": [
				{
					"name": "stock",
					"pivot": [0, -1.56732, 5.187],
					"cubes": [
						{
							"origin": [-0.33185, -0.29347, -0.25628],
							"size": [0.66371, 1.3066, 8.82699],
							"uv": {
								"north": {"uv": [60, 72], "uv_size": [3, 5]},
								"up": {"uv": [0, 34], "uv_size": [3, 35]},
								"down": {"uv": [4, 69], "uv_size": [3, -35]}
							}
						},
						{
							"origin": [-0.3931, 0.25778, 8.56372],
							"size": [0.78621, 0.75535, 0.74199],
							"uv": {
								"south": {"uv": [60, 78], "uv_size": [3, 3]},
								"up": {"uv": [25, 79], "uv_size": [3, 3]}
							}
						},
						{
							"origin": [0.23797, -0.00964, 8.56372],
							"size": [0.41871, 0.90235, 0.74199],
							"pivot": [0.32483, 0.51503, 8.93471],
							"rotation": [0, 0, -33.5],
							"uv": {
								"east": {"uv": [0, 76], "uv_size": [3, 4]},
								"south": {"uv": [8, 80], "uv_size": [2, 4]},
								"west": {"uv": [4, 76], "uv_size": [3, 4]}
							}
						},
						{
							"origin": [-0.69725, 0.00257, 8.56372],
							"size": [0.41871, 0.90235, 0.74199],
							"pivot": [-0.36539, 0.45374, 8.93471],
							"rotation": [0, 0, 33.5],
							"uv": {
								"east": {"uv": [76, 12], "uv_size": [3, 4]},
								"south": {"uv": [80, 12], "uv_size": [2, 4]},
								"west": {"uv": [35, 76], "uv_size": [3, 4]}
							}
						},
						{
							"origin": [-0.89114, -3.47847, 8.56372],
							"size": [1.78229, 3.73914, 0.74199],
							"uv": {
								"north": {"uv": [20, 34], "uv_size": [7, 15]},
								"east": {"uv": [32, 56], "uv_size": [3, 15]},
								"south": {"uv": [28, 34], "uv_size": [7, 15]},
								"west": {"uv": [57, 12], "uv_size": [3, 15]},
								"up": {"uv": [67, 22], "uv_size": [7, 3]},
								"down": {"uv": [52, 72], "uv_size": [7, -3]}
							}
						},
						{
							"origin": [-0.58489, -5.54952, 8.0187],
							"size": [1.16979, 2.26914, 0.74199],
							"pivot": [0, -5.14995, 8.38969],
							"rotation": [-17.5, 0, 0],
							"uv": {
								"north": {"uv": [48, 59], "uv_size": [5, 9]},
								"east": {"uv": [64, 59], "uv_size": [3, 9]},
								"south": {"uv": [54, 59], "uv_size": [5, 9]},
								"west": {"uv": [67, 12], "uv_size": [3, 9]},
								"up": {"uv": [72, 69], "uv_size": [5, 3]},
								"down": {"uv": [52, 76], "uv_size": [5, -3]}
							}
						},
						{
							"origin": [-0.58489, -5.72552, 7.83678],
							"size": [1.16979, 0.55414, 0.19074],
							"pivot": [0, -5.57095, 7.90153],
							"rotation": [-45, 0, 0],
							"uv": {
								"north": {"uv": [78, 68], "uv_size": [5, 2]},
								"east": {"uv": [30, 69], "uv_size": [1, 2]},
								"south": {"uv": [13, 79], "uv_size": [5, 2]},
								"west": {"uv": [58, 73], "uv_size": [1, 2]},
								"up": {"uv": [83, 15], "uv_size": [5, 1]},
								"down": {"uv": [85, 23], "uv_size": [5, -1]}
							}
						},
						{
							"origin": [-0.58489, -5.58113, 7.3302],
							"size": [1.16979, 0.35814, 0.19074],
							"pivot": [0, -5.42656, 7.4562],
							"rotation": [25, 0, 0],
							"uv": {
								"north": {"uv": [85, 41], "uv_size": [5, 1]},
								"east": {"uv": [8, 58], "uv_size": [1, 1]},
								"south": {"uv": [85, 43], "uv_size": [5, 1]},
								"west": {"uv": [11, 80], "uv_size": [1, 1]},
								"up": {"uv": [85, 45], "uv_size": [5, 1]},
								"down": {"uv": [85, 48], "uv_size": [5, -1]}
							}
						},
						{
							"origin": [-0.58489, -5.73861, 7.43664],
							"size": [1.16979, 0.2234, 0.49699],
							"pivot": [0, -5.58404, 7.80764],
							"rotation": [-17.5, 0, 0],
							"uv": {
								"north": {"uv": [48, 85], "uv_size": [5, 1]},
								"east": {"uv": [22, 86], "uv_size": [2, 1]},
								"south": {"uv": [54, 85], "uv_size": [5, 1]},
								"west": {"uv": [25, 86], "uv_size": [2, 1]},
								"up": {"uv": [19, 79], "uv_size": [5, 2]},
								"down": {"uv": [79, 43], "uv_size": [5, -2]}
							}
						},
						{
							"origin": [0.42363, -5.57402, 8.24658],
							"size": [0.31229, 2.29364, 0.74199],
							"pivot": [0.57978, -4.4272, 8.61758],
							"rotation": [-17.35932, 2.24944, 7.15656],
							"uv": {
								"north": {"uv": [8, 34], "uv_size": [1, 9]},
								"east": {"uv": [68, 59], "uv_size": [3, 9]},
								"south": {"uv": [44, 0], "uv_size": [1, 9]},
								"west": {"uv": [18, 69], "uv_size": [3, 9]},
								"up": {"uv": [44, 20], "uv_size": [1, 3]},
								"down": {"uv": [8, 57], "uv_size": [1, -3]}
							}
						},
						{
							"origin": [-0.73592, -5.57402, 8.24658],
							"size": [0.31229, 2.29364, 0.74199],
							"pivot": [-0.57977, -4.4272, 8.61758],
							"rotation": [-17.35932, -2.24944, -7.15656],
							"uv": {
								"north": {"uv": [8, 44], "uv_size": [1, 9]},
								"east": {"uv": [22, 69], "uv_size": [3, 9]},
								"south": {"uv": [44, 10], "uv_size": [1, 9]},
								"west": {"uv": [26, 69], "uv_size": [3, 9]},
								"up": {"uv": [18, 60], "uv_size": [1, 3]},
								"down": {"uv": [18, 67], "uv_size": [1, -3]}
							}
						},
						{
							"origin": [-0.33185, 1.19688, 6.60372],
							"size": [0.66371, 0.2041, 1.66074],
							"uv": {
								"east": {"uv": [79, 74], "uv_size": [7, 1]},
								"west": {"uv": [81, 17], "uv_size": [7, 1]},
								"up": {"uv": [64, 69], "uv_size": [3, 7]},
								"down": {"uv": [68, 76], "uv_size": [3, -7]}
							}
						},
						{
							"origin": [-0.33185, 0.53512, 7.81372],
							"size": [0.66371, 0.2041, 0.48474],
							"pivot": [0, 0.63716, 8.67471],
							"rotation": [-55, 0, 0],
							"uv": {
								"east": {"uv": [28, 86], "uv_size": [2, 1]},
								"west": {"uv": [31, 86], "uv_size": [2, 1]},
								"up": {"uv": [51, 82], "uv_size": [3, 2]},
								"down": {"uv": [55, 84], "uv_size": [3, -2]}
							}
						},
						{
							"origin": [-0.33185, 1.03685, 6.30854],
							"size": [0.66371, 0.2041, 0.48474],
							"pivot": [0, 1.1389, 6.54478],
							"rotation": [55, 0, 0],
							"uv": {
								"east": {"uv": [34, 86], "uv_size": [2, 1]},
								"west": {"uv": [41, 86], "uv_size": [2, 1]},
								"up": {"uv": [82, 55], "uv_size": [3, 2]},
								"down": {"uv": [82, 60], "uv_size": [3, -2]}
							}
						},
						{
							"origin": [-1.54946, -1.03885, 0.23372],
							"size": [3.09892, 0.50162, 8.33699],
							"uv": {
								"north": {"uv": [61, 27], "uv_size": [12, 2]},
								"east": {"uv": [50, 30], "uv_size": [33, 2]},
								"south": {"uv": [63, 50], "uv_size": [12, 2]},
								"west": {"uv": [48, 56], "uv_size": [33, 2]}
							}
						},
						{
							"origin": [-1.10813, -1.48017, 0.23372],
							"size": [2.21627, 0.50163, 8.33699],
							"uv": {
								"north": {"uv": [63, 53], "uv_size": [9, 2]},
								"south": {"uv": [71, 18], "uv_size": [9, 2]},
								"down": {"uv": [0, 33], "uv_size": [9, -33]}
							}
						},
						{
							"origin": [-0.18938, -2.21517, 1.15247],
							"size": [0.37877, 0.74662, 7.41824],
							"uv": {
								"north": {"uv": [32, 82], "uv_size": [2, 3]},
								"east": {"uv": [48, 42], "uv_size": [30, 3]},
								"west": {"uv": [48, 46], "uv_size": [30, 3]}
							}
						},
						{
							"origin": [-0.25063, -2.04367, 1.26272],
							"size": [0.50127, 0.40425, 0.40425],
							"pivot": [0, -1.88442, 1.48322],
							"rotation": [-45, 0, 0],
							"uv": {
								"north": {"uv": [38, 85], "uv_size": [2, 2]},
								"east": {"uv": [60, 85], "uv_size": [2, 2]},
								"south": {"uv": [63, 85], "uv_size": [2, 2]},
								"west": {"uv": [71, 85], "uv_size": [2, 2]},
								"up": {"uv": [85, 71], "uv_size": [2, 2]},
								"down": {"uv": [74, 87], "uv_size": [2, -2]}
							}
						},
						{
							"origin": [-0.75063, -2.73117, 6.82522],
							"size": [1.50127, 0.40425, 0.40425],
							"pivot": [0, -2.57192, 7.04572],
							"rotation": [-45, 0, 0],
							"uv": {
								"north": {"uv": [38, 85], "uv_size": [2, 2]},
								"east": {"uv": [60, 85], "uv_size": [2, 2]},
								"south": {"uv": [63, 85], "uv_size": [2, 2]},
								"west": {"uv": [71, 85], "uv_size": [2, 2]},
								"up": {"uv": [85, 71], "uv_size": [2, 2]},
								"down": {"uv": [74, 87], "uv_size": [2, -2]}
							}
						},
						{
							"origin": [-0.18938, -3.34154, 5.14597],
							"size": [0.37877, 1.12637, 3.42474],
							"uv": {
								"north": {"uv": [68, 77], "uv_size": [2, 5]},
								"east": {"uv": [20, 50], "uv_size": [14, 5]},
								"south": {"uv": [48, 78], "uv_size": [2, 5]},
								"west": {"uv": [48, 50], "uv_size": [14, 5]},
								"up": {"uv": [61, 12], "uv_size": [2, 14]},
								"down": {"uv": [64, 26], "uv_size": [2, -14]}
							}
						},
						{
							"origin": [-0.43438, -2.23904, 5.63597],
							"size": [0.86877, 0.14637, 2.93474],
							"uv": {
								"east": {"uv": [75, 24], "uv_size": [12, 1]},
								"west": {"uv": [76, 50], "uv_size": [12, 1]},
								"up": {"uv": [14, 60], "uv_size": [3, 12]},
								"down": {"uv": [60, 71], "uv_size": [3, -12]}
							}
						},
						{
							"origin": [-0.43438, -3.44275, 5.89191],
							"size": [0.86877, 0.14637, 0.48474],
							"pivot": [0, -3.36956, 4.90928],
							"rotation": [57.5, 0, 0],
							"uv": {
								"east": {"uv": [44, 86], "uv_size": [2, 1]},
								"west": {"uv": [86, 55], "uv_size": [2, 1]},
								"up": {"uv": [59, 82], "uv_size": [3, 2]},
								"down": {"uv": [82, 63], "uv_size": [3, -2]}
							}
						},
						{
							"origin": [-0.61813, -4.6194, 5.1937],
							"size": [1.23627, 2.16408, 0.47976],
							"pivot": [0, -3.53559, 5.53407],
							"rotation": [-5, 0, 0],
							"uv": {
								"north": {"uv": [8, 60], "uv_size": [5, 9]},
								"east": {"uv": [10, 70], "uv_size": [2, 9]},
								"west": {"uv": [72, 59], "uv_size": [2, 9]},
								"up": {"uv": [79, 44], "uv_size": [5, 2]}
							}
						},
						{
							"origin": [-0.625, -5.08, 5.36562],
							"size": [1.25, 2.21662, 2.94699],
							"pivot": [0, -3.97168, 6.83911],
							"rotation": [-17.5, 0, 0],
							"uv": {
								"east": {"uv": [20, 24], "uv_size": [12, 9]},
								"west": {"uv": [33, 24], "uv_size": [12, 9]},
								"up": {"uv": [20, 56], "uv_size": [5, 12]},
								"down": {"uv": [26, 68], "uv_size": [5, -12]}
							}
						},
						{
							"origin": [-0.74063, -2.46017, 1.64247],
							"size": [1.48127, 0.25662, 3.49824],
							"uv": {
								"north": {"uv": [82, 64], "uv_size": [6, 1]},
								"east": {"uv": [72, 39], "uv_size": [14, 1]},
								"south": {"uv": [82, 66], "uv_size": [6, 1]},
								"west": {"uv": [73, 53], "uv_size": [14, 1]},
								"up": {"uv": [50, 0], "uv_size": [6, 14]},
								"down": {"uv": [50, 29], "uv_size": [6, -14]}
							}
						},
						{
							"origin": [-0.4369, -2.21517, 1.88747],
							"size": [0.87378, 0.44037, 2.02824],
							"uv": {
								"east": {"uv": [72, 33], "uv_size": [8, 2]},
								"west": {"uv": [72, 36], "uv_size": [8, 2]},
								"up": {"uv": [48, 69], "uv_size": [3, 8]}
							}
						},
						{
							"origin": [-0.29963, -2.21517, 2.34072],
							"size": [0.59927, 0.93037, 0.5635],
							"pivot": [0, -1.99498, 2.62247],
							"rotation": [0, -45, 0],
							"uv": {
								"north": {"uv": [39, 80], "uv_size": [2, 4]},
								"east": {"uv": [71, 80], "uv_size": [2, 4]},
								"south": {"uv": [74, 80], "uv_size": [2, 4]},
								"west": {"uv": [77, 80], "uv_size": [2, 4]},
								"up": {"uv": [77, 85], "uv_size": [2, 2]},
								"down": {"uv": [80, 87], "uv_size": [2, -2]}
							}
						},
						{
							"origin": [-0.21388, -2.82767, 2.42647],
							"size": [0.42777, 0.93038, 0.392],
							"pivot": [0, -2.60748, 2.62247],
							"rotation": [0, -45, 0],
							"uv": {
								"north": {"uv": [80, 80], "uv_size": [2, 4]},
								"east": {"uv": [0, 81], "uv_size": [2, 4]},
								"south": {"uv": [3, 81], "uv_size": [2, 4]},
								"west": {"uv": [81, 33], "uv_size": [2, 4]},
								"down": {"uv": [83, 87], "uv_size": [2, -2]}
							}
						},
						{
							"origin": [-0.43438, -2.40495, 3.84401],
							"size": [0.86877, 0.41587, 1.26874],
							"pivot": [0, -2.20926, 4.85813],
							"rotation": [-12.5, 0, 0],
							"uv": {
								"east": {"uv": [79, 47], "uv_size": [5, 2]},
								"south": {"uv": [63, 82], "uv_size": [3, 2]},
								"west": {"uv": [79, 71], "uv_size": [5, 2]},
								"up": {"uv": [13, 73], "uv_size": [3, 5]}
							}
						},
						{
							"origin": [-0.43438, -2.57324, 1.751],
							"size": [0.86877, 0.46487, 0.16624],
							"pivot": [0, -2.32855, 2.76512],
							"rotation": [-20, 0, 0],
							"uv": {
								"north": {"uv": [82, 76], "uv_size": [3, 2]},
								"east": {"uv": [8, 76], "uv_size": [1, 2]},
								"west": {"uv": [6, 81], "uv_size": [1, 2]}
							}
						},
						{
							"origin": [1.13371, -0.47594, 0.23372],
							"size": [0.64891, 0.62412, 8.33699],
							"pivot": [0.23317, -0.16388, 4.15721],
							"rotation": [0, 0, 45],
							"uv": {
								"north": {"uv": [83, 12], "uv_size": [3, 2]},
								"east": {"uv": [57, 0], "uv_size": [33, 2]},
								"south": {"uv": [23, 83], "uv_size": [3, 2]},
								"west": {"uv": [57, 3], "uv_size": [33, 2]},
								"up": {"uv": [36, 42], "uv_size": [3, 33]},
								"down": {"uv": [40, 75], "uv_size": [3, -33]}
							}
						},
						{
							"origin": [-1.42383, -1.34214, 0.23372],
							"size": [0.64891, 0.62412, 8.33699],
							"pivot": [-1.09937, -1.03008, 4.15721],
							"rotation": [0, 0, -45],
							"uv": {
								"north": {"uv": [67, 83], "uv_size": [3, 2]},
								"east": {"uv": [57, 6], "uv_size": [33, 2]},
								"south": {"uv": [83, 79], "uv_size": [3, 2]},
								"west": {"uv": [57, 9], "uv_size": [33, 2]},
								"up": {"uv": [44, 42], "uv_size": [3, 33]},
								"down": {"uv": [46, 33], "uv_size": [3, -33]}
							}
						},
						{
							"origin": [-1.01649, 0.03492, -0.25628],
							"size": [1.03121, 0.8166, 8.82699],
							"pivot": [-0.50089, 0.19822, 4.15721],
							"rotation": [0, 0, 50],
							"uv": {
								"north": {"uv": [39, 76], "uv_size": [4, 3]},
								"east": {"uv": [36, 34], "uv_size": [35, 3]},
								"south": {"uv": [72, 76], "uv_size": [4, 3]},
								"down": {"uv": [10, 59], "uv_size": [4, -35]}
							}
						},
						{
							"origin": [-1.23063, -0.89897, 0.23372],
							"size": [1.03121, 1.1841, 8.33699],
							"pivot": [-0.71503, -0.12317, 4.15721],
							"rotation": [0, 0, 30],
							"uv": {
								"north": {"uv": [0, 70], "uv_size": [4, 5]},
								"east": {"uv": [10, 0], "uv_size": [33, 5]},
								"south": {"uv": [5, 70], "uv_size": [4, 5]},
								"west": {"uv": [10, 6], "uv_size": [33, 5]}
							}
						},
						{
							"origin": [-0.50057, -0.89897, 0.23372],
							"size": [1.73121, 1.1841, 8.33699],
							"pivot": [0.71503, -0.12317, 4.15721],
							"rotation": [0, 0, -30],
							"uv": {
								"north": {"uv": [71, 12], "uv_size": [4, 5]},
								"east": {"uv": [10, 12], "uv_size": [33, 5]},
								"south": {"uv": [30, 72], "uv_size": [4, 5]},
								"west": {"uv": [10, 18], "uv_size": [33, 5]}
							}
						},
						{
							"origin": [0.44443, -0.04367, -0.26009],
							"size": [0.78621, 0.3288, 0.49381],
							"pivot": [0.71503, -0.12317, 3.66721],
							"rotation": [0, 0, -30],
							"uv": {
								"north": {"uv": [57, 28], "uv_size": [3, 1]},
								"east": {"uv": [86, 57], "uv_size": [2, 1]},
								"south": {"uv": [0, 86], "uv_size": [3, 1]},
								"west": {"uv": [86, 59], "uv_size": [2, 1]},
								"up": {"uv": [83, 82], "uv_size": [3, 2]},
								"down": {"uv": [84, 28], "uv_size": [3, -2]}
							}
						},
						{
							"origin": [-1.23063, -0.04366, -0.26009],
							"size": [0.78621, 0.3288, 0.49381],
							"pivot": [-0.71503, -0.12317, 3.66721],
							"rotation": [0, 0, 30],
							"uv": {
								"north": {"uv": [14, 86], "uv_size": [3, 1]},
								"east": {"uv": [86, 61], "uv_size": [2, 1]},
								"south": {"uv": [18, 86], "uv_size": [3, 1]},
								"west": {"uv": [66, 86], "uv_size": [2, 1]},
								"up": {"uv": [84, 29], "uv_size": [3, 2]},
								"down": {"uv": [84, 34], "uv_size": [3, -2]}
							}
						},
						{
							"origin": [-1.32141, -0.7608, -0.04302],
							"size": [0.775, 0.98761, 0.4454],
							"pivot": [-0.93952, -0.26699, 0.17968],
							"rotation": [30, 0, 30],
							"uv": {
								"north": {"uv": [44, 76], "uv_size": [3, 4]},
								"east": {"uv": [35, 81], "uv_size": [2, 4]},
								"south": {"uv": [52, 77], "uv_size": [3, 4]},
								"west": {"uv": [42, 81], "uv_size": [2, 4]},
								"up": {"uv": [84, 35], "uv_size": [3, 2]},
								"down": {"uv": [84, 70], "uv_size": [3, -2]}
							}
						},
						{
							"origin": [0.56433, -0.82766, -0.04302],
							"size": [0.775, 0.98762, 0.4454],
							"pivot": [0.82372, -0.33385, 0.17968],
							"rotation": [30, 0, -30],
							"uv": {
								"north": {"uv": [56, 77], "uv_size": [3, 4]},
								"east": {"uv": [45, 81], "uv_size": [2, 4]},
								"south": {"uv": [64, 77], "uv_size": [3, 4]},
								"west": {"uv": [11, 82], "uv_size": [2, 4]},
								"up": {"uv": [6, 85], "uv_size": [3, 2]},
								"down": {"uv": [85, 21], "uv_size": [3, -2]}
							}
						},
						{
							"origin": [-0.01472, 0.03492, -0.25628],
							"size": [1.03121, 0.8166, 8.82699],
							"pivot": [0.50089, 0.19822, 4.15721],
							"rotation": [0, 0, -50],
							"uv": {
								"north": {"uv": [77, 76], "uv_size": [4, 3]},
								"south": {"uv": [30, 78], "uv_size": [4, 3]},
								"west": {"uv": [36, 38], "uv_size": [35, 3]},
								"down": {"uv": [15, 59], "uv_size": [4, -35]}
							}
						}
					]
				},
				{
					"name": "bone147",
					"parent": "stock",
					"pivot": [0, -2.54089, 7.07884],
					"cubes": [
						{
							"origin": [-0.69339, -2.958, 6.83803],
							"size": [1.38679, 0.83421, 0.48163],
							"uv": {
								"east": {"uv": [81, 26], "uv_size": [2, 3]},
								"west": {"uv": [14, 82], "uv_size": [2, 3]},
								"up": {"uv": [72, 73], "uv_size": [6, 2]},
								"down": {"uv": [74, 28], "uv_size": [6, -2]}
							}
						},
						{
							"origin": [-0.69339, -2.9807, 6.87734],
							"size": [1.38679, 0.83421, 0.48163],
							"pivot": [0, -2.51819, 7.11816],
							"rotation": [-60, 0, 0],
							"uv": {
								"east": {"uv": [17, 82], "uv_size": [2, 3]},
								"west": {"uv": [82, 19], "uv_size": [2, 3]},
								"up": {"uv": [75, 21], "uv_size": [6, 2]},
								"down": {"uv": [75, 61], "uv_size": [6, -2]}
							}
						},
						{
							"origin": [-0.69339, -2.9807, 6.79871],
							"size": [1.38679, 0.83421, 0.48163],
							"pivot": [0, -2.51819, 7.03952],
							"rotation": [60, 0, 0],
							"uv": {
								"east": {"uv": [20, 82], "uv_size": [2, 3]},
								"west": {"uv": [29, 82], "uv_size": [2, 3]},
								"up": {"uv": [75, 62], "uv_size": [6, 2]},
								"down": {"uv": [75, 67], "uv_size": [6, -2]}
							}
						}
					]
				}
			]
		}
	]
}