{
  "script": "suffuse:m1895",
  "ammo": "tacz:45_70",
  "ammo_amount": 5,
  "extended_mag_ammo_amount": [
    6,
    8,
    10
  ],
  "bolt": "manual_action",
  "rpm": 300,
  "bullet": {
    "life": 1.1,
    "bullet_amount": 1,
    "damage": 35,
    "tracer_count_interval": 0,
    "extra_damage": {
      "armor_ignore": 0.75,
      "head_shot_multiplier": 2.5,
      "damage_adjust": [
        {"distance": 30, "damage": 35},
        {"distance": 75, "damage": 29},
        {"distance": "infinite", "damage": 22}
      ]
    },
    "speed": 425,
    "gravity": 0.058,
    "knockback": 0,
    "friction": 0.03,
    "sprint_time": 0.1, // 冲刺准备时间（秒）
    "ignite": false,
    "pierce": 5
  },
  "reload": {
    "type": "magazine",
    "feed": {
      "empty": 4.65,
      "tactical": 3.47
    },
    "cooldown": {
      "empty": 4.96,
      "tactical": 4
    }
  },
  "draw_time": 0.5,
  "put_away_time": 0.45,
  "aim_time": 0.27,
  "bolt_action_time": 0.5,
  "weight": 2.9,
  "script_param": {
    "bolt_time": 0.98,
    "bolt_feed_time": 0.42,
    "intro": 0.53,
    "loop": 0.73,
    "ending": 1.16,
    "ending_empty": 1.78,
    "ending_empty_feed": 1.08,
    "loop_feed": 0.42
  },
  "fire_mode": [
    "semi"
  ],
  "recoil": {
    "pitch": [
      {"time": 0, "value": [2.2, 2.2]},
      {"time": 0.32, "value": [2.2, 2.2]},
      {"time": 0.57, "value": [-0.5, -0.5]},
      {"time": 0.82, "value": [0.25, 0.25]},
      {"time": 1.17, "value": [0, 0]},
      {"time": 1.47, "value": [0, 0]}
    ],
    "yaw": [
      {"time": 0, "value": [-0.6, -0.5]},
      {"time": 0.32, "value": [-0.6, -0.5]},
      {"time": 0.57, "value": [0, 0]}
    ]
  },
  "melee": {
    "distance": 1,
    "cooldown": 0.7,
    // 默认近战数据，会被配件的数据替换掉
    "default": {
      // 动画类型：没有枪托的为 melee_push，有枪托的为 melee_stock
      "animation_type": "melee_push",
      // 刺刀距离参数，枪械里还有个刺刀攻击距离参数，两者做加和
      "distance": 1,
      // 刺刀范围角度
      "range_angle": 40,
      // 刺刀冷却时间，枪械里还有个刺刀冷却时间参数，两者做加和
      "cooldown": 0,
      // 伤害值
      "damage": 1,
      // 击退效果
      "knockback": 0.5,
      // 前摇时长，单位：秒
      "prep": 0.32
    }
  },
  "inaccuracy": {
    "stand": 8.5,
    "move": 11,
    "sneak": 6.5,
    "lie": 4.5,
    "aim": 0.05
  },
  "allow_attachment_types": [
    "scope",
    "muzzle"
  ],
  "builtin_attachments": {
   // "scope": "tacz:scope_lpvo_1_6"
  }
}