{
  "materials": [
    {
      "item": {
        "tag": "c:ingots/iron"
      },
      "count": 18
    },
    {
      "item": {
        "tag": "c:gems/amethyst"
      },
      "count": 5
    },
    {
      "item": {
        "tag": "c:dusts/glowstone"
      },
      "count": 10
    },
    {
      "item": {
        "tag": "c:dusts/redstone"
      },
      "count": 10
    }
  ],
  "result": {
    "type": "attachment",
    "id": "suffuse:scope_sig_tango_msr_1_6"
  },
  "type": "tacz:gun_smith_table_crafting"
}