{
	"format_version": "1.12.0",
	"minecraft:geometry": [
		{
			"description": {
				"identifier": "geometry.unknown",
				"texture_width": 512,
				"texture_height": 512,
				"visible_bounds_width": 2,
				"visible_bounds_height": 1.5,
				"visible_bounds_offset": [0, 0.25, 0]
			},
			"bones": [
				{
					"name": "bullet",
					"pivot": [-0.20719, 0.14624, -0.13369],
					"cubes": [
						{
							"origin": [-0.50933, -0.93715, -2.36027],
							"size": [0.85457, 2.06311, 4.45329],
							"pivot": [-0.08205, 0.27139, 13.46685],
							"rotation": [0, 0, 45],
							"uv": {
								"north": {"uv": [123, 327], "uv_size": [3, 8]},
								"east": {"uv": [241, 240], "uv_size": [17, 8]},
								"south": {"uv": [127, 327], "uv_size": [3, 8]},
								"west": {"uv": [242, 0], "uv_size": [17, 8]},
								"up": {"uv": [189, 295], "uv_size": [3, 17]},
								"down": {"uv": [91, 313], "uv_size": [3, -17]}
							}
						},
						{
							"origin": [-0.45749, -1.0623, -2.36027],
							"size": [0.85457, 2.06311, 4.45252],
							"pivot": [-0.03021, 0.14624, 13.46685],
							"rotation": [0, 0, 90],
							"uv": {
								"north": {"uv": [131, 327], "uv_size": [3, 8]},
								"east": {"uv": [242, 9], "uv_size": [17, 8]},
								"south": {"uv": [326, 327], "uv_size": [3, 8]},
								"west": {"uv": [242, 18], "uv_size": [17, 8]},
								"up": {"uv": [95, 296], "uv_size": [3, 17]},
								"down": {"uv": [297, 189], "uv_size": [3, -17]}
							}
						},
						{
							"origin": [-0.75963, -0.93715, -2.36027],
							"size": [0.85457, 2.06311, 4.45429],
							"pivot": [-0.33234, 0.27139, 13.46685],
							"rotation": [0, 0, -45],
							"uv": {
								"north": {"uv": [232, 328], "uv_size": [3, 8]},
								"east": {"uv": [242, 27], "uv_size": [17, 8]},
								"south": {"uv": [0, 329], "uv_size": [3, 8]},
								"west": {"uv": [242, 36], "uv_size": [17, 8]},
								"up": {"uv": [212, 297], "uv_size": [3, 17]},
								"down": {"uv": [251, 314], "uv_size": [3, -17]}
							}
						},
						{
							"origin": [-0.63448, -0.88531, -2.36027],
							"size": [0.85457, 2.06311, 4.45252],
							"uv": {
								"north": {"uv": [11, 329], "uv_size": [3, 8]},
								"east": {"uv": [242, 45], "uv_size": [17, 8]},
								"south": {"uv": [15, 329], "uv_size": [3, 8]},
								"west": {"uv": [242, 136], "uv_size": [17, 8]},
								"up": {"uv": [297, 254], "uv_size": [3, 17]},
								"down": {"uv": [297, 289], "uv_size": [3, -17]}
							}
						}
					]
				},
				{
					"name": "bone3",
					"parent": "bullet",
					"pivot": [-9.73532, 29.20345, -16.33088],
					"cubes": [
						{
							"origin": [-0.53048, -1.01299, 2.22194],
							"size": [0.91439, 2.20753, 0.27806],
							"pivot": [-0.07329, 0.28015, 14.69647],
							"rotation": [0, 0, 45],
							"uv": {
								"north": {"uv": [195, 329], "uv_size": [3, 8]},
								"east": {"uv": [267, 98], "uv_size": [1, 8]},
								"south": {"uv": [215, 329], "uv_size": [3, 8]},
								"west": {"uv": [81, 291], "uv_size": [1, 8]},
								"up": {"uv": [370, 143], "uv_size": [3, 1]},
								"down": {"uv": [370, 146], "uv_size": [3, -1]}
							}
						},
						{
							"origin": [-0.47501, -1.1469, 2.22194],
							"size": [0.91439, 2.20753, 0.27724],
							"pivot": [-0.01782, 0.14624, 14.69647],
							"rotation": [0, 0, 90],
							"uv": {
								"north": {"uv": [241, 329], "uv_size": [3, 8]},
								"east": {"uv": [99, 296], "uv_size": [1, 8]},
								"south": {"uv": [264, 329], "uv_size": [3, 8]},
								"west": {"uv": [221, 313], "uv_size": [1, 8]},
								"up": {"uv": [370, 147], "uv_size": [3, 1]},
								"down": {"uv": [370, 150], "uv_size": [3, -1]}
							}
						},
						{
							"origin": [-0.7983, -1.01299, 2.22194],
							"size": [0.91439, 2.20753, 0.27913],
							"pivot": [-0.3411, 0.28015, 14.69647],
							"rotation": [0, 0, -45],
							"uv": {
								"north": {"uv": [329, 306], "uv_size": [3, 8]},
								"east": {"uv": [42, 315], "uv_size": [1, 8]},
								"south": {"uv": [311, 329], "uv_size": [3, 8]},
								"west": {"uv": [29, 356], "uv_size": [1, 8]},
								"up": {"uv": [169, 370], "uv_size": [3, 1]},
								"down": {"uv": [370, 172], "uv_size": [3, -1]}
							}
						},
						{
							"origin": [-0.66439, -0.95752, 2.22194],
							"size": [0.91439, 2.20753, 0.27724],
							"uv": {
								"north": {"uv": [19, 330], "uv_size": [3, 8]},
								"east": {"uv": [217, 356], "uv_size": [1, 8]},
								"south": {"uv": [23, 330], "uv_size": [3, 8]},
								"west": {"uv": [294, 356], "uv_size": [1, 8]},
								"up": {"uv": [173, 370], "uv_size": [3, 1]},
								"down": {"uv": [370, 174], "uv_size": [3, -1]}
							}
						},
						{
							"origin": [-0.8629, -0.5605, 2.02343],
							"size": [1.31141, 1.41349, 0.27724],
							"pivot": [-0.20719, 0.14624, 2.16205],
							"rotation": [0, 0, 45],
							"uv": {
								"north": {"uv": [31, 324], "uv_size": [5, 5]},
								"east": {"uv": [161, 363], "uv_size": [1, 5]},
								"south": {"uv": [37, 324], "uv_size": [5, 5]},
								"west": {"uv": [243, 363], "uv_size": [1, 5]},
								"up": {"uv": [363, 345], "uv_size": [5, 1]},
								"down": {"uv": [363, 348], "uv_size": [5, -1]}
							}
						},
						{
							"origin": [-0.53205, -0.09732, 2.28811],
							"size": [0.64971, 0.61946, 0.25077],
							"pivot": [-0.20719, 0.14624, 2.16205],
							"rotation": [0, 0, 45],
							"uv": {
								"north": {"uv": [286, 366], "uv_size": [2, 2]},
								"east": {"uv": [147, 372], "uv_size": [1, 2]},
								"south": {"uv": [366, 313], "uv_size": [2, 2]},
								"west": {"uv": [372, 221], "uv_size": [1, 2]},
								"up": {"uv": [372, 224], "uv_size": [2, 1]},
								"down": {"uv": [231, 373], "uv_size": [2, -1]}
							}
						}
					]
				}
			]
		}
	]
}