{
  "model": "suffuse:gun/pkp_geo",
  "texture": "suffuse:gun/uv/pkp",
  "hud": "suffuse:gun/hud/pkp_hud",
  "slot": "suffuse:gun/slot/pkp",
  "animation": "suffuse:pkp",
  "use_default_animation": "rifle",
  "third_person_animation": "pistol",
  "state_machine": "suffuse:pkp_state_machine",
  "transform": {
    "scale": {
      "thirdperson": [0.6, 0.6, 0.6],
      "ground": [0.6, 0.6, 0.6],
      "fixed": [1.2, 1.2, 1.2]
    }
  },
  "muzzle_flash": {
    "texture": "tacz:flash/common_muzzle_flash",
    "scale": 0.75
  },
  "sounds": {
    "shoot": "tacz:rpk/rpk_shoot",
    "shoot_3p": "suffuse:pkp/pkp_fire",
    "reload_empty": "suffuse:pkp/pkp_reload_empty",
    "reload_tactical": "suffuse:pkp/pkp_reload_tactical",
    "inspect": "suffuse:pkp/pkp_inspect",
    "inspect_empty": "suffuse:pkp/pkp_inspect",
    "draw": "suffuse:pkp/pkp_darw",
    "put_away": "tacz:m249/m249_put_away",
    "silence": "tacz:m249/m249_silence_3p",
    "flesh_hit": "suffuse:hitsounds/hit_indication",
    "head_hit": "suffuse:hitsounds/hit_marker",
    "kill": "suffuse:hitsounds/killsound",
    "silence_3p": "tacz:m249/m249_silence_3p"
  },
  "offhand_show": {
    "pos": [0, 18, 5],
    "rotate": [-20, 0, 30],
    "scale": [0.5, 0.5, 0.5]
  },
      "shell": {
        "initial_velocity": [5, -1, 1],
        "random_velocity": [1, 0, 0.25],
        "acceleration": [0.0, 2, 0.0],
        "angular_velocity": [-360, -800, -90],
        "living_time": 1.0
    },
  "hotbar_show": {
    "0": {
      "pos": [-4, 24, 4],
      "rotate": [-90, -5, -90],
      "scale": [0.5, 0.5, 0.5]
    }
  }
}