{
  "model": "suffuse:gun/tti2011_geo",
  "texture": "suffuse:gun/uv/tti2011",
  "hud": "suffuse:gun/hud/tti2011_hud",
  "slot": "suffuse:gun/slot/tti2011",
  "animation": "suffuse:tti2011",
  "use_default_animation": "pistol",
  "player_animator_3rd": "tacz:pistol_default.player_animation",
  "transform": {
    "scale": {
      "thirdperson": [0.6, 0.6, 0.6],
      "ground": [0.6, 0.6, 0.6],
      "fixed": [1.2, 1.2, 1.2]
    }
  },
  "shell": {
    "initial_velocity": [8.0, 5.0, -0.5],
    "random_velocity": [2.5, 1.5, 0.25],
    "acceleration": [0.0, -20, 0.0],
    "angular_velocity": [-720, -720, 90],
    "living_time": 1.0
  },
  "muzzle_flash": {
    "texture": "tacz:flash/common_muzzle_flash",
    "scale": 0.4
  },
  "sounds": {
    "reload_empty": "suffuse:tti2011/tti2011_reload_empty",
    "reload_tactical": "suffuse:tti2011/tti2011_reload_tactical",
    "inspect": "suffuse:viper2011/viper2011_inspect",
    "inspect_empty": "suffuse:viper2011/viper2011_inspect_empty",
    "draw": "suffuse:tti2011/tti2011_draw",
    "shoot": "suffuse:viper2011/viper2011_shoot",
    "shoot_3p": "suffuse:viper2011/viper2011_shoot",
    "silence": "tacz:glock_17/glock17_silence",
    "flesh_hit": "suffuse:hitsounds/hit_indication",
    "head_hit": "suffuse:hitsounds/hit_marker",
    "kill": "suffuse:hitsounds/killsound",
    "silence_3p": "tacz:glock_17/glock17_silence_3p"
  },
  "offhand_show": {
    "pos": [4, 13, -1],
    "rotate": [-90, -35, 90],
    "scale": [0.5, 0.5, 0.5]
  },
  "hotbar_show": {
    "0": {
      "pos": [-5, 13, -1],
      "rotate": [-90, -35, 90],
      "scale": [0.5, 0.5, 0.5]
    }
  }
}