{
  "model": "suffuse:gun/usp45_geo",
  "texture": "suffuse:gun/uv/usp45_black",
  "lod": {
    "model": "suffuse:gun/lod/usp45",
    "texture": "suffuse:gun/lod/usp45"
  },
  "hud": "suffuse:gun/hud/usp45",
  "slot": "suffuse:gun/slot/usp45_black",
  "animation": "suffuse:usp45",
  "use_default_animation": "pistol",
  "player_animator_3rd": "tacz:pistol_default.player_animation",
  "transform": {
    "scale": {
      "thirdperson": [0.6, 0.6, 0.6],
      "ground": [0.6, 0.6, 0.6],
      "fixed": [1.2, 1.2, 1.2]
    }
  },
  "shell": {
    "initial_velocity": [5.0, 3.0, 1],
    "random_velocity": [2.5, 2, 0.25],
    "acceleration": [0.0, -20, 0.0],
    "angular_velocity": [360, -960, 90],
    "living_time": 1.0
  },
  "muzzle_flash": {
    "texture": "tacz:flash/common_muzzle_flash",
    "scale": 0.65
  },
  "iron_zoom": 1.5,
  "sounds": {
    "draw": "tacz:deagle/deagle_draw",
    "reload_tactical": "suffuse:usp45/usp45_reload_tactical",
    "reload_empty": "suffuse:usp45/usp45_reload_empty",
    "inspect": "suffuse:usp45/usp45_inspect",
    "inspect_empty": "suffuse:usp45/usp45_inspect_empty",
    "put_away": "tacz:deagle/deagle_put_away",
    "shoot": "suffuse:usp45/usp45_shoot",
    "shoot_3p": "suffuse:usp45/usp45_shoot_3p",
    "silence": "suffuse:usp45/usp45_shoot_silence",
    "silence_3p": "suffuse:usp45/usp45_silence_3p",
    "flesh_hit": "suffuse:hitsounds/hit_indication",
    "head_hit": "suffuse:hitsounds/hit_marker",
    "kill": "suffuse:hitsounds/killsound",
    "silence_3p": "tacz:glock_17/glock17_silence_3p"
  },
  "offhand_show": {
    "pos": [4, 13, -10],
    "rotate": [-90, -35, 90],
    "scale": [0.5, 0.5, 0.5]
  },
  "hotbar_show": {
    "0": {
      "pos": [-5, 13, -1],
      "rotate": [-90, -35, 90],
      "scale": [0.5, 0.5, 0.5]
    }
  }
}