{
  "materials": [
    {
      "item": {
        "tag": "c:ingots/iron"
      },
      "count": 80
    },
    {
      "item": {
        "tag": "c:gunpowders"
      },
      "count": 20
    },
    {
      "item": {
        "tag": "minecraft:logs"
      },
      "count": 3
    },
    {
      "item": {
        "tag": "c:ingots/copper"
      },
      "count": 20
    },
    {
      "item": {
        "tag": "c:ingots/netherite"
      },
      "count": 5
    }
  ],
  "result": {
    "type": "gun",
    "id": "suffuse:ags30"
  },
  "type": "tacz:gun_smith_table_crafting"
}