{
  "materials": [
    {
      "item": {
        "tag": "c:rods/blaze"
      },
      "count": 3
    },
    {
      "item": {
        "tag": "c:gems/diamond"
      },
      "count": 6
    },
    {
      "item": {
        "tag": "c:ingots/gold"
      },
      "count": 20
    },
    {
      "item": {
        "tag": "c:ingots/iron"
      },
      "count": 130
    },
    {
      "item": {
        "tag": "c:gems/quartz"
      },
      "count": 10
    }
  ],
  "result": {
    "type": "gun",
    "id": "suffuse:pkp"
  },
  "type": "tacz:gun_smith_table_crafting"
}