{
  "materials": [
    {
      "item": {
        "tag": "c:ingots/netherite"
      },
      "count": 3
    },
    {
      "item": {
        "tag": "c:gems/diamond"
      },
      "count": 10
    },
    {
      "item": {
        "tag": "c:ingots/gold"
      },
      "count": 60
    },
    {
      "item": {
        "tag": "c:ingots/iron"
      },
      "count": 260
    },
    {
      "item": {
        "tag": "c:gems/quartz"
      },
      "count": 5
    }
  ],
  "result": {
    "type": "gun",
    "id": "suffuse:qlu11"
  },
  "type": "tacz:gun_smith_table_crafting"
}