{
  "materials": [
    {
      "item": {
        "tag": "c:ingots/gold"
      },
      "count": 1
    },
    {
      "item": {
        "tag": "c:ingots/iron"
      },
      "count": 32
    },
    {
      "item": {
        "tag": "c:gems/quartz"
      },
      "count": 2
    },
    {
      "item": {
        "tag": "minecraft:sand"
      },
      "count": 4
    },
    {
      "item": {
        "tag": "c:dusts/redstone"
      },
      "count": 1
    }
  ],
  "result": {
    "type": "gun",
    "id": "suffuse:viper2011"
  },
  "type": "tacz:gun_smith_table_crafting"
}