{
  "model": "suffuse:gun/mpdr_geo",
  "texture": "suffuse:gun/uv/mpdr",
  "hud": "suffuse:gun/hud/mpdr_hud",
  "slot": "suffuse:gun/slot/mpdr",
  "animation": "suffuse:mpdr",
  "use_default_animation": "rifle",
  "third_person_animation": "default",
  "transform": {
    "scale": {
      "thirdperson": [0.6, 0.6, 0.6],
      "ground": [0.6, 0.6, 0.6],
      "fixed": [1.2, 1.2, 1.2]
    }
  },
  "muzzle_flash": {
    "texture": "tacz:flash/common_muzzle_flash",
    "scale": 0.75
  },
  "shell": {
    "initial_velocity": [5, 2, 1],
    "random_velocity": [1, 1, 0.25],
    "acceleration": [0.0, -10, 0.0],
    "angular_velocity": [360, -1200, 90],
    "living_time": 1.0
  },
  "sounds": {
    "shoot": "suffuse:mpdr/mpdr_fire",
    "shoot_3p": "suffuse:mpdr/mpdr_fire",
    "draw": "tacz:m4a1/m4a1_draw",
    "put_away": "tacz:m4a1/m4a1_put_away",
    "silence": "suffuse:n4/n4_silence",
    "flesh_hit": "suffuse:hitsounds/hit_indication",
    "head_hit": "suffuse:hitsounds/hit_marker",
    "kill": "suffuse:hitsounds/killsound",
    "silence_3p": "suffuse:n4/n4_silence"
  },
  "offhand_show": {
    "pos": [1, 19, 4],
    "rotate": [0, 0, 50],
    "scale": [0.5, 0.5, 0.5]
  },
  "hotbar_show": {
    "0": {
      "pos": [-1, 19, 3],
      "rotate": [-180, 0, 130],
      "scale": [0.5, 0.5, 0.5]
    }
  }
}