{
  "model": "suffuse:gun/np762_geo",
  "texture": "suffuse:gun/uv/np762",
  "hud": "suffuse:gun/hud/np762_hud",
  "slot": "suffuse:gun/slot/np762",
  "animation": "suffuse:np762",
  "use_default_animation": "pistol",
  "player_animator_3rd": "tacz:pistol_default.player_animation",
  "transform": {
    "scale": {
      "thirdperson": [0.7, 0.7, 0.7],
      "ground": [0.7, 0.7, 0.7],
      "fixed": [1.3, 1.3, 1.3]
    }
  },
  "shell": {
    "initial_velocity": [8.0, 5.0, -0.5],
    "random_velocity": [2.5, 1.5, 0.25],
    "acceleration": [0.0, -20, 0.0],
    "angular_velocity": [-720, -720, 90],
    "living_time": 1.0
  },
  "muzzle_flash": {
    "texture": "tacz:flash/common_muzzle_flash",
    "scale": 0.4
  },
  "sounds": {
    "reload_empty": "suffuse:np762/np762_empty",
    "reload_tactical": "suffuse:np762/np762_tactical",
    "inspect": "suffuse:np762/np762_inspect",
    "inspect_empty": "suffuse:np762/np762_inspect_empty",
    "draw": "suffuse:np762/np762_draw",
    "put_away": "suffuse:np762/np762_put_away",
    "shoot": "suffuse:np762/np762_fire",
    "shoot_3p": "suffuse:viper2011/viper2011_shoot",
    "silence": "tacz:glock_17/glock17_silence",
    "flesh_hit": "suffuse:hitsounds/hit_indication",
    "head_hit": "suffuse:hitsounds/hit_marker",
    "kill": "suffuse:hitsounds/killsound",
    "silence_3p": "tacz:glock_17/glock17_silence_3p"
  },
  "offhand_show": {
    "pos": [4.5, 12, -0.5],
    "rotate": [90, 160, 90],
    "scale": [0.5, 0.5, 0.5]
  },
  "hotbar_show": {
    "0": {
      "pos": [4.5, 12, -0.5],
      "rotate": [90, 160, 90],
      "scale": [0.5, 0.5, 0.5]
    }
  }
}